declaration	kind	visibility	owner_module	destination_module	route_class	normalization_decision	in_private_closure	new_private_name
NumStability.Ch15.IsBoydConcreteSourceStrongLocalMaximum.hasActualSecondDerivativeGap	theorem	public	NumStability.Algorithms.HighamChapter15BoydSourceClosure	NumStability.Source.Higham.Chapter15.Section02.Boyd.SourceDomain.StrongLocalMaximum.Convergence	source	approved_owner_block_route	yes	-
NumStability.Ch15.boydConstrainedLagrangianFirst_hasDerivAt	theorem	public	NumStability.Algorithms.HighamChapter15BoydConcreteLemma3	NumStability.Source.Higham.Chapter15.Section02.Boyd.LocalConvergence.ConstrainedLagrangian.Differentiation	source	approved_owner_block_route	yes	-
NumStability.Ch15.boydConstrainedLagrangianFirst_hasDerivAt_rowwise_source_domain	theorem	public	NumStability.Algorithms.HighamChapter15BoydSourceSecondDerivative	NumStability.Source.Higham.Chapter15.Section02.Boyd.SourceDomain.SecondDerivative.Rowwise	source	approved_owner_block_route	yes	-
NumStability.Ch15.boydConstrainedLagrangianLine_hasDerivAt	theorem	public	NumStability.Algorithms.HighamChapter15BoydConcreteLemma3	NumStability.Source.Higham.Chapter15.Section02.Boyd.LocalConvergence.ConstrainedLagrangian.Differentiation	source	approved_owner_block_route	yes	-
NumStability.Ch15.boydConstrainedSecondVariation_is_second_derivative	theorem	public	NumStability.Algorithms.HighamChapter15BoydConcreteLemma3	NumStability.Source.Higham.Chapter15.Section02.Boyd.LocalConvergence.ConstrainedLagrangian.Differentiation	source	approved_owner_block_route	yes	-
NumStability.Ch15.boydConstrainedSecondVariation_is_second_derivative_rowwise_source_domain	theorem	public	NumStability.Algorithms.HighamChapter15BoydSourceSecondDerivative	NumStability.Source.Higham.Chapter15.Section02.Boyd.SourceDomain.SecondDerivative.Rowwise	source	approved_owner_block_route	yes	-
NumStability.Ch15.boydScalar_basis_mem_carrier	theorem	public	NumStability.Algorithms.HighamChapter15BoydScalar	NumStability.Source.Higham.Chapter15.Section02.Boyd.GlobalConvergence.ScalarCase.Iteration	source	approved_owner_block_route	yes	-
NumStability.Ch15.boydScalar_carrier_eq_basis	theorem	public	NumStability.Algorithms.HighamChapter15BoydScalar	NumStability.Source.Higham.Chapter15.Section02.Boyd.GlobalConvergence.ScalarCase.Iteration	source	approved_owner_block_route	yes	-
NumStability.Ch15.boydScalar_xnext_basis_eq	theorem	public	NumStability.Algorithms.HighamChapter15BoydScalar	NumStability.Source.Higham.Chapter15.Section02.Boyd.GlobalConvergence.ScalarCase.Iteration	source	approved_owner_block_route	yes	-
NumStability.Ch15.boydScalar_xnext_basis_nonneg	theorem	public	NumStability.Algorithms.HighamChapter15BoydScalar	NumStability.Source.Higham.Chapter15.Section02.Boyd.GlobalConvergence.ScalarCase.Iteration	source	approved_owner_block_route	yes	-
NumStability.Ch15.boydScalar_xseq_basis_eq	theorem	public	NumStability.Algorithms.HighamChapter15BoydScalar	NumStability.Source.Higham.Chapter15.Section02.Boyd.GlobalConvergence.ScalarCase.Iteration	source	approved_owner_block_route	yes	-
NumStability.Ch15.boydScalar_zof_basis_nonneg	theorem	public	NumStability.Algorithms.HighamChapter15BoydScalar	NumStability.Source.Higham.Chapter15.Section02.Boyd.GlobalConvergence.ScalarCase.Iteration	source	approved_owner_block_route	yes	-
NumStability.Ch15.exists_nonincreasing_step_of_fin_labels	theorem	public	NumStability.Algorithms.NormEstimation.PNorm.Endpoints.ConvergenceStatements	NumStability.Algorithms.NormEstimation.PNorm.OneAndInfinityNorms.Square	reusable	approved_owner_block_route	no	-
NumStability.Ch15.gammaSeq_one_succ_eq_column	theorem	public	NumStability.Algorithms.NormEstimation.PNorm.Endpoints.ConvergenceStatements	NumStability.Algorithms.NormEstimation.PNorm.OneAndInfinityNorms.Square	reusable	approved_owner_block_route	no	-
NumStability.Ch15.higham15_boyd_global_of_nonnegative_irreducibleGram_all_dimensions	theorem	public	NumStability.Algorithms.HighamChapter15BoydScalar	NumStability.Source.Higham.Chapter15.Section02.Boyd.GlobalConvergence.ScalarCase.Iteration	source	approved_owner_block_route	yes	-
NumStability.Ch15.higham15_boyd_global_scalar	theorem	public	NumStability.Algorithms.HighamChapter15BoydScalar	NumStability.Source.Higham.Chapter15.Section02.Boyd.GlobalConvergence.ScalarCase.Iteration	source	approved_owner_block_route	yes	-
NumStability.Ch15.higham15_boyd_source_linear_of_strongLocalMaximum_subsequentialLimit	theorem	public	NumStability.Algorithms.HighamChapter15BoydSourceClosure	NumStability.Source.Higham.Chapter15.Section02.Boyd.SourceDomain.StrongLocalMaximum.Convergence	source	approved_owner_block_route	yes	-
NumStability.Ch15.holder_inf	theorem	public	NumStability.Algorithms.NormEstimation.PNorm.Endpoints.ConvergenceStatements	NumStability.Algorithms.NormEstimation.PNorm.OneAndInfinityNorms.Square	reusable	approved_owner_block_route	no	-
NumStability.Ch15.infRowValue	definition	public	NumStability.Algorithms.NormEstimation.PNorm.Endpoints.ConvergenceStatements	NumStability.Algorithms.NormEstimation.PNorm.OneAndInfinityNorms.Square	reusable	approved_owner_block_route	no	-
NumStability.Ch15.linpackD_isPlusMinusOne	theorem	public	NumStability.Algorithms.Ch15CondEstimators	NumStability.Source.Higham.Chapter15.Algorithm05.LINPACKConditionEstimator.InverseNormBound.TriangularSolve	source	approved_owner_block_route	yes	-
NumStability.Ch15.linpackY_infNorm_le_infNorm_inv	theorem	public	NumStability.Algorithms.Ch15CondEstimators	NumStability.Source.Higham.Chapter15.Algorithm05.LINPACKConditionEstimator.InverseNormBound.TriangularSolve	source	approved_owner_block_route	yes	-
NumStability.Ch15.linpackY_infNorm_le_infNorm_inv_nonsingular	theorem	public	NumStability.Algorithms.Ch15CondEstimators	NumStability.Source.Higham.Chapter15.Algorithm05.LINPACKConditionEstimator.InverseNormBound.TriangularSolve	source	approved_owner_block_route	yes	-
NumStability.Ch15.oneColumnValue	definition	public	NumStability.Algorithms.NormEstimation.PNorm.Endpoints.ConvergenceStatements	NumStability.Algorithms.NormEstimation.PNorm.OneAndInfinityNorms.Square	reusable	approved_owner_block_route	no	-
NumStability.Ch15.pNormPair_inf	definition	public	NumStability.Algorithms.NormEstimation.PNorm.Endpoints.ConvergenceStatements	NumStability.Algorithms.NormEstimation.PNorm.OneAndInfinityNorms.Square	reusable	approved_owner_block_route	no	-
NumStability.Ch15.qNorm_zof_inf_eq_row	theorem	public	NumStability.Algorithms.NormEstimation.PNorm.Endpoints.ConvergenceStatements	NumStability.Algorithms.NormEstimation.PNorm.OneAndInfinityNorms.Square	reusable	approved_owner_block_route	no	-
NumStability.Ch15.rect_general_boyd_concrete_source_local_linear	theorem	public	NumStability.Algorithms.HighamChapter15BoydSourceClosure	NumStability.Source.Higham.Chapter15.Section02.Boyd.SourceDomain.StrongLocalMaximum.Convergence	source	approved_owner_block_route	yes	-
NumStability.Ch15.rect_general_boyd_concrete_source_local_linear_uniform	theorem	public	NumStability.Algorithms.HighamChapter15BoydSourceClosure	NumStability.Source.Higham.Chapter15.Section02.Boyd.SourceDomain.StrongLocalMaximum.Convergence	source	approved_owner_block_route	yes	-
NumStability.Ch15.sign_infNorm_eq_one	theorem	public	NumStability.Algorithms.NormEstimation.PNorm.Endpoints.ConvergenceStatements	NumStability.Algorithms.NormEstimation.PNorm.OneAndInfinityNorms.Square	reusable	approved_owner_block_route	no	-
NumStability.Ch15Closure.H15_Theorem15_7_of_absLU_eq	theorem	public	NumStability.Algorithms.LU.TridiagonalCondCh15Closure	NumStability.Source.Higham.Chapter15.Section06.TridiagonalLUConditionBounds.ExactBounds	source	approved_owner_block_route	yes	-
NumStability.Ch15Closure.H15_Theorem15_8_of_rowDiagDominant	theorem	public	NumStability.Algorithms.LU.TridiagonalCondCh15Closure	NumStability.Source.Higham.Chapter15.Section06.TridiagonalLUConditionBounds.ExactBounds	source	approved_owner_block_route	yes	-
NumStability.Ch15IkebeClosure.H15_Theorem15_9_of_irreducible_rightInverse	theorem	public	NumStability.Algorithms.LU.TridiagonalCondCh15IkebeClosure	NumStability.Source.Higham.Chapter15.Theorem09.Ikebe.IrreducibleRightInverse.RankOneStructure	source	approved_owner_block_route	yes	-
NumStability.Higham15.H15_Algorithm15_4_condEstimate_le_kappaOne	theorem	public	NumStability.Algorithms.Chapter15CondEst	NumStability.Source.Higham.Chapter15.Algorithm04.LAPACKNormEstimator.ConditionEstimate.Bounds	source	approved_owner_block_route	no	-
NumStability.Higham15.H15_Algorithm15_4_exact_ratio_witness	theorem	public	NumStability.Algorithms.Chapter15CondEst	NumStability.Source.Higham.Chapter15.Algorithm04.LAPACKNormEstimator.ConditionEstimate.Bounds	source	approved_owner_block_route	no	-
NumStability.Higham15.H15_Algorithm15_4_lower_bound	theorem	public	NumStability.Algorithms.Chapter15CondEst	NumStability.Source.Higham.Chapter15.Algorithm04.LAPACKNormEstimator.ConditionEstimate.Bounds	source	approved_owner_block_route	no	-
NumStability.Higham15.H15_Algorithm15_4_ratio_witness	theorem	public	NumStability.Algorithms.Chapter15CondEst	NumStability.Source.Higham.Chapter15.Algorithm04.LAPACKNormEstimator.ConditionEstimate.Bounds	source	approved_owner_block_route	no	-
NumStability.Higham15.H15_Algorithm15_4_scaled_le_kappaOne	theorem	public	NumStability.Algorithms.Chapter15CondEst	NumStability.Source.Higham.Chapter15.Algorithm04.LAPACKNormEstimator.ConditionEstimate.Bounds	source	approved_owner_block_route	no	-
NumStability.Higham15Problem15_6.H15_Problem15_6_of_irreducible_rightInverse	theorem	public	NumStability.Algorithms.LU.Higham15Problem15_6Closure	NumStability.Source.Higham.Chapter15.Problem06.TridiagonalInverseNorm.Recurrences.FactorizationAndNorm	source	approved_owner_block_route	yes	-
NumStability.Higham15Problem15_6.H15_Problem15_6_operational_of_irreducible_rightInverse	theorem	public	NumStability.Algorithms.LU.Higham15Problem15_6Operational	NumStability.Source.Higham.Chapter15.Problem06.TridiagonalInverseNorm.Recurrences.ArrayExecution	source	approved_owner_block_route	yes	-
NumStability.Higham15Problem15_6.absInvMul_correct	theorem	public	NumStability.Algorithms.LU.Higham15Problem15_6Closure	NumStability.Source.Higham.Chapter15.Problem06.TridiagonalInverseNorm.Recurrences.FactorizationAndNorm	source	approved_owner_block_route	yes	-
NumStability.Higham15Problem15_6.backward_column_scaled	theorem	public	NumStability.Algorithms.LU.Higham15Problem15_6Closure	NumStability.Source.Higham.Chapter15.Problem06.TridiagonalInverseNorm.Recurrences.FactorizationAndNorm	source	approved_owner_block_route	yes	-
NumStability.Higham15Problem15_6.backward_row_scaled	theorem	public	NumStability.Algorithms.LU.Higham15Problem15_6Closure	NumStability.Source.Higham.Chapter15.Problem06.TridiagonalInverseNorm.Recurrences.FactorizationAndNorm	source	approved_owner_block_route	yes	-
NumStability.Higham15Problem15_6.forward_column_scaled	theorem	public	NumStability.Algorithms.LU.Higham15Problem15_6Closure	NumStability.Source.Higham.Chapter15.Problem06.TridiagonalInverseNorm.Recurrences.FactorizationAndNorm	source	approved_owner_block_route	yes	-
NumStability.Higham15Problem15_6.forward_row_scaled	theorem	public	NumStability.Algorithms.LU.Higham15Problem15_6Closure	NumStability.Source.Higham.Chapter15.Problem06.TridiagonalInverseNorm.Recurrences.FactorizationAndNorm	source	approved_owner_block_route	yes	-
NumStability.Higham15Problem15_6.infNorm_correct	theorem	public	NumStability.Algorithms.LU.Higham15Problem15_6Closure	NumStability.Source.Higham.Chapter15.Problem06.TridiagonalInverseNorm.Recurrences.FactorizationAndNorm	source	approved_owner_block_route	yes	-
NumStability.Higham15Problem15_6.lower_factorization	theorem	public	NumStability.Algorithms.LU.Higham15Problem15_6Closure	NumStability.Source.Higham.Chapter15.Problem06.TridiagonalInverseNorm.Recurrences.FactorizationAndNorm	source	approved_owner_block_route	yes	-
NumStability.Higham15Problem15_6.p_correct	theorem	public	NumStability.Algorithms.LU.Higham15Problem15_6Closure	NumStability.Source.Higham.Chapter15.Problem06.TridiagonalInverseNorm.Recurrences.FactorizationAndNorm	source	approved_owner_block_route	yes	-
NumStability.Higham15Problem15_6.problem15_6_absInvMulOperational_correct	theorem	public	NumStability.Algorithms.LU.Higham15Problem15_6Operational	NumStability.Source.Higham.Chapter15.Problem06.TridiagonalInverseNorm.Recurrences.ArrayExecution	source	approved_owner_block_route	yes	-
NumStability.Higham15Problem15_6.problem15_6_infNormOperational_correct	theorem	public	NumStability.Algorithms.LU.Higham15Problem15_6Operational	NumStability.Source.Higham.Chapter15.Problem06.TridiagonalInverseNorm.Recurrences.ArrayExecution	source	approved_owner_block_route	yes	-
NumStability.Higham15Problem15_6.qResidual_ne	theorem	public	NumStability.Algorithms.LU.Higham15Problem15_6Closure	NumStability.Source.Higham.Chapter15.Problem06.TridiagonalInverseNorm.Recurrences.FactorizationAndNorm	source	approved_owner_block_route	yes	-
NumStability.Higham15Problem15_6.qResidual_scaled	theorem	public	NumStability.Algorithms.LU.Higham15Problem15_6Closure	NumStability.Source.Higham.Chapter15.Problem06.TridiagonalInverseNorm.Recurrences.FactorizationAndNorm	source	approved_owner_block_route	yes	-
NumStability.Higham15Problem15_6.q_correct	theorem	public	NumStability.Algorithms.LU.Higham15Problem15_6Closure	NumStability.Source.Higham.Chapter15.Problem06.TridiagonalInverseNorm.Recurrences.FactorizationAndNorm	source	approved_owner_block_route	yes	-
NumStability.Higham15Problem15_6.tridiag_mulVec_entry	theorem	public	NumStability.Algorithms.LU.Higham15Problem15_6	NumStability.Source.Higham.Chapter15.Problem06.TridiagonalInverseNorm.Recurrences.EntryFormulas	source	approved_owner_block_route	yes	-
NumStability.Higham15Problem15_6.tridiag_vecMul_entry	theorem	public	NumStability.Algorithms.LU.Higham15Problem15_6	NumStability.Source.Higham.Chapter15.Problem06.TridiagonalInverseNorm.Recurrences.EntryFormulas	source	approved_owner_block_route	yes	-
NumStability.Higham15Problem15_6.upper_factorization	theorem	public	NumStability.Algorithms.LU.Higham15Problem15_6Closure	NumStability.Source.Higham.Chapter15.Problem06.TridiagonalInverseNorm.Recurrences.FactorizationAndNorm	source	approved_owner_block_route	yes	-
NumStability.Higham15Problem15_6.x_correct	theorem	public	NumStability.Algorithms.LU.Higham15Problem15_6Closure	NumStability.Source.Higham.Chapter15.Problem06.TridiagonalInverseNorm.Recurrences.FactorizationAndNorm	source	approved_owner_block_route	yes	-
NumStability.Higham15Problem15_6.yResidual_ne	theorem	public	NumStability.Algorithms.LU.Higham15Problem15_6Closure	NumStability.Source.Higham.Chapter15.Problem06.TridiagonalInverseNorm.Recurrences.FactorizationAndNorm	source	approved_owner_block_route	yes	-
NumStability.Higham15Problem15_6.yResidual_scaled	theorem	public	NumStability.Algorithms.LU.Higham15Problem15_6Closure	NumStability.Source.Higham.Chapter15.Problem06.TridiagonalInverseNorm.Recurrences.FactorizationAndNorm	source	approved_owner_block_route	yes	-
NumStability.Higham15Problem15_6.y_correct	theorem	public	NumStability.Algorithms.LU.Higham15Problem15_6Closure	NumStability.Source.Higham.Chapter15.Problem06.TridiagonalInverseNorm.Recurrences.FactorizationAndNorm	source	approved_owner_block_route	yes	-
NumStability.RectPNormPair.higham15_rectangular_infinity_counterexample_stops_at_four	theorem	public	NumStability.Algorithms.HighamChapter15RectTermination	NumStability.Source.Higham.Chapter15.Section02.Boyd.EndpointTermination.InfinityCounterexample.Trace	source	approved_owner_block_route	yes	-
NumStability.RectPNormPair.higham15_rectangular_infinity_n_plus_one_source_discrepancy	theorem	public	NumStability.Algorithms.HighamChapter15RectTermination	NumStability.Source.Higham.Chapter15.Section02.Boyd.EndpointTermination.InfinityCounterexample.Trace	source	approved_owner_block_route	yes	-
NumStability.RectPNormPair.holder_inf	theorem	public	NumStability.Algorithms.NormEstimation.PNorm.Endpoints.PNormRectangular	NumStability.Algorithms.NormEstimation.PNorm.OneAndInfinityNorms.Rectangular	reusable	approved_owner_block_route	no	-
NumStability.RectPNormPair.infNormVec_rectMatVec_le	theorem	public	NumStability.Algorithms.NormEstimation.PNorm.Endpoints.PNormRectangular	NumStability.Algorithms.NormEstimation.PNorm.OneAndInfinityNorms.Rectangular	reusable	approved_owner_block_route	no	-
NumStability.RectPNormPair.infinity	definition	public	NumStability.Algorithms.NormEstimation.PNorm.Endpoints.PNormRectangular	NumStability.Algorithms.NormEstimation.PNorm.OneAndInfinityNorms.Rectangular	reusable	approved_owner_block_route	no	-
NumStability.RectPNormPair.one	definition	public	NumStability.Algorithms.NormEstimation.PNorm.Endpoints.PNormRectangular	NumStability.Algorithms.NormEstimation.PNorm.OneAndInfinityNorms.Rectangular	reusable	approved_owner_block_route	no	-
NumStability.RectPNormPair.oneNormVec_rectMatVec_le	theorem	public	NumStability.Algorithms.NormEstimation.PNorm.Endpoints.PNormRectangular	NumStability.Algorithms.NormEstimation.PNorm.OneAndInfinityNorms.Rectangular	reusable	approved_owner_block_route	no	-
NumStability.RectPNormPair.signVec_infNorm_eq_one	theorem	public	NumStability.Algorithms.NormEstimation.PNorm.Endpoints.PNormRectangular	NumStability.Algorithms.NormEstimation.PNorm.OneAndInfinityNorms.Rectangular	reusable	approved_owner_block_route	no	-
_private.NumStability.Algorithms.Ch15CondEstimators.0.NumStability.Ch15.linpackYSteps_solves	theorem	private	NumStability.Algorithms.Ch15CondEstimators	NumStability.Source.Higham.Chapter15.Algorithm05.LINPACKConditionEstimator.InverseNormBound.TriangularSolve	source	approved_owner_block_route	yes	_private.NumStability.Source.Higham.Chapter15.Algorithm05.LINPACKConditionEstimator.InverseNormBound.TriangularSolve.0.NumStability.Ch15.linpackYSteps_solves
_private.NumStability.Algorithms.Ch15CondEstimators.0.NumStability.Ch15.linpackYSteps_stable	theorem	private	NumStability.Algorithms.Ch15CondEstimators	NumStability.Source.Higham.Chapter15.Algorithm05.LINPACKConditionEstimator.InverseNormBound.TriangularSolve	source	approved_owner_block_route	yes	_private.NumStability.Source.Higham.Chapter15.Algorithm05.LINPACKConditionEstimator.InverseNormBound.TriangularSolve.0.NumStability.Ch15.linpackYSteps_stable
_private.NumStability.Algorithms.Ch15CondEstimators.0.NumStability.Ch15.linpackYSteps_value_at	theorem	private	NumStability.Algorithms.Ch15CondEstimators	NumStability.Source.Higham.Chapter15.Algorithm05.LINPACKConditionEstimator.InverseNormBound.TriangularSolve	source	approved_owner_block_route	yes	_private.NumStability.Source.Higham.Chapter15.Algorithm05.LINPACKConditionEstimator.InverseNormBound.TriangularSolve.0.NumStability.Ch15.linpackYSteps_value_at
_private.NumStability.Algorithms.Ch15CondEstimators.0.NumStability.Ch15.matMulVec_upperTri_split	theorem	private	NumStability.Algorithms.Ch15CondEstimators	NumStability.Source.Higham.Chapter15.Algorithm05.LINPACKConditionEstimator.InverseNormBound.TriangularSolve	source	approved_owner_block_route	yes	_private.NumStability.Source.Higham.Chapter15.Algorithm05.LINPACKConditionEstimator.InverseNormBound.TriangularSolve.0.NumStability.Ch15.matMulVec_upperTri_split
_private.NumStability.Algorithms.HighamChapter15BoydConcreteLemma3.0.NumStability.Ch15.boyd_weight_exponents_cancel	theorem	private	NumStability.Algorithms.HighamChapter15BoydConcreteLemma3	NumStability.Source.Higham.Chapter15.Section02.Boyd.LocalConvergence.ConstrainedLagrangian.Differentiation	source	approved_owner_block_route	yes	_private.NumStability.Source.Higham.Chapter15.Section02.Boyd.LocalConvergence.ConstrainedLagrangian.Differentiation.0.NumStability.Ch15.boyd_weight_exponents_cancel
_private.NumStability.Algorithms.HighamChapter15BoydConcreteLemma3.0.NumStability.Ch15.hasDerivAt_abs_rpow_affine	theorem	private	NumStability.Algorithms.HighamChapter15BoydConcreteLemma3	NumStability.Source.Higham.Chapter15.Section02.Boyd.LocalConvergence.ConstrainedLagrangian.Differentiation	source	approved_owner_block_route	yes	_private.NumStability.Source.Higham.Chapter15.Section02.Boyd.LocalConvergence.ConstrainedLagrangian.Differentiation.0.NumStability.Ch15.hasDerivAt_abs_rpow_affine
_private.NumStability.Algorithms.HighamChapter15BoydConcreteLemma3.0.NumStability.Ch15.hasDerivAt_gradientFactor_affine	theorem	private	NumStability.Algorithms.HighamChapter15BoydConcreteLemma3	NumStability.Source.Higham.Chapter15.Section02.Boyd.LocalConvergence.ConstrainedLagrangian.Differentiation	source	approved_owner_block_route	yes	_private.NumStability.Source.Higham.Chapter15.Section02.Boyd.LocalConvergence.ConstrainedLagrangian.Differentiation.0.NumStability.Ch15.hasDerivAt_gradientFactor_affine
_private.NumStability.Algorithms.HighamChapter15BoydScalar.0.NumStability.Ch15.scalarBasis	definition	private	NumStability.Algorithms.HighamChapter15BoydScalar	NumStability.Source.Higham.Chapter15.Section02.Boyd.GlobalConvergence.ScalarCase.Iteration	source	approved_owner_block_route	yes	_private.NumStability.Source.Higham.Chapter15.Section02.Boyd.GlobalConvergence.ScalarCase.Iteration.0.NumStability.Ch15.scalarBasis
_private.NumStability.Algorithms.HighamChapter15BoydSourceSecondDerivative.0.NumStability.Ch15.hasDerivAt_gradientFactor_affine_of_ne	theorem	private	NumStability.Algorithms.HighamChapter15BoydSourceSecondDerivative	NumStability.Source.Higham.Chapter15.Section02.Boyd.SourceDomain.SecondDerivative.Rowwise	source	approved_owner_block_route	yes	_private.NumStability.Source.Higham.Chapter15.Section02.Boyd.SourceDomain.SecondDerivative.Rowwise.0.NumStability.Ch15.hasDerivAt_gradientFactor_affine_of_ne
_private.NumStability.Algorithms.HighamChapter15BoydSourceSecondDerivative.0.NumStability.Ch15.hasDerivAt_gradientFactor_affine_of_two_le	theorem	private	NumStability.Algorithms.HighamChapter15BoydSourceSecondDerivative	NumStability.Source.Higham.Chapter15.Section02.Boyd.SourceDomain.SecondDerivative.Rowwise	source	approved_owner_block_route	yes	_private.NumStability.Source.Higham.Chapter15.Section02.Boyd.SourceDomain.SecondDerivative.Rowwise.0.NumStability.Ch15.hasDerivAt_gradientFactor_affine_of_two_le
_private.NumStability.Algorithms.HighamChapter15RectTermination.0.NumStability.RectPNormPair.infinityNPlusOneCounterexampleX1	definition	private	NumStability.Algorithms.HighamChapter15RectTermination	NumStability.Source.Higham.Chapter15.Section02.Boyd.EndpointTermination.InfinityCounterexample.Trace	source	approved_owner_block_route	yes	_private.NumStability.Source.Higham.Chapter15.Section02.Boyd.EndpointTermination.InfinityCounterexample.Trace.0.NumStability.RectPNormPair.infinityNPlusOneCounterexampleX1
_private.NumStability.Algorithms.HighamChapter15RectTermination.0.NumStability.RectPNormPair.infinityNPlusOneCounterexampleX2	definition	private	NumStability.Algorithms.HighamChapter15RectTermination	NumStability.Source.Higham.Chapter15.Section02.Boyd.EndpointTermination.InfinityCounterexample.Trace	source	approved_owner_block_route	yes	_private.NumStability.Source.Higham.Chapter15.Section02.Boyd.EndpointTermination.InfinityCounterexample.Trace.0.NumStability.RectPNormPair.infinityNPlusOneCounterexampleX2
_private.NumStability.Algorithms.HighamChapter15RectTermination.0.NumStability.RectPNormPair.infinityNPlusOneCounterexampleX3	definition	private	NumStability.Algorithms.HighamChapter15RectTermination	NumStability.Source.Higham.Chapter15.Section02.Boyd.EndpointTermination.InfinityCounterexample.Trace	source	approved_owner_block_route	yes	_private.NumStability.Source.Higham.Chapter15.Section02.Boyd.EndpointTermination.InfinityCounterexample.Trace.0.NumStability.RectPNormPair.infinityNPlusOneCounterexampleX3
_private.NumStability.Algorithms.HighamChapter15RectTermination.0.NumStability.RectPNormPair.infinityNPlusOneCounterexampleX4	definition	private	NumStability.Algorithms.HighamChapter15RectTermination	NumStability.Source.Higham.Chapter15.Section02.Boyd.EndpointTermination.InfinityCounterexample.Trace	source	approved_owner_block_route	yes	_private.NumStability.Source.Higham.Chapter15.Section02.Boyd.EndpointTermination.InfinityCounterexample.Trace.0.NumStability.RectPNormPair.infinityNPlusOneCounterexampleX4
_private.NumStability.Algorithms.HighamChapter15RectTermination.0.NumStability.RectPNormPair.infinityNPlusOneCounterexampleY0	definition	private	NumStability.Algorithms.HighamChapter15RectTermination	NumStability.Source.Higham.Chapter15.Section02.Boyd.EndpointTermination.InfinityCounterexample.Trace	source	approved_owner_block_route	yes	_private.NumStability.Source.Higham.Chapter15.Section02.Boyd.EndpointTermination.InfinityCounterexample.Trace.0.NumStability.RectPNormPair.infinityNPlusOneCounterexampleY0
_private.NumStability.Algorithms.HighamChapter15RectTermination.0.NumStability.RectPNormPair.infinityNPlusOneCounterexampleY1	definition	private	NumStability.Algorithms.HighamChapter15RectTermination	NumStability.Source.Higham.Chapter15.Section02.Boyd.EndpointTermination.InfinityCounterexample.Trace	source	approved_owner_block_route	yes	_private.NumStability.Source.Higham.Chapter15.Section02.Boyd.EndpointTermination.InfinityCounterexample.Trace.0.NumStability.RectPNormPair.infinityNPlusOneCounterexampleY1
_private.NumStability.Algorithms.HighamChapter15RectTermination.0.NumStability.RectPNormPair.infinityNPlusOneCounterexampleY2	definition	private	NumStability.Algorithms.HighamChapter15RectTermination	NumStability.Source.Higham.Chapter15.Section02.Boyd.EndpointTermination.InfinityCounterexample.Trace	source	approved_owner_block_route	yes	_private.NumStability.Source.Higham.Chapter15.Section02.Boyd.EndpointTermination.InfinityCounterexample.Trace.0.NumStability.RectPNormPair.infinityNPlusOneCounterexampleY2
_private.NumStability.Algorithms.HighamChapter15RectTermination.0.NumStability.RectPNormPair.infinityNPlusOneCounterexampleY3	definition	private	NumStability.Algorithms.HighamChapter15RectTermination	NumStability.Source.Higham.Chapter15.Section02.Boyd.EndpointTermination.InfinityCounterexample.Trace	source	approved_owner_block_route	yes	_private.NumStability.Source.Higham.Chapter15.Section02.Boyd.EndpointTermination.InfinityCounterexample.Trace.0.NumStability.RectPNormPair.infinityNPlusOneCounterexampleY3
_private.NumStability.Algorithms.HighamChapter15RectTermination.0.NumStability.RectPNormPair.infinityNPlusOneCounterexampleY4	definition	private	NumStability.Algorithms.HighamChapter15RectTermination	NumStability.Source.Higham.Chapter15.Section02.Boyd.EndpointTermination.InfinityCounterexample.Trace	source	approved_owner_block_route	yes	_private.NumStability.Source.Higham.Chapter15.Section02.Boyd.EndpointTermination.InfinityCounterexample.Trace.0.NumStability.RectPNormPair.infinityNPlusOneCounterexampleY4
_private.NumStability.Algorithms.HighamChapter15RectTermination.0.NumStability.RectPNormPair.infinityNPlusOneCounterexampleZ0	definition	private	NumStability.Algorithms.HighamChapter15RectTermination	NumStability.Source.Higham.Chapter15.Section02.Boyd.EndpointTermination.InfinityCounterexample.Trace	source	approved_owner_block_route	yes	_private.NumStability.Source.Higham.Chapter15.Section02.Boyd.EndpointTermination.InfinityCounterexample.Trace.0.NumStability.RectPNormPair.infinityNPlusOneCounterexampleZ0
_private.NumStability.Algorithms.HighamChapter15RectTermination.0.NumStability.RectPNormPair.infinityNPlusOneCounterexampleZ1	definition	private	NumStability.Algorithms.HighamChapter15RectTermination	NumStability.Source.Higham.Chapter15.Section02.Boyd.EndpointTermination.InfinityCounterexample.Trace	source	approved_owner_block_route	yes	_private.NumStability.Source.Higham.Chapter15.Section02.Boyd.EndpointTermination.InfinityCounterexample.Trace.0.NumStability.RectPNormPair.infinityNPlusOneCounterexampleZ1
_private.NumStability.Algorithms.HighamChapter15RectTermination.0.NumStability.RectPNormPair.infinityNPlusOneCounterexampleZ2	definition	private	NumStability.Algorithms.HighamChapter15RectTermination	NumStability.Source.Higham.Chapter15.Section02.Boyd.EndpointTermination.InfinityCounterexample.Trace	source	approved_owner_block_route	yes	_private.NumStability.Source.Higham.Chapter15.Section02.Boyd.EndpointTermination.InfinityCounterexample.Trace.0.NumStability.RectPNormPair.infinityNPlusOneCounterexampleZ2
_private.NumStability.Algorithms.HighamChapter15RectTermination.0.NumStability.RectPNormPair.infinityNPlusOneCounterexampleZ3	definition	private	NumStability.Algorithms.HighamChapter15RectTermination	NumStability.Source.Higham.Chapter15.Section02.Boyd.EndpointTermination.InfinityCounterexample.Trace	source	approved_owner_block_route	yes	_private.NumStability.Source.Higham.Chapter15.Section02.Boyd.EndpointTermination.InfinityCounterexample.Trace.0.NumStability.RectPNormPair.infinityNPlusOneCounterexampleZ3
_private.NumStability.Algorithms.HighamChapter15RectTermination.0.NumStability.RectPNormPair.infinityNPlusOneCounterexampleZ4	definition	private	NumStability.Algorithms.HighamChapter15RectTermination	NumStability.Source.Higham.Chapter15.Section02.Boyd.EndpointTermination.InfinityCounterexample.Trace	source	approved_owner_block_route	yes	_private.NumStability.Source.Higham.Chapter15.Section02.Boyd.EndpointTermination.InfinityCounterexample.Trace.0.NumStability.RectPNormPair.infinityNPlusOneCounterexampleZ4
_private.NumStability.Algorithms.HighamChapter15RectTermination.0.NumStability.RectPNormPair.infinityNPlusOneCounterexample_argmax_x0	theorem	private	NumStability.Algorithms.HighamChapter15RectTermination	NumStability.Source.Higham.Chapter15.Section02.Boyd.EndpointTermination.InfinityCounterexample.Trace	source	approved_owner_block_route	yes	_private.NumStability.Source.Higham.Chapter15.Section02.Boyd.EndpointTermination.InfinityCounterexample.Trace.0.NumStability.RectPNormPair.infinityNPlusOneCounterexample_argmax_x0
_private.NumStability.Algorithms.HighamChapter15RectTermination.0.NumStability.RectPNormPair.infinityNPlusOneCounterexample_argmax_x1	theorem	private	NumStability.Algorithms.HighamChapter15RectTermination	NumStability.Source.Higham.Chapter15.Section02.Boyd.EndpointTermination.InfinityCounterexample.Trace	source	approved_owner_block_route	yes	_private.NumStability.Source.Higham.Chapter15.Section02.Boyd.EndpointTermination.InfinityCounterexample.Trace.0.NumStability.RectPNormPair.infinityNPlusOneCounterexample_argmax_x1
_private.NumStability.Algorithms.HighamChapter15RectTermination.0.NumStability.RectPNormPair.infinityNPlusOneCounterexample_argmax_x2	theorem	private	NumStability.Algorithms.HighamChapter15RectTermination	NumStability.Source.Higham.Chapter15.Section02.Boyd.EndpointTermination.InfinityCounterexample.Trace	source	approved_owner_block_route	yes	_private.NumStability.Source.Higham.Chapter15.Section02.Boyd.EndpointTermination.InfinityCounterexample.Trace.0.NumStability.RectPNormPair.infinityNPlusOneCounterexample_argmax_x2
_private.NumStability.Algorithms.HighamChapter15RectTermination.0.NumStability.RectPNormPair.infinityNPlusOneCounterexample_argmax_x3	theorem	private	NumStability.Algorithms.HighamChapter15RectTermination	NumStability.Source.Higham.Chapter15.Section02.Boyd.EndpointTermination.InfinityCounterexample.Trace	source	approved_owner_block_route	yes	_private.NumStability.Source.Higham.Chapter15.Section02.Boyd.EndpointTermination.InfinityCounterexample.Trace.0.NumStability.RectPNormPair.infinityNPlusOneCounterexample_argmax_x3
_private.NumStability.Algorithms.HighamChapter15RectTermination.0.NumStability.RectPNormPair.infinityNPlusOneCounterexample_argmax_x4	theorem	private	NumStability.Algorithms.HighamChapter15RectTermination	NumStability.Source.Higham.Chapter15.Section02.Boyd.EndpointTermination.InfinityCounterexample.Trace	source	approved_owner_block_route	yes	_private.NumStability.Source.Higham.Chapter15.Section02.Boyd.EndpointTermination.InfinityCounterexample.Trace.0.NumStability.RectPNormPair.infinityNPlusOneCounterexample_argmax_x4
_private.NumStability.Algorithms.HighamChapter15RectTermination.0.NumStability.RectPNormPair.infinityNPlusOneCounterexample_not_stops_x0	theorem	private	NumStability.Algorithms.HighamChapter15RectTermination	NumStability.Source.Higham.Chapter15.Section02.Boyd.EndpointTermination.InfinityCounterexample.Trace	source	approved_owner_block_route	yes	_private.NumStability.Source.Higham.Chapter15.Section02.Boyd.EndpointTermination.InfinityCounterexample.Trace.0.NumStability.RectPNormPair.infinityNPlusOneCounterexample_not_stops_x0
_private.NumStability.Algorithms.HighamChapter15RectTermination.0.NumStability.RectPNormPair.infinityNPlusOneCounterexample_not_stops_x1	theorem	private	NumStability.Algorithms.HighamChapter15RectTermination	NumStability.Source.Higham.Chapter15.Section02.Boyd.EndpointTermination.InfinityCounterexample.Trace	source	approved_owner_block_route	yes	_private.NumStability.Source.Higham.Chapter15.Section02.Boyd.EndpointTermination.InfinityCounterexample.Trace.0.NumStability.RectPNormPair.infinityNPlusOneCounterexample_not_stops_x1
_private.NumStability.Algorithms.HighamChapter15RectTermination.0.NumStability.RectPNormPair.infinityNPlusOneCounterexample_not_stops_x2	theorem	private	NumStability.Algorithms.HighamChapter15RectTermination	NumStability.Source.Higham.Chapter15.Section02.Boyd.EndpointTermination.InfinityCounterexample.Trace	source	approved_owner_block_route	yes	_private.NumStability.Source.Higham.Chapter15.Section02.Boyd.EndpointTermination.InfinityCounterexample.Trace.0.NumStability.RectPNormPair.infinityNPlusOneCounterexample_not_stops_x2
_private.NumStability.Algorithms.HighamChapter15RectTermination.0.NumStability.RectPNormPair.infinityNPlusOneCounterexample_not_stops_x3	theorem	private	NumStability.Algorithms.HighamChapter15RectTermination	NumStability.Source.Higham.Chapter15.Section02.Boyd.EndpointTermination.InfinityCounterexample.Trace	source	approved_owner_block_route	yes	_private.NumStability.Source.Higham.Chapter15.Section02.Boyd.EndpointTermination.InfinityCounterexample.Trace.0.NumStability.RectPNormPair.infinityNPlusOneCounterexample_not_stops_x3
_private.NumStability.Algorithms.HighamChapter15RectTermination.0.NumStability.RectPNormPair.infinityNPlusOneCounterexample_stops_x4	theorem	private	NumStability.Algorithms.HighamChapter15RectTermination	NumStability.Source.Higham.Chapter15.Section02.Boyd.EndpointTermination.InfinityCounterexample.Trace	source	approved_owner_block_route	yes	_private.NumStability.Source.Higham.Chapter15.Section02.Boyd.EndpointTermination.InfinityCounterexample.Trace.0.NumStability.RectPNormPair.infinityNPlusOneCounterexample_stops_x4
_private.NumStability.Algorithms.HighamChapter15RectTermination.0.NumStability.RectPNormPair.infinityNPlusOneCounterexample_xnext_x0	theorem	private	NumStability.Algorithms.HighamChapter15RectTermination	NumStability.Source.Higham.Chapter15.Section02.Boyd.EndpointTermination.InfinityCounterexample.Trace	source	approved_owner_block_route	yes	_private.NumStability.Source.Higham.Chapter15.Section02.Boyd.EndpointTermination.InfinityCounterexample.Trace.0.NumStability.RectPNormPair.infinityNPlusOneCounterexample_xnext_x0
_private.NumStability.Algorithms.HighamChapter15RectTermination.0.NumStability.RectPNormPair.infinityNPlusOneCounterexample_xnext_x1	theorem	private	NumStability.Algorithms.HighamChapter15RectTermination	NumStability.Source.Higham.Chapter15.Section02.Boyd.EndpointTermination.InfinityCounterexample.Trace	source	approved_owner_block_route	yes	_private.NumStability.Source.Higham.Chapter15.Section02.Boyd.EndpointTermination.InfinityCounterexample.Trace.0.NumStability.RectPNormPair.infinityNPlusOneCounterexample_xnext_x1
_private.NumStability.Algorithms.HighamChapter15RectTermination.0.NumStability.RectPNormPair.infinityNPlusOneCounterexample_xnext_x2	theorem	private	NumStability.Algorithms.HighamChapter15RectTermination	NumStability.Source.Higham.Chapter15.Section02.Boyd.EndpointTermination.InfinityCounterexample.Trace	source	approved_owner_block_route	yes	_private.NumStability.Source.Higham.Chapter15.Section02.Boyd.EndpointTermination.InfinityCounterexample.Trace.0.NumStability.RectPNormPair.infinityNPlusOneCounterexample_xnext_x2
_private.NumStability.Algorithms.HighamChapter15RectTermination.0.NumStability.RectPNormPair.infinityNPlusOneCounterexample_xnext_x3	theorem	private	NumStability.Algorithms.HighamChapter15RectTermination	NumStability.Source.Higham.Chapter15.Section02.Boyd.EndpointTermination.InfinityCounterexample.Trace	source	approved_owner_block_route	yes	_private.NumStability.Source.Higham.Chapter15.Section02.Boyd.EndpointTermination.InfinityCounterexample.Trace.0.NumStability.RectPNormPair.infinityNPlusOneCounterexample_xnext_x3
_private.NumStability.Algorithms.HighamChapter15RectTermination.0.NumStability.RectPNormPair.infinityNPlusOneCounterexample_xseq_four	theorem	private	NumStability.Algorithms.HighamChapter15RectTermination	NumStability.Source.Higham.Chapter15.Section02.Boyd.EndpointTermination.InfinityCounterexample.Trace	source	approved_owner_block_route	yes	_private.NumStability.Source.Higham.Chapter15.Section02.Boyd.EndpointTermination.InfinityCounterexample.Trace.0.NumStability.RectPNormPair.infinityNPlusOneCounterexample_xseq_four
_private.NumStability.Algorithms.HighamChapter15RectTermination.0.NumStability.RectPNormPair.infinityNPlusOneCounterexample_xseq_one	theorem	private	NumStability.Algorithms.HighamChapter15RectTermination	NumStability.Source.Higham.Chapter15.Section02.Boyd.EndpointTermination.InfinityCounterexample.Trace	source	approved_owner_block_route	yes	_private.NumStability.Source.Higham.Chapter15.Section02.Boyd.EndpointTermination.InfinityCounterexample.Trace.0.NumStability.RectPNormPair.infinityNPlusOneCounterexample_xseq_one
_private.NumStability.Algorithms.HighamChapter15RectTermination.0.NumStability.RectPNormPair.infinityNPlusOneCounterexample_xseq_three	theorem	private	NumStability.Algorithms.HighamChapter15RectTermination	NumStability.Source.Higham.Chapter15.Section02.Boyd.EndpointTermination.InfinityCounterexample.Trace	source	approved_owner_block_route	yes	_private.NumStability.Source.Higham.Chapter15.Section02.Boyd.EndpointTermination.InfinityCounterexample.Trace.0.NumStability.RectPNormPair.infinityNPlusOneCounterexample_xseq_three
_private.NumStability.Algorithms.HighamChapter15RectTermination.0.NumStability.RectPNormPair.infinityNPlusOneCounterexample_xseq_two	theorem	private	NumStability.Algorithms.HighamChapter15RectTermination	NumStability.Source.Higham.Chapter15.Section02.Boyd.EndpointTermination.InfinityCounterexample.Trace	source	approved_owner_block_route	yes	_private.NumStability.Source.Higham.Chapter15.Section02.Boyd.EndpointTermination.InfinityCounterexample.Trace.0.NumStability.RectPNormPair.infinityNPlusOneCounterexample_xseq_two
_private.NumStability.Algorithms.HighamChapter15RectTermination.0.NumStability.RectPNormPair.infinityNPlusOneCounterexample_xseq_zero	theorem	private	NumStability.Algorithms.HighamChapter15RectTermination	NumStability.Source.Higham.Chapter15.Section02.Boyd.EndpointTermination.InfinityCounterexample.Trace	source	approved_owner_block_route	yes	_private.NumStability.Source.Higham.Chapter15.Section02.Boyd.EndpointTermination.InfinityCounterexample.Trace.0.NumStability.RectPNormPair.infinityNPlusOneCounterexample_xseq_zero
_private.NumStability.Algorithms.HighamChapter15RectTermination.0.NumStability.RectPNormPair.infinityNPlusOneCounterexample_yof_x0	theorem	private	NumStability.Algorithms.HighamChapter15RectTermination	NumStability.Source.Higham.Chapter15.Section02.Boyd.EndpointTermination.InfinityCounterexample.Trace	source	approved_owner_block_route	yes	_private.NumStability.Source.Higham.Chapter15.Section02.Boyd.EndpointTermination.InfinityCounterexample.Trace.0.NumStability.RectPNormPair.infinityNPlusOneCounterexample_yof_x0
_private.NumStability.Algorithms.HighamChapter15RectTermination.0.NumStability.RectPNormPair.infinityNPlusOneCounterexample_yof_x1	theorem	private	NumStability.Algorithms.HighamChapter15RectTermination	NumStability.Source.Higham.Chapter15.Section02.Boyd.EndpointTermination.InfinityCounterexample.Trace	source	approved_owner_block_route	yes	_private.NumStability.Source.Higham.Chapter15.Section02.Boyd.EndpointTermination.InfinityCounterexample.Trace.0.NumStability.RectPNormPair.infinityNPlusOneCounterexample_yof_x1
_private.NumStability.Algorithms.HighamChapter15RectTermination.0.NumStability.RectPNormPair.infinityNPlusOneCounterexample_yof_x2	theorem	private	NumStability.Algorithms.HighamChapter15RectTermination	NumStability.Source.Higham.Chapter15.Section02.Boyd.EndpointTermination.InfinityCounterexample.Trace	source	approved_owner_block_route	yes	_private.NumStability.Source.Higham.Chapter15.Section02.Boyd.EndpointTermination.InfinityCounterexample.Trace.0.NumStability.RectPNormPair.infinityNPlusOneCounterexample_yof_x2
_private.NumStability.Algorithms.HighamChapter15RectTermination.0.NumStability.RectPNormPair.infinityNPlusOneCounterexample_yof_x3	theorem	private	NumStability.Algorithms.HighamChapter15RectTermination	NumStability.Source.Higham.Chapter15.Section02.Boyd.EndpointTermination.InfinityCounterexample.Trace	source	approved_owner_block_route	yes	_private.NumStability.Source.Higham.Chapter15.Section02.Boyd.EndpointTermination.InfinityCounterexample.Trace.0.NumStability.RectPNormPair.infinityNPlusOneCounterexample_yof_x3
_private.NumStability.Algorithms.HighamChapter15RectTermination.0.NumStability.RectPNormPair.infinityNPlusOneCounterexample_yof_x4	theorem	private	NumStability.Algorithms.HighamChapter15RectTermination	NumStability.Source.Higham.Chapter15.Section02.Boyd.EndpointTermination.InfinityCounterexample.Trace	source	approved_owner_block_route	yes	_private.NumStability.Source.Higham.Chapter15.Section02.Boyd.EndpointTermination.InfinityCounterexample.Trace.0.NumStability.RectPNormPair.infinityNPlusOneCounterexample_yof_x4
_private.NumStability.Algorithms.HighamChapter15RectTermination.0.NumStability.RectPNormPair.infinityNPlusOneCounterexample_zof_x0	theorem	private	NumStability.Algorithms.HighamChapter15RectTermination	NumStability.Source.Higham.Chapter15.Section02.Boyd.EndpointTermination.InfinityCounterexample.Trace	source	approved_owner_block_route	yes	_private.NumStability.Source.Higham.Chapter15.Section02.Boyd.EndpointTermination.InfinityCounterexample.Trace.0.NumStability.RectPNormPair.infinityNPlusOneCounterexample_zof_x0
_private.NumStability.Algorithms.HighamChapter15RectTermination.0.NumStability.RectPNormPair.infinityNPlusOneCounterexample_zof_x1	theorem	private	NumStability.Algorithms.HighamChapter15RectTermination	NumStability.Source.Higham.Chapter15.Section02.Boyd.EndpointTermination.InfinityCounterexample.Trace	source	approved_owner_block_route	yes	_private.NumStability.Source.Higham.Chapter15.Section02.Boyd.EndpointTermination.InfinityCounterexample.Trace.0.NumStability.RectPNormPair.infinityNPlusOneCounterexample_zof_x1
_private.NumStability.Algorithms.HighamChapter15RectTermination.0.NumStability.RectPNormPair.infinityNPlusOneCounterexample_zof_x2	theorem	private	NumStability.Algorithms.HighamChapter15RectTermination	NumStability.Source.Higham.Chapter15.Section02.Boyd.EndpointTermination.InfinityCounterexample.Trace	source	approved_owner_block_route	yes	_private.NumStability.Source.Higham.Chapter15.Section02.Boyd.EndpointTermination.InfinityCounterexample.Trace.0.NumStability.RectPNormPair.infinityNPlusOneCounterexample_zof_x2
_private.NumStability.Algorithms.HighamChapter15RectTermination.0.NumStability.RectPNormPair.infinityNPlusOneCounterexample_zof_x3	theorem	private	NumStability.Algorithms.HighamChapter15RectTermination	NumStability.Source.Higham.Chapter15.Section02.Boyd.EndpointTermination.InfinityCounterexample.Trace	source	approved_owner_block_route	yes	_private.NumStability.Source.Higham.Chapter15.Section02.Boyd.EndpointTermination.InfinityCounterexample.Trace.0.NumStability.RectPNormPair.infinityNPlusOneCounterexample_zof_x3
_private.NumStability.Algorithms.HighamChapter15RectTermination.0.NumStability.RectPNormPair.infinityNPlusOneCounterexample_zof_x4	theorem	private	NumStability.Algorithms.HighamChapter15RectTermination	NumStability.Source.Higham.Chapter15.Section02.Boyd.EndpointTermination.InfinityCounterexample.Trace	source	approved_owner_block_route	yes	_private.NumStability.Source.Higham.Chapter15.Section02.Boyd.EndpointTermination.InfinityCounterexample.Trace.0.NumStability.RectPNormPair.infinityNPlusOneCounterexample_zof_x4
_private.NumStability.Algorithms.LU.Higham15Problem15_6.0.NumStability.Higham15Problem15_6.sum_nested_ite_three	theorem	private	NumStability.Algorithms.LU.Higham15Problem15_6	NumStability.Source.Higham.Chapter15.Problem06.TridiagonalInverseNorm.Recurrences.EntryFormulas	source	approved_owner_block_route	yes	_private.NumStability.Source.Higham.Chapter15.Problem06.TridiagonalInverseNorm.Recurrences.EntryFormulas.0.NumStability.Higham15Problem15_6.sum_nested_ite_three
_private.NumStability.Algorithms.LU.Higham15Problem15_6.0.NumStability.Higham15Problem15_6.sum_nested_ite_two	theorem	private	NumStability.Algorithms.LU.Higham15Problem15_6	NumStability.Source.Higham.Chapter15.Problem06.TridiagonalInverseNorm.Recurrences.EntryFormulas	source	approved_owner_block_route	yes	_private.NumStability.Source.Higham.Chapter15.Problem06.TridiagonalInverseNorm.Recurrences.EntryFormulas.0.NumStability.Higham15Problem15_6.sum_nested_ite_two
_private.NumStability.Algorithms.LU.Higham15Problem15_6.0.NumStability.Higham15Problem15_6.upper_corner_ne	theorem	private	NumStability.Algorithms.LU.Higham15Problem15_6	NumStability.Source.Higham.Chapter15.Problem06.TridiagonalInverseNorm.Recurrences.EntryFormulas	source	approved_owner_block_route	yes	_private.NumStability.Source.Higham.Chapter15.Problem06.TridiagonalInverseNorm.Recurrences.EntryFormulas.0.NumStability.Higham15Problem15_6.upper_corner_ne
_private.NumStability.Algorithms.LU.TridiagonalCondCh15Closure.0.NumStability.Ch15Closure.c15_LU_diag_rel	theorem	private	NumStability.Algorithms.LU.TridiagonalCondCh15Closure	NumStability.Source.Higham.Chapter15.Section06.TridiagonalLUConditionBounds.ExactBounds	source	approved_owner_block_route	yes	_private.NumStability.Source.Higham.Chapter15.Section06.TridiagonalLUConditionBounds.ExactBounds.0.NumStability.Ch15Closure.c15_LU_diag_rel
_private.NumStability.Algorithms.LU.TridiagonalCondCh15Closure.0.NumStability.Ch15Closure.c15_LU_sub_eq	theorem	private	NumStability.Algorithms.LU.TridiagonalCondCh15Closure	NumStability.Source.Higham.Chapter15.Section06.TridiagonalLUConditionBounds.ExactBounds	source	approved_owner_block_route	yes	_private.NumStability.Source.Higham.Chapter15.Section06.TridiagonalLUConditionBounds.ExactBounds.0.NumStability.Ch15Closure.c15_LU_sub_eq
_private.NumStability.Algorithms.LU.TridiagonalCondCh15Closure.0.NumStability.Ch15Closure.c15_LU_super_eq	theorem	private	NumStability.Algorithms.LU.TridiagonalCondCh15Closure	NumStability.Source.Higham.Chapter15.Section06.TridiagonalLUConditionBounds.ExactBounds	source	approved_owner_block_route	yes	_private.NumStability.Source.Higham.Chapter15.Section06.TridiagonalLUConditionBounds.ExactBounds.0.NumStability.Ch15Closure.c15_LU_super_eq
_private.NumStability.Algorithms.LU.TridiagonalCondCh15Closure.0.NumStability.Ch15Closure.c15_Linv_rec	theorem	private	NumStability.Algorithms.LU.TridiagonalCondCh15Closure	NumStability.Source.Higham.Chapter15.Section06.TridiagonalLUConditionBounds.ExactBounds	source	approved_owner_block_route	yes	_private.NumStability.Source.Higham.Chapter15.Section06.TridiagonalLUConditionBounds.ExactBounds.0.NumStability.Ch15Closure.c15_Linv_rec
_private.NumStability.Algorithms.LU.TridiagonalCondCh15Closure.0.NumStability.Ch15Closure.c15_Uinv_rec	theorem	private	NumStability.Algorithms.LU.TridiagonalCondCh15Closure	NumStability.Source.Higham.Chapter15.Section06.TridiagonalLUConditionBounds.ExactBounds	source	approved_owner_block_route	yes	_private.NumStability.Source.Higham.Chapter15.Section06.TridiagonalLUConditionBounds.ExactBounds.0.NumStability.Ch15Closure.c15_Uinv_rec
_private.NumStability.Algorithms.LU.TridiagonalCondCh15Closure.0.NumStability.Ch15Closure.c15_absLU_diag	theorem	private	NumStability.Algorithms.LU.TridiagonalCondCh15Closure	NumStability.Source.Higham.Chapter15.Section06.TridiagonalLUConditionBounds.ExactBounds	source	approved_owner_block_route	yes	_private.NumStability.Source.Higham.Chapter15.Section06.TridiagonalLUConditionBounds.ExactBounds.0.NumStability.Ch15Closure.c15_absLU_diag
_private.NumStability.Algorithms.LU.TridiagonalCondCh15Closure.0.NumStability.Ch15Closure.c15_abs_sum_of_pairwise_nonneg	theorem	private	NumStability.Algorithms.LU.TridiagonalCondCh15Closure	NumStability.Source.Higham.Chapter15.Section06.TridiagonalLUConditionBounds.ExactBounds	source	approved_owner_block_route	yes	_private.NumStability.Source.Higham.Chapter15.Section06.TridiagonalLUConditionBounds.ExactBounds.0.NumStability.Ch15Closure.c15_abs_sum_of_pairwise_nonneg
_private.NumStability.Algorithms.LU.TridiagonalCondCh15Closure.0.NumStability.Ch15Closure.c15_bidiag_U_isDiagDominantUpper	theorem	private	NumStability.Algorithms.LU.TridiagonalCondCh15Closure	NumStability.Source.Higham.Chapter15.Section06.TridiagonalLUConditionBounds.ExactBounds	source	approved_owner_block_route	yes	_private.NumStability.Source.Higham.Chapter15.Section06.TridiagonalLUConditionBounds.ExactBounds.0.NumStability.Ch15Closure.c15_bidiag_U_isDiagDominantUpper
_private.NumStability.Algorithms.LU.TridiagonalCondCh15Closure.0.NumStability.Ch15Closure.c15_bidiag_rowSum_bound	theorem	private	NumStability.Algorithms.LU.TridiagonalCondCh15Closure	NumStability.Source.Higham.Chapter15.Section06.TridiagonalLUConditionBounds.ExactBounds	source	approved_owner_block_route	yes	_private.NumStability.Source.Higham.Chapter15.Section06.TridiagonalLUConditionBounds.ExactBounds.0.NumStability.Ch15Closure.c15_bidiag_rowSum_bound
_private.NumStability.Algorithms.LU.TridiagonalCondCh15Closure.0.NumStability.Ch15Closure.c15_diag_sign	theorem	private	NumStability.Algorithms.LU.TridiagonalCondCh15Closure	NumStability.Source.Higham.Chapter15.Section06.TridiagonalLUConditionBounds.ExactBounds	source	approved_owner_block_route	yes	_private.NumStability.Source.Higham.Chapter15.Section06.TridiagonalLUConditionBounds.ExactBounds.0.NumStability.Ch15Closure.c15_diag_sign
_private.NumStability.Algorithms.LU.TridiagonalCondCh15Closure.0.NumStability.Ch15Closure.c15_filter_lower_succ	theorem	private	NumStability.Algorithms.LU.TridiagonalCondCh15Closure	NumStability.Source.Higham.Chapter15.Section06.TridiagonalLUConditionBounds.ExactBounds	source	approved_owner_block_route	yes	_private.NumStability.Source.Higham.Chapter15.Section06.TridiagonalLUConditionBounds.ExactBounds.0.NumStability.Ch15Closure.c15_filter_lower_succ
_private.NumStability.Algorithms.LU.TridiagonalCondCh15Closure.0.NumStability.Ch15Closure.c15_filter_upper_succ	theorem	private	NumStability.Algorithms.LU.TridiagonalCondCh15Closure	NumStability.Source.Higham.Chapter15.Section06.TridiagonalLUConditionBounds.ExactBounds	source	approved_owner_block_route	yes	_private.NumStability.Source.Higham.Chapter15.Section06.TridiagonalLUConditionBounds.ExactBounds.0.NumStability.Ch15Closure.c15_filter_upper_succ
_private.NumStability.Algorithms.LU.TridiagonalCondCh15Closure.0.NumStability.Ch15Closure.c15_nonneg_of_abs_add_eq	theorem	private	NumStability.Algorithms.LU.TridiagonalCondCh15Closure	NumStability.Source.Higham.Chapter15.Section06.TridiagonalLUConditionBounds.ExactBounds	source	approved_owner_block_route	yes	_private.NumStability.Source.Higham.Chapter15.Section06.TridiagonalLUConditionBounds.ExactBounds.0.NumStability.Ch15Closure.c15_nonneg_of_abs_add_eq
_private.NumStability.Algorithms.LU.TridiagonalCondCh15Closure.0.NumStability.Ch15Closure.c15_row_offdiag_le	theorem	private	NumStability.Algorithms.LU.TridiagonalCondCh15Closure	NumStability.Source.Higham.Chapter15.Section06.TridiagonalLUConditionBounds.ExactBounds	source	approved_owner_block_route	yes	_private.NumStability.Source.Higham.Chapter15.Section06.TridiagonalLUConditionBounds.ExactBounds.0.NumStability.Ch15Closure.c15_row_offdiag_le
_private.NumStability.Algorithms.LU.TridiagonalCondCh15Closure.0.NumStability.Ch15Closure.c15_row_two_offdiag_le	theorem	private	NumStability.Algorithms.LU.TridiagonalCondCh15Closure	NumStability.Source.Higham.Chapter15.Section06.TridiagonalLUConditionBounds.ExactBounds	source	approved_owner_block_route	yes	_private.NumStability.Source.Higham.Chapter15.Section06.TridiagonalLUConditionBounds.ExactBounds.0.NumStability.Ch15Closure.c15_row_two_offdiag_le
_private.NumStability.Algorithms.LU.TridiagonalCondCh15Closure.0.NumStability.Ch15Closure.c15_t_pairwise_ge	theorem	private	NumStability.Algorithms.LU.TridiagonalCondCh15Closure	NumStability.Source.Higham.Chapter15.Section06.TridiagonalLUConditionBounds.ExactBounds	source	approved_owner_block_route	yes	_private.NumStability.Source.Higham.Chapter15.Section06.TridiagonalLUConditionBounds.ExactBounds.0.NumStability.Ch15Closure.c15_t_pairwise_ge
_private.NumStability.Algorithms.LU.TridiagonalCondCh15Closure.0.NumStability.Ch15Closure.c15_t_recurrence	theorem	private	NumStability.Algorithms.LU.TridiagonalCondCh15Closure	NumStability.Source.Higham.Chapter15.Section06.TridiagonalLUConditionBounds.ExactBounds	source	approved_owner_block_route	yes	_private.NumStability.Source.Higham.Chapter15.Section06.TridiagonalLUConditionBounds.ExactBounds.0.NumStability.Ch15Closure.c15_t_recurrence
_private.NumStability.Algorithms.LU.TridiagonalCondCh15Closure.0.NumStability.Ch15Closure.c15_tridiag_rowDom_U_super_le_diag	theorem	private	NumStability.Algorithms.LU.TridiagonalCondCh15Closure	NumStability.Source.Higham.Chapter15.Section06.TridiagonalLUConditionBounds.ExactBounds	source	approved_owner_block_route	yes	_private.NumStability.Source.Higham.Chapter15.Section06.TridiagonalLUConditionBounds.ExactBounds.0.NumStability.Ch15Closure.c15_tridiag_rowDom_U_super_le_diag
_private.NumStability.Algorithms.LU.TridiagonalCondCh15Closure.0.NumStability.Ch15Closure.c15_upperBidiagInv_abs_le	theorem	private	NumStability.Algorithms.LU.TridiagonalCondCh15Closure	NumStability.Source.Higham.Chapter15.Section06.TridiagonalLUConditionBounds.ExactBounds	source	approved_owner_block_route	yes	_private.NumStability.Source.Higham.Chapter15.Section06.TridiagonalLUConditionBounds.ExactBounds.0.NumStability.Ch15Closure.c15_upperBidiagInv_abs_le
_private.NumStability.Algorithms.LU.TridiagonalCondCh15IkebeClosure.0.NumStability.Ch15IkebeClosure.upper_triangle_rank_one_of_rightInverse	theorem	private	NumStability.Algorithms.LU.TridiagonalCondCh15IkebeClosure	NumStability.Source.Higham.Chapter15.Theorem09.Ikebe.IrreducibleRightInverse.RankOneStructure	source	approved_owner_block_route	yes	_private.NumStability.Source.Higham.Chapter15.Theorem09.Ikebe.IrreducibleRightInverse.RankOneStructure.0.NumStability.Ch15IkebeClosure.upper_triangle_rank_one_of_rightInverse
