old_private	new_private	destination_module
_private.NumStability.Algorithms.Ch10ComplexPositiveDefiniteSourceClosure.0.NumStability.higham10_30_borderedRealMatrix	_private.NumStability.Source.Higham.Chapter10.Equation30.ComplexPositiveDefinite.NoPivotLU.SourceBounds.0.NumStability.higham10_30_borderedRealMatrix	NumStability.Source.Higham.Chapter10.Equation30.ComplexPositiveDefinite.NoPivotLU.SourceBounds
_private.NumStability.Algorithms.Ch10ComplexPositiveDefiniteSourceClosure.0.NumStability.higham10_30_bordered_inverse_energy_lt	_private.NumStability.Source.Higham.Chapter10.Equation30.ComplexPositiveDefinite.NoPivotLU.SourceBounds.0.NumStability.higham10_30_bordered_inverse_energy_lt	NumStability.Source.Higham.Chapter10.Equation30.ComplexPositiveDefinite.NoPivotLU.SourceBounds
_private.NumStability.Algorithms.Ch10ComplexPositiveDefiniteSourceClosure.0.NumStability.higham10_30_complexBlockSchur_re_im_posDef	_private.NumStability.Source.Higham.Chapter10.Equation30.ComplexPositiveDefinite.NoPivotLU.SourceBounds.0.NumStability.higham10_30_complexBlockSchur_re_im_posDef	NumStability.Source.Higham.Chapter10.Equation30.ComplexPositiveDefinite.NoPivotLU.SourceBounds
_private.NumStability.Algorithms.Ch10ComplexPositiveDefiniteSourceClosure.0.NumStability.higham10_30_complexEnergy_im_fintype	_private.NumStability.Source.Higham.Chapter10.Equation30.ComplexPositiveDefinite.NoPivotLU.SourceBounds.0.NumStability.higham10_30_complexEnergy_im_fintype	NumStability.Source.Higham.Chapter10.Equation30.ComplexPositiveDefinite.NoPivotLU.SourceBounds
_private.NumStability.Algorithms.Ch10ComplexPositiveDefiniteSourceClosure.0.NumStability.higham10_30_complexEnergy_re_fintype	_private.NumStability.Source.Higham.Chapter10.Equation30.ComplexPositiveDefinite.NoPivotLU.SourceBounds.0.NumStability.higham10_30_complexEnergy_re_fintype	NumStability.Source.Higham.Chapter10.Equation30.ComplexPositiveDefinite.NoPivotLU.SourceBounds
_private.NumStability.Algorithms.Ch10ComplexPositiveDefiniteSourceClosure.0.NumStability.higham10_30_complexGammaCounterA	_private.NumStability.Source.Higham.Chapter10.Equation30.ComplexPositiveDefinite.NoPivotLU.SourceBounds.0.NumStability.higham10_30_complexGammaCounterA	NumStability.Source.Higham.Chapter10.Equation30.ComplexPositiveDefinite.NoPivotLU.SourceBounds
_private.NumStability.Algorithms.Ch10ComplexPositiveDefiniteSourceClosure.0.NumStability.higham10_30_complexGammaCounterB	_private.NumStability.Source.Higham.Chapter10.Equation30.ComplexPositiveDefinite.NoPivotLU.SourceBounds.0.NumStability.higham10_30_complexGammaCounterB	NumStability.Source.Higham.Chapter10.Equation30.ComplexPositiveDefinite.NoPivotLU.SourceBounds
_private.NumStability.Algorithms.Ch10ComplexPositiveDefiniteSourceClosure.0.NumStability.higham10_30_complexGammaCounterB_spd	_private.NumStability.Source.Higham.Chapter10.Equation30.ComplexPositiveDefinite.NoPivotLU.SourceBounds.0.NumStability.higham10_30_complexGammaCounterB_spd	NumStability.Source.Higham.Chapter10.Equation30.ComplexPositiveDefinite.NoPivotLU.SourceBounds
_private.NumStability.Algorithms.Ch10ComplexPositiveDefiniteSourceClosure.0.NumStability.higham10_30_complexGammaCounterC	_private.NumStability.Source.Higham.Chapter10.Equation30.ComplexPositiveDefinite.NoPivotLU.SourceBounds.0.NumStability.higham10_30_complexGammaCounterC	NumStability.Source.Higham.Chapter10.Equation30.ComplexPositiveDefinite.NoPivotLU.SourceBounds
_private.NumStability.Algorithms.Ch10ComplexPositiveDefiniteSourceClosure.0.NumStability.higham10_30_complexGammaCounterC_spd	_private.NumStability.Source.Higham.Chapter10.Equation30.ComplexPositiveDefinite.NoPivotLU.SourceBounds.0.NumStability.higham10_30_complexGammaCounterC_spd	NumStability.Source.Higham.Chapter10.Equation30.ComplexPositiveDefinite.NoPivotLU.SourceBounds
_private.NumStability.Algorithms.Ch10ComplexPositiveDefiniteSourceClosure.0.NumStability.higham10_30_complexGammaCounterFP	_private.NumStability.Source.Higham.Chapter10.Equation30.ComplexPositiveDefinite.NoPivotLU.SourceBounds.0.NumStability.higham10_30_complexGammaCounterFP	NumStability.Source.Higham.Chapter10.Equation30.ComplexPositiveDefinite.NoPivotLU.SourceBounds
_private.NumStability.Algorithms.Ch10ComplexPositiveDefiniteSourceClosure.0.NumStability.higham10_30_complexGammaCounter_L10	_private.NumStability.Source.Higham.Chapter10.Equation30.ComplexPositiveDefinite.NoPivotLU.SourceBounds.0.NumStability.higham10_30_complexGammaCounter_L10	NumStability.Source.Higham.Chapter10.Equation30.ComplexPositiveDefinite.NoPivotLU.SourceBounds
_private.NumStability.Algorithms.Ch10ComplexPositiveDefiniteSourceClosure.0.NumStability.higham10_30_complexGammaCounter_U00	_private.NumStability.Source.Higham.Chapter10.Equation30.ComplexPositiveDefinite.NoPivotLU.SourceBounds.0.NumStability.higham10_30_complexGammaCounter_U00	NumStability.Source.Higham.Chapter10.Equation30.ComplexPositiveDefinite.NoPivotLU.SourceBounds
_private.NumStability.Algorithms.Ch10ComplexPositiveDefiniteSourceClosure.0.NumStability.higham10_30_complexGammaCounter_U10	_private.NumStability.Source.Higham.Chapter10.Equation30.ComplexPositiveDefinite.NoPivotLU.SourceBounds.0.NumStability.higham10_30_complexGammaCounter_U10	NumStability.Source.Higham.Chapter10.Equation30.ComplexPositiveDefinite.NoPivotLU.SourceBounds
_private.NumStability.Algorithms.Ch10ComplexPositiveDefiniteSourceClosure.0.NumStability.higham10_30_complexGammaCounter_gamma	_private.NumStability.Source.Higham.Chapter10.Equation30.ComplexPositiveDefinite.NoPivotLU.SourceBounds.0.NumStability.higham10_30_complexGammaCounter_gamma	NumStability.Source.Higham.Chapter10.Equation30.ComplexPositiveDefinite.NoPivotLU.SourceBounds
_private.NumStability.Algorithms.Ch10ComplexPositiveDefiniteSourceClosure.0.NumStability.higham10_30_complexGammaCounter_gammaValid	_private.NumStability.Source.Higham.Chapter10.Equation30.ComplexPositiveDefinite.NoPivotLU.SourceBounds.0.NumStability.higham10_30_complexGammaCounter_gammaValid	NumStability.Source.Higham.Chapter10.Equation30.ComplexPositiveDefinite.NoPivotLU.SourceBounds
_private.NumStability.Algorithms.Ch10ComplexPositiveDefiniteSourceClosure.0.NumStability.higham10_30_complexGammaCounter_radius_lower_bound	_private.NumStability.Source.Higham.Chapter10.Equation30.ComplexPositiveDefinite.NoPivotLU.SourceBounds.0.NumStability.higham10_30_complexGammaCounter_radius_lower_bound	NumStability.Source.Higham.Chapter10.Equation30.ComplexPositiveDefinite.NoPivotLU.SourceBounds
_private.NumStability.Algorithms.Ch10ComplexPositiveDefiniteSourceClosure.0.NumStability.higham10_30_complexVector_re_or_im_nonzero	_private.NumStability.Source.Higham.Chapter10.Equation30.ComplexPositiveDefinite.NoPivotLU.SourceBounds.0.NumStability.higham10_30_complexVector_re_or_im_nonzero	NumStability.Source.Higham.Chapter10.Equation30.ComplexPositiveDefinite.NoPivotLU.SourceBounds
_private.NumStability.Algorithms.Ch10ComplexPositiveDefiniteSourceClosure.0.NumStability.higham10_30_complex_U_entry_eq_leading_schur	_private.NumStability.Source.Higham.Chapter10.Equation30.ComplexPositiveDefinite.NoPivotLU.SourceBounds.0.NumStability.higham10_30_complex_U_entry_eq_leading_schur	NumStability.Source.Higham.Chapter10.Equation30.ComplexPositiveDefinite.NoPivotLU.SourceBounds
_private.NumStability.Algorithms.Ch10ComplexPositiveDefiniteSourceClosure.0.NumStability.higham10_30_complex_borderedMinor_eq_pivots_mul_U	_private.NumStability.Source.Higham.Chapter10.Equation30.ComplexPositiveDefinite.NoPivotLU.SourceBounds.0.NumStability.higham10_30_complex_borderedMinor_eq_pivots_mul_U	NumStability.Source.Higham.Chapter10.Equation30.ComplexPositiveDefinite.NoPivotLU.SourceBounds
_private.NumStability.Algorithms.Ch10ComplexPositiveDefiniteSourceClosure.0.NumStability.higham10_30_complex_borderedU_det	_private.NumStability.Source.Higham.Chapter10.Equation30.ComplexPositiveDefinite.NoPivotLU.SourceBounds.0.NumStability.higham10_30_complex_borderedU_det	NumStability.Source.Higham.Chapter10.Equation30.ComplexPositiveDefinite.NoPivotLU.SourceBounds
_private.NumStability.Algorithms.Ch10ComplexPositiveDefiniteSourceClosure.0.NumStability.higham10_30_complex_inverse_eq_X_minus_iY	_private.NumStability.Source.Higham.Chapter10.Equation30.ComplexPositiveDefinite.NoPivotLU.SourceBounds.0.NumStability.higham10_30_complex_inverse_eq_X_minus_iY	NumStability.Source.Higham.Chapter10.Equation30.ComplexPositiveDefinite.NoPivotLU.SourceBounds
_private.NumStability.Algorithms.Ch10ComplexPositiveDefiniteSourceClosure.0.NumStability.higham10_30_complex_leadingRows_mul_of_lower_left	_private.NumStability.Source.Higham.Chapter10.Equation30.ComplexPositiveDefinite.NoPivotLU.SourceBounds.0.NumStability.higham10_30_complex_leadingRows_mul_of_lower_left	NumStability.Source.Higham.Chapter10.Equation30.ComplexPositiveDefinite.NoPivotLU.SourceBounds
_private.NumStability.Algorithms.Ch10ComplexPositiveDefiniteSourceClosure.0.NumStability.higham10_30_complex_leading_det_eq_prod_U_diag	_private.NumStability.Source.Higham.Chapter10.Equation30.ComplexPositiveDefinite.NoPivotLU.SourceBounds.0.NumStability.higham10_30_complex_leading_det_eq_prod_U_diag	NumStability.Source.Higham.Chapter10.Equation30.ComplexPositiveDefinite.NoPivotLU.SourceBounds
_private.NumStability.Algorithms.Ch10ComplexPositiveDefiniteSourceClosure.0.NumStability.higham10_30_imag_schur_scalar_pos	_private.NumStability.Source.Higham.Chapter10.Equation30.ComplexPositiveDefinite.NoPivotLU.SourceBounds.0.NumStability.higham10_30_imag_schur_scalar_pos	NumStability.Source.Higham.Chapter10.Equation30.ComplexPositiveDefinite.NoPivotLU.SourceBounds
_private.NumStability.Algorithms.Ch10ComplexPositiveDefiniteSourceClosure.0.NumStability.higham10_30_input_complexMaxEntryNorm_pos	_private.NumStability.Source.Higham.Chapter10.Equation30.ComplexPositiveDefinite.NoPivotLU.SourceBounds.0.NumStability.higham10_30_input_complexMaxEntryNorm_pos	NumStability.Source.Higham.Chapter10.Equation30.ComplexPositiveDefinite.NoPivotLU.SourceBounds
_private.NumStability.Algorithms.Ch10ComplexPositiveDefiniteSourceClosure.0.NumStability.higham10_30_inverseX	_private.NumStability.Source.Higham.Chapter10.Equation30.ComplexPositiveDefinite.NoPivotLU.SourceBounds.0.NumStability.higham10_30_inverseX	NumStability.Source.Higham.Chapter10.Equation30.ComplexPositiveDefinite.NoPivotLU.SourceBounds
_private.NumStability.Algorithms.Ch10ComplexPositiveDefiniteSourceClosure.0.NumStability.higham10_30_inverseX_energy_two_lt_border	_private.NumStability.Source.Higham.Chapter10.Equation30.ComplexPositiveDefinite.NoPivotLU.SourceBounds.0.NumStability.higham10_30_inverseX_energy_two_lt_border	NumStability.Source.Higham.Chapter10.Equation30.ComplexPositiveDefinite.NoPivotLU.SourceBounds
_private.NumStability.Algorithms.Ch10ComplexPositiveDefiniteSourceClosure.0.NumStability.higham10_30_inverseX_posDef	_private.NumStability.Source.Higham.Chapter10.Equation30.ComplexPositiveDefinite.NoPivotLU.SourceBounds.0.NumStability.higham10_30_inverseX_posDef	NumStability.Source.Higham.Chapter10.Equation30.ComplexPositiveDefinite.NoPivotLU.SourceBounds
_private.NumStability.Algorithms.Ch10ComplexPositiveDefiniteSourceClosure.0.NumStability.higham10_30_inverseY	_private.NumStability.Source.Higham.Chapter10.Equation30.ComplexPositiveDefinite.NoPivotLU.SourceBounds.0.NumStability.higham10_30_inverseY	NumStability.Source.Higham.Chapter10.Equation30.ComplexPositiveDefinite.NoPivotLU.SourceBounds
_private.NumStability.Algorithms.Ch10ComplexPositiveDefiniteSourceClosure.0.NumStability.higham10_30_inverseY_energy_two_lt_border	_private.NumStability.Source.Higham.Chapter10.Equation30.ComplexPositiveDefinite.NoPivotLU.SourceBounds.0.NumStability.higham10_30_inverseY_energy_two_lt_border	NumStability.Source.Higham.Chapter10.Equation30.ComplexPositiveDefinite.NoPivotLU.SourceBounds
_private.NumStability.Algorithms.Ch10ComplexPositiveDefiniteSourceClosure.0.NumStability.higham10_30_inverseY_eq_swappedX	_private.NumStability.Source.Higham.Chapter10.Equation30.ComplexPositiveDefinite.NoPivotLU.SourceBounds.0.NumStability.higham10_30_inverseY_eq_swappedX	NumStability.Source.Higham.Chapter10.Equation30.ComplexPositiveDefinite.NoPivotLU.SourceBounds
_private.NumStability.Algorithms.Ch10ComplexPositiveDefiniteSourceClosure.0.NumStability.higham10_30_inverseY_posDef	_private.NumStability.Source.Higham.Chapter10.Equation30.ComplexPositiveDefinite.NoPivotLU.SourceBounds.0.NumStability.higham10_30_inverseY_posDef	NumStability.Source.Higham.Chapter10.Equation30.ComplexPositiveDefinite.NoPivotLU.SourceBounds
_private.NumStability.Algorithms.Ch10ComplexPositiveDefiniteSourceClosure.0.NumStability.higham10_30_inverse_real_part_upper	_private.NumStability.Source.Higham.Chapter10.Equation30.ComplexPositiveDefinite.NoPivotLU.SourceBounds.0.NumStability.higham10_30_inverse_real_part_upper	NumStability.Source.Higham.Chapter10.Equation30.ComplexPositiveDefinite.NoPivotLU.SourceBounds
_private.NumStability.Algorithms.Ch10ComplexPositiveDefiniteSourceClosure.0.NumStability.higham10_30_inverse_split_equations	_private.NumStability.Source.Higham.Chapter10.Equation30.ComplexPositiveDefinite.NoPivotLU.SourceBounds.0.NumStability.higham10_30_inverse_split_equations	NumStability.Source.Higham.Chapter10.Equation30.ComplexPositiveDefinite.NoPivotLU.SourceBounds
_private.NumStability.Algorithms.Ch10ComplexPositiveDefiniteSourceClosure.0.NumStability.higham10_30_matrixPosDef_to_isSymPosDef	_private.NumStability.Source.Higham.Chapter10.Equation30.ComplexPositiveDefinite.NoPivotLU.SourceBounds.0.NumStability.higham10_30_matrixPosDef_to_isSymPosDef	NumStability.Source.Higham.Chapter10.Equation30.ComplexPositiveDefinite.NoPivotLU.SourceBounds
_private.NumStability.Algorithms.Ch10ComplexPositiveDefiniteSourceClosure.0.NumStability.higham10_30_posDef_entry_sq_le_diag_mul_diag	_private.NumStability.Source.Higham.Chapter10.Equation30.ComplexPositiveDefinite.NoPivotLU.SourceBounds.0.NumStability.higham10_30_posDef_entry_sq_le_diag_mul_diag	NumStability.Source.Higham.Chapter10.Equation30.ComplexPositiveDefinite.NoPivotLU.SourceBounds
_private.NumStability.Algorithms.Ch10ComplexPositiveDefiniteSourceClosure.0.NumStability.higham10_30_posDef_inverse_anti	_private.NumStability.Source.Higham.Chapter10.Equation30.ComplexPositiveDefinite.NoPivotLU.SourceBounds.0.NumStability.higham10_30_posDef_inverse_anti	NumStability.Source.Higham.Chapter10.Equation30.ComplexPositiveDefinite.NoPivotLU.SourceBounds
_private.NumStability.Algorithms.Ch10ComplexPositiveDefiniteSourceClosure.0.NumStability.higham10_30_principal_border_at_posDef	_private.NumStability.Source.Higham.Chapter10.Equation30.ComplexPositiveDefinite.NoPivotLU.SourceBounds.0.NumStability.higham10_30_principal_border_at_posDef	NumStability.Source.Higham.Chapter10.Equation30.ComplexPositiveDefinite.NoPivotLU.SourceBounds
_private.NumStability.Algorithms.Ch10ComplexPositiveDefiniteSourceClosure.0.NumStability.higham10_30_principal_border_posDef	_private.NumStability.Source.Higham.Chapter10.Equation30.ComplexPositiveDefinite.NoPivotLU.SourceBounds.0.NumStability.higham10_30_principal_border_posDef	NumStability.Source.Higham.Chapter10.Equation30.ComplexPositiveDefinite.NoPivotLU.SourceBounds
_private.NumStability.Algorithms.Ch10ComplexPositiveDefiniteSourceClosure.0.NumStability.higham10_30_realQuadForm_nonneg_of_spd	_private.NumStability.Source.Higham.Chapter10.Equation30.ComplexPositiveDefinite.NoPivotLU.SourceBounds.0.NumStability.higham10_30_realQuadForm_nonneg_of_spd	NumStability.Source.Higham.Chapter10.Equation30.ComplexPositiveDefinite.NoPivotLU.SourceBounds
_private.NumStability.Algorithms.Ch10ComplexPositiveDefiniteSourceClosure.0.NumStability.higham10_30_real_schur_scalar_pos	_private.NumStability.Source.Higham.Chapter10.Equation30.ComplexPositiveDefinite.NoPivotLU.SourceBounds.0.NumStability.higham10_30_real_schur_scalar_pos	NumStability.Source.Higham.Chapter10.Equation30.ComplexPositiveDefinite.NoPivotLU.SourceBounds
_private.NumStability.Algorithms.Ch10ComplexPositiveDefiniteSourceClosure.0.NumStability.higham10_30_sourceDiagonalRep_norm_lt_three_max	_private.NumStability.Source.Higham.Chapter10.Equation30.ComplexPositiveDefinite.NoPivotLU.SourceBounds.0.NumStability.higham10_30_sourceDiagonalRep_norm_lt_three_max	NumStability.Source.Higham.Chapter10.Equation30.ComplexPositiveDefinite.NoPivotLU.SourceBounds
_private.NumStability.Algorithms.Ch10ComplexPositiveDefiniteSourceClosure.0.NumStability.higham10_30_sourceSchurDiagonalRep_of_leading	_private.NumStability.Source.Higham.Chapter10.Equation30.ComplexPositiveDefinite.NoPivotLU.SourceBounds.0.NumStability.higham10_30_sourceSchurDiagonalRep_of_leading	NumStability.Source.Higham.Chapter10.Equation30.ComplexPositiveDefinite.NoPivotLU.SourceBounds
_private.NumStability.Algorithms.Ch10ComplexPositiveDefiniteSourceClosure.0.NumStability.higham10_30_sourceUpperEntryRep_norm_lt_three_max	_private.NumStability.Source.Higham.Chapter10.Equation30.ComplexPositiveDefinite.NoPivotLU.SourceBounds.0.NumStability.higham10_30_sourceUpperEntryRep_norm_lt_three_max	NumStability.Source.Higham.Chapter10.Equation30.ComplexPositiveDefinite.NoPivotLU.SourceBounds
_private.NumStability.Algorithms.Ch10ComplexPositiveDefiniteSourceClosure.0.NumStability.higham10_30_sourceUpperEntryRep_of_exactLU	_private.NumStability.Source.Higham.Chapter10.Equation30.ComplexPositiveDefinite.NoPivotLU.SourceBounds.0.NumStability.higham10_30_sourceUpperEntryRep_of_exactLU	NumStability.Source.Higham.Chapter10.Equation30.ComplexPositiveDefinite.NoPivotLU.SourceBounds
_private.NumStability.Algorithms.Ch10ComplexPositiveDefiniteSourceClosure.0.NumStability.higham10_30_symmetric_cross_sum_eq	_private.NumStability.Source.Higham.Chapter10.Equation30.ComplexPositiveDefinite.NoPivotLU.SourceBounds.0.NumStability.higham10_30_symmetric_cross_sum_eq	NumStability.Source.Higham.Chapter10.Equation30.ComplexPositiveDefinite.NoPivotLU.SourceBounds
_private.NumStability.Algorithms.Ch10ComplexPositiveDefiniteSourceClosure.0.NumStability.higham10_30_symmetric_cross_sum_sub_eq_zero	_private.NumStability.Source.Higham.Chapter10.Equation30.ComplexPositiveDefinite.NoPivotLU.SourceBounds.0.NumStability.higham10_30_symmetric_cross_sum_sub_eq_zero	NumStability.Source.Higham.Chapter10.Equation30.ComplexPositiveDefinite.NoPivotLU.SourceBounds
_private.NumStability.Algorithms.Ch10ComplexPositiveDefiniteSourceClosure.0.NumStability.higham10_30_symmetric_cross_sum_sub_eq_zero_fintype	_private.NumStability.Source.Higham.Chapter10.Equation30.ComplexPositiveDefinite.NoPivotLU.SourceBounds.0.NumStability.higham10_30_symmetric_cross_sum_sub_eq_zero_fintype	NumStability.Source.Higham.Chapter10.Equation30.ComplexPositiveDefinite.NoPivotLU.SourceBounds
_private.NumStability.Algorithms.Ch10ComplexPositiveDefiniteSourceClosure.0.NumStability.higham10_30_symmetric_mulVec_cross_eq	_private.NumStability.Source.Higham.Chapter10.Equation30.ComplexPositiveDefinite.NoPivotLU.SourceBounds.0.NumStability.higham10_30_symmetric_mulVec_cross_eq	NumStability.Source.Higham.Chapter10.Equation30.ComplexPositiveDefinite.NoPivotLU.SourceBounds
_private.NumStability.Algorithms.Ch10ComplexPositiveDefiniteSourceClosure.0.NumStability.higham10_30_symmetric_mulVec_cross_eq_fintype	_private.NumStability.Source.Higham.Chapter10.Equation30.ComplexPositiveDefinite.NoPivotLU.SourceBounds.0.NumStability.higham10_30_symmetric_mulVec_cross_eq_fintype	NumStability.Source.Higham.Chapter10.Equation30.ComplexPositiveDefinite.NoPivotLU.SourceBounds
_private.NumStability.Algorithms.Ch10ComplexPositiveDefiniteSourceClosure.0.NumStability.higham10_30_twoTrailingPrincipal_posDef	_private.NumStability.Source.Higham.Chapter10.Equation30.ComplexPositiveDefinite.NoPivotLU.SourceBounds.0.NumStability.higham10_30_twoTrailingPrincipal_posDef	NumStability.Source.Higham.Chapter10.Equation30.ComplexPositiveDefinite.NoPivotLU.SourceBounds
_private.NumStability.Algorithms.Ch10KahanSharpnessSource.0.NumStability.complexMatrixOp2_vecMulVec	_private.NumStability.Source.Higham.Chapter10.Lemma13.KahanSharpness.OperatorNorm.SourceBound.0.NumStability.complexMatrixOp2_vecMulVec	NumStability.Source.Higham.Chapter10.Lemma13.KahanSharpness.OperatorNorm.SourceBound
_private.NumStability.Algorithms.Ch10KahanSharpnessSource.0.NumStability.higham10Kahan_geometric_segment	_private.NumStability.Source.Higham.Chapter10.Lemma13.KahanSharpness.OperatorNorm.SourceBound.0.NumStability.higham10Kahan_geometric_segment	NumStability.Source.Higham.Chapter10.Lemma13.KahanSharpness.OperatorNorm.SourceBound
_private.NumStability.Algorithms.Ch10Theorem108Componentwise.0.NumStability.higham10_8_absMatrix_symmetric_of_symmetric	_private.NumStability.Source.Higham.Chapter10.Theorem08.ComponentwisePerturbation.NormalizedResolvent.SourceBound.0.NumStability.higham10_8_absMatrix_symmetric_of_symmetric	NumStability.Source.Higham.Chapter10.Theorem08.ComponentwisePerturbation.NormalizedResolvent.SourceBound
_private.NumStability.Algorithms.Ch10Theorem108Componentwise.0.NumStability.higham10_8_matSub_id_symmetric	_private.NumStability.Source.Higham.Chapter10.Theorem08.ComponentwisePerturbation.NormalizedResolvent.SourceBound.0.NumStability.higham10_8_matSub_id_symmetric	NumStability.Source.Higham.Chapter10.Theorem08.ComponentwisePerturbation.NormalizedResolvent.SourceBound
_private.NumStability.Algorithms.Ch10Theorem108Componentwise.0.NumStability.higham10_8_one_sub_le_recip_sub_abs	_private.NumStability.Source.Higham.Chapter10.Theorem08.ComponentwisePerturbation.NormalizedResolvent.SourceBound.0.NumStability.higham10_8_one_sub_le_recip_sub_abs	NumStability.Source.Higham.Chapter10.Theorem08.ComponentwisePerturbation.NormalizedResolvent.SourceBound
_private.NumStability.Algorithms.Ch10Theorem108Componentwise.0.NumStability.higham10_8_recip_abs_le_one_add_gap	_private.NumStability.Source.Higham.Chapter10.Theorem08.ComponentwisePerturbation.NormalizedResolvent.SourceBound.0.NumStability.higham10_8_recip_abs_le_one_add_gap	NumStability.Source.Higham.Chapter10.Theorem08.ComponentwisePerturbation.NormalizedResolvent.SourceBound
_private.NumStability.Algorithms.Ch10Theorem108Componentwise.0.NumStability.higham10_8_resolvent_commutes	_private.NumStability.Source.Higham.Chapter10.Theorem08.ComponentwisePerturbation.NormalizedResolvent.SourceBound.0.NumStability.higham10_8_resolvent_commutes	NumStability.Source.Higham.Chapter10.Theorem08.ComponentwisePerturbation.NormalizedResolvent.SourceBound
_private.NumStability.Algorithms.Ch10Theorem108Componentwise.0.NumStability.higham10_8_right_resolvent_majorant_id	_private.NumStability.Source.Higham.Chapter10.Theorem08.ComponentwisePerturbation.NormalizedResolvent.SourceBound.0.NumStability.higham10_8_right_resolvent_majorant_id	NumStability.Source.Higham.Chapter10.Theorem08.ComponentwisePerturbation.NormalizedResolvent.SourceBound
_private.NumStability.Algorithms.Cholesky.CholeskyPSD.0.NumStability.psd_diag_nonneg	_private.NumStability.Source.Higham.Chapter10.Section03.PositiveSemidefinite.ConstructiveFactorization.Existence.0.NumStability.psd_diag_nonneg	NumStability.Source.Higham.Chapter10.Section03.PositiveSemidefinite.ConstructiveFactorization.Existence
_private.NumStability.Algorithms.Cholesky.CholeskyPSD.0.NumStability.psd_zero_diag_row_zero	_private.NumStability.Source.Higham.Chapter10.Section03.PositiveSemidefinite.ConstructiveFactorization.Existence.0.NumStability.psd_zero_diag_row_zero	NumStability.Source.Higham.Chapter10.Section03.PositiveSemidefinite.ConstructiveFactorization.Existence
_private.NumStability.Algorithms.Cholesky.CholeskyPSD.0.NumStability.quadForm_two_point	_private.NumStability.Source.Higham.Chapter10.Problem01.PositiveSemidefiniteEntries.EntryBounds.Results.0.NumStability.quadForm_two_point	NumStability.Source.Higham.Chapter10.Problem01.PositiveSemidefiniteEntries.EntryBounds.Results
_private.NumStability.Algorithms.Cholesky.CholeskyPSD.0.NumStability.sum_filter_succ_tail	_private.NumStability.Source.Higham.Chapter10.Section03.PositiveSemidefinite.ConstructiveFactorization.Existence.0.NumStability.sum_filter_succ_tail	NumStability.Source.Higham.Chapter10.Section03.PositiveSemidefinite.ConstructiveFactorization.Existence
_private.NumStability.Algorithms.Cholesky.Higham1014Equation1022.0.NumStability.higham10_14_abs_entry_le_of_rectOpNorm2Le	_private.NumStability.Source.Higham.Chapter10.Theorem14.CompletePivotedPSD.SchurPerturbation.Family.0.NumStability.higham10_14_abs_entry_le_of_rectOpNorm2Le	NumStability.Source.Higham.Chapter10.Theorem14.CompletePivotedPSD.SchurPerturbation.Family
_private.NumStability.Algorithms.Cholesky.Higham1014Equation1022.0.NumStability.higham10_14_rectOpNorm2Le_add	_private.NumStability.Source.Higham.Chapter10.Theorem14.CompletePivotedPSD.SchurPerturbation.Family.0.NumStability.higham10_14_rectOpNorm2Le_add	NumStability.Source.Higham.Chapter10.Theorem14.CompletePivotedPSD.SchurPerturbation.Family
_private.NumStability.Algorithms.Cholesky.Higham1014Equation1022.0.NumStability.higham10_14_rectOpNorm2Le_neg	_private.NumStability.Source.Higham.Chapter10.Theorem14.CompletePivotedPSD.SchurPerturbation.Family.0.NumStability.higham10_14_rectOpNorm2Le_neg	NumStability.Source.Higham.Chapter10.Theorem14.CompletePivotedPSD.SchurPerturbation.Family
_private.NumStability.Algorithms.Cholesky.Higham1014SourceError.0.NumStability.higham10_14_cert_core	_private.NumStability.Source.Higham.Chapter10.Theorem14.CompletePivotedPSD.RankSensitiveError.Bounds.0.NumStability.higham10_14_cert_core	NumStability.Source.Higham.Chapter10.Theorem14.CompletePivotedPSD.RankSensitiveError.Bounds
_private.NumStability.Algorithms.Cholesky.Higham1014SourceError.0.NumStability.higham10_14_entry_bound	_private.NumStability.Source.Higham.Chapter10.Theorem14.CompletePivotedPSD.RankSensitiveError.Bounds.0.NumStability.higham10_14_entry_bound	NumStability.Source.Higham.Chapter10.Theorem14.CompletePivotedPSD.RankSensitiveError.Bounds
_private.NumStability.Algorithms.Cholesky.Higham1014SourceError.0.NumStability.higham10_14_opNorm2Le_neg	_private.NumStability.Source.Higham.Chapter10.Theorem14.CompletePivotedPSD.RankSensitiveError.Bounds.0.NumStability.higham10_14_opNorm2Le_neg	NumStability.Source.Higham.Chapter10.Theorem14.CompletePivotedPSD.RankSensitiveError.Bounds
_private.NumStability.Algorithms.Cholesky.Higham1014SourceError.0.NumStability.higham10_14_sqrt_nat_le_nat	_private.NumStability.Source.Higham.Chapter10.Theorem14.CompletePivotedPSD.RankSensitiveError.Bounds.0.NumStability.higham10_14_sqrt_nat_le_nat	NumStability.Source.Higham.Chapter10.Theorem14.CompletePivotedPSD.RankSensitiveError.Bounds
_private.NumStability.Algorithms.Cholesky.Higham1014SourceError.0.NumStability.higham10_14_sum_truncate_at	_private.NumStability.Source.Higham.Chapter10.Theorem14.CompletePivotedPSD.RankSensitiveError.Bounds.0.NumStability.higham10_14_sum_truncate_at	NumStability.Source.Higham.Chapter10.Theorem14.CompletePivotedPSD.RankSensitiveError.Bounds
_private.NumStability.Algorithms.Cholesky.Higham1014SourceError.0.NumStability.higham10_14_trunc_abs_gram	_private.NumStability.Source.Higham.Chapter10.Theorem14.CompletePivotedPSD.RankSensitiveError.Bounds.0.NumStability.higham10_14_trunc_abs_gram	NumStability.Source.Higham.Chapter10.Theorem14.CompletePivotedPSD.RankSensitiveError.Bounds
_private.NumStability.Algorithms.Cholesky.Higham1014SourceError.0.NumStability.higham10_14_trunc_abs_gram_computed	_private.NumStability.Source.Higham.Chapter10.Theorem14.CompletePivotedPSD.RankSensitiveError.Bounds.0.NumStability.higham10_14_trunc_abs_gram_computed	NumStability.Source.Higham.Chapter10.Theorem14.CompletePivotedPSD.RankSensitiveError.Bounds
_private.NumStability.Algorithms.Cholesky.Higham1014SourceError.0.NumStability.higham10_14_zeroRowPad_opNorm2Le	_private.NumStability.Source.Higham.Chapter10.Theorem14.CompletePivotedPSD.RankSensitiveError.Bounds.0.NumStability.higham10_14_zeroRowPad_opNorm2Le	NumStability.Source.Higham.Chapter10.Theorem14.CompletePivotedPSD.RankSensitiveError.Bounds
_private.NumStability.Algorithms.HighamChapter10.0.NumStability.higham10_18_row_cast	_private.NumStability.Source.Higham.Chapter10.Lemma13.KahanSharpness.UnboundedGrowth.Construction.0.NumStability.higham10_18_row_cast	NumStability.Source.Higham.Chapter10.Lemma13.KahanSharpness.UnboundedGrowth.Construction
_private.NumStability.Algorithms.HighamChapter10.0.NumStability.higham10_18_row_nat	_private.NumStability.Source.Higham.Chapter10.Lemma13.KahanSharpness.UnboundedGrowth.Construction.0.NumStability.higham10_18_row_nat	NumStability.Source.Higham.Chapter10.Lemma13.KahanSharpness.UnboundedGrowth.Construction
_private.NumStability.Algorithms.HighamChapter10.0.NumStability.higham10_9_upper_product_sum_split	_private.NumStability.Source.Higham.Chapter10.Section03.PositiveSemidefinite.PivotingAndScaling.Results.0.NumStability.higham10_9_upper_product_sum_split	NumStability.Source.Higham.Chapter10.Section03.PositiveSemidefinite.PivotingAndScaling.Results
_private.NumStability.Algorithms.HighamChapter10.0.NumStability.kahan_telescope	_private.NumStability.Algorithms.LinearSystems.Cholesky.PositiveSemidefinite.KahanTelescope.Identity.0.NumStability.kahan_telescope	NumStability.Algorithms.LinearSystems.Cholesky.PositiveSemidefinite.KahanTelescope.Identity
_private.NumStability.Source.Higham.Chapter10.Theorem07.0.NumStability.bordered_perturbation_floor_sqrt	_private.NumStability.Source.Higham.Chapter10.Theorem07.Core.Results.0.NumStability.bordered_perturbation_floor_sqrt	NumStability.Source.Higham.Chapter10.Theorem07.Core.Results
_private.NumStability.Source.Higham.Chapter10.Theorem07.0.NumStability.solved_border_mass_le	_private.NumStability.Source.Higham.Chapter10.Theorem07.Core.Results.0.NumStability.solved_border_mass_le	NumStability.Source.Higham.Chapter10.Theorem07.Core.Results
_private.NumStability.Source.Higham.Chapter10.Theorem07.0.NumStability.sourceB	_private.NumStability.Source.Higham.Chapter10.Theorem07.Core.Results.0.NumStability.sourceB	NumStability.Source.Higham.Chapter10.Theorem07.Core.Results
_private.NumStability.Source.Higham.Chapter10.Theorem07.0.NumStability.sourceC	_private.NumStability.Source.Higham.Chapter10.Theorem07.Core.Results.0.NumStability.sourceC	NumStability.Source.Higham.Chapter10.Theorem07.Core.Results
_private.NumStability.Source.Higham.Chapter10.Theorem07.0.NumStability.sourceD	_private.NumStability.Source.Higham.Chapter10.Theorem07.Core.Results.0.NumStability.sourceD	NumStability.Source.Higham.Chapter10.Theorem07.Core.Results
_private.NumStability.Source.Higham.Chapter10.Theorem07.0.NumStability.sourceD_pos_of_gamma_lt_one	_private.NumStability.Source.Higham.Chapter10.Theorem07.Core.Results.0.NumStability.sourceD_pos_of_gamma_lt_one	NumStability.Source.Higham.Chapter10.Theorem07.Core.Results
_private.NumStability.Source.Higham.Chapter10.Theorem07.0.NumStability.sourceE	_private.NumStability.Source.Higham.Chapter10.Theorem07.Core.Results.0.NumStability.sourceE	NumStability.Source.Higham.Chapter10.Theorem07.Core.Results
_private.NumStability.Source.Higham.Chapter10.Theorem07.0.NumStability.sourceI	_private.NumStability.Source.Higham.Chapter10.Theorem07.Core.Results.0.NumStability.sourceI	NumStability.Source.Higham.Chapter10.Theorem07.Core.Results
_private.NumStability.Source.Higham.Chapter10.Theorem07.0.NumStability.sourceP	_private.NumStability.Source.Higham.Chapter10.Theorem07.Core.Results.0.NumStability.sourceP	NumStability.Source.Higham.Chapter10.Theorem07.Core.Results
_private.NumStability.Source.Higham.Chapter10.Theorem07.0.NumStability.sourceP_formula	_private.NumStability.Source.Higham.Chapter10.Theorem07.Core.Results.0.NumStability.sourceP_formula	NumStability.Source.Higham.Chapter10.Theorem07.Core.Results
_private.NumStability.Source.Higham.Chapter10.Theorem07.0.NumStability.sourceP_sub_B_formula	_private.NumStability.Source.Higham.Chapter10.Theorem07.Core.Results.0.NumStability.sourceP_sub_B_formula	NumStability.Source.Higham.Chapter10.Theorem07.Core.Results
_private.NumStability.Source.Higham.Chapter10.Theorem07.0.NumStability.sourceP_sub_B_two_formula	_private.NumStability.Source.Higham.Chapter10.Theorem07.Core.Results.0.NumStability.sourceP_sub_B_two_formula	NumStability.Source.Higham.Chapter10.Theorem07.Core.Results
_private.NumStability.Source.Higham.Chapter10.Theorem07.0.NumStability.sourceQ	_private.NumStability.Source.Higham.Chapter10.Theorem07.Core.Results.0.NumStability.sourceQ	NumStability.Source.Higham.Chapter10.Theorem07.Core.Results
_private.NumStability.Source.Higham.Chapter10.Theorem07.0.NumStability.sourceQ_formula	_private.NumStability.Source.Higham.Chapter10.Theorem07.Core.Results.0.NumStability.sourceQ_formula	NumStability.Source.Higham.Chapter10.Theorem07.Core.Results
_private.NumStability.Source.Higham.Chapter10.Theorem07.0.NumStability.sourceR	_private.NumStability.Source.Higham.Chapter10.Theorem07.Core.Results.0.NumStability.sourceR	NumStability.Source.Higham.Chapter10.Theorem07.Core.Results
_private.NumStability.Source.Higham.Chapter10.Theorem07.0.NumStability.source_boundary_two_formula	_private.NumStability.Source.Higham.Chapter10.Theorem07.Core.Results.0.NumStability.source_boundary_two_formula	NumStability.Source.Higham.Chapter10.Theorem07.Core.Results
_private.NumStability.Source.Higham.Chapter10.Theorem07.0.NumStability.source_common_coefficients	_private.NumStability.Source.Higham.Chapter10.Theorem07.Core.Results.0.NumStability.source_common_coefficients	NumStability.Source.Higham.Chapter10.Theorem07.Core.Results
_private.NumStability.Source.Higham.Chapter10.Theorem07.0.NumStability.source_common_product_core	_private.NumStability.Source.Higham.Chapter10.Theorem07.Core.Results.0.NumStability.source_common_product_core	NumStability.Source.Higham.Chapter10.Theorem07.Core.Results
_private.NumStability.Source.Higham.Chapter10.Theorem07.0.NumStability.source_product_diff_formula	_private.NumStability.Source.Higham.Chapter10.Theorem07.Core.Results.0.NumStability.source_product_diff_formula	NumStability.Source.Higham.Chapter10.Theorem07.Core.Results
_private.NumStability.Source.Higham.Chapter10.Theorem07.0.NumStability.source_product_two_formula	_private.NumStability.Source.Higham.Chapter10.Theorem07.Core.Results.0.NumStability.source_product_two_formula	NumStability.Source.Higham.Chapter10.Theorem07.Core.Results
_private.NumStability.Source.Higham.Chapter10.Theorem07.0.NumStability.source_stage_interior_coeff_le	_private.NumStability.Source.Higham.Chapter10.Theorem07.Core.Results.0.NumStability.source_stage_interior_coeff_le	NumStability.Source.Higham.Chapter10.Theorem07.Core.Results
_private.NumStability.Source.Higham.Chapter10.Theorem07.0.NumStability.source_stage_recip_le	_private.NumStability.Source.Higham.Chapter10.Theorem07.Core.Results.0.NumStability.source_stage_recip_le	NumStability.Source.Higham.Chapter10.Theorem07.Core.Results
_private.NumStability.Algorithms.Cholesky.CholeskyFl.0.NumStability.chol_cert_core	_private.NumStability.Algorithms.Cholesky.CholeskyFl.0.NumStability.chol_cert_core	NumStability.Algorithms.Cholesky.CholeskyFl
_private.NumStability.Algorithms.Cholesky.CholeskyFl.0.NumStability.chol_term_factor_bound	_private.NumStability.Algorithms.Cholesky.CholeskyFl.0.NumStability.chol_term_factor_bound	NumStability.Algorithms.Cholesky.CholeskyFl
_private.NumStability.Algorithms.Cholesky.CholeskyFl.0.NumStability.counter_one	_private.NumStability.Algorithms.Cholesky.CholeskyFl.0.NumStability.counter_one	NumStability.Algorithms.Cholesky.CholeskyFl
_private.NumStability.Algorithms.Cholesky.CholeskyFl.0.NumStability.counter_plain_prod	_private.NumStability.Algorithms.Cholesky.CholeskyFl.0.NumStability.counter_plain_prod	NumStability.Algorithms.Cholesky.CholeskyFl
_private.NumStability.Algorithms.Cholesky.CholeskyFl.0.NumStability.fl_cholesky_entry_bound	_private.NumStability.Algorithms.Cholesky.CholeskyFl.0.NumStability.fl_cholesky_entry_bound	NumStability.Algorithms.Cholesky.CholeskyFl
_private.NumStability.Algorithms.Cholesky.CholeskyFl.0.NumStability.one_add_pos_of_abs_le_u	_private.NumStability.Algorithms.Cholesky.CholeskyFl.0.NumStability.one_add_pos_of_abs_le_u	NumStability.Algorithms.Cholesky.CholeskyFl
_private.NumStability.Algorithms.Cholesky.CholeskyFl.0.NumStability.suffix_mul_prefix_eq_prod	_private.NumStability.Algorithms.Cholesky.CholeskyFl.0.NumStability.suffix_mul_prefix_eq_prod	NumStability.Algorithms.Cholesky.CholeskyFl
_private.NumStability.Algorithms.Cholesky.CholeskyFl.0.NumStability.sum_truncate_at	_private.NumStability.Algorithms.Cholesky.CholeskyFl.0.NumStability.sum_truncate_at	NumStability.Algorithms.Cholesky.CholeskyFl
_private.NumStability.Algorithms.Cholesky.CholeskyFl.0.NumStability.u_lt_one_of_gammaValid_succ	_private.NumStability.Algorithms.Cholesky.CholeskyFl.0.NumStability.u_lt_one_of_gammaValid_succ	NumStability.Algorithms.Cholesky.CholeskyFl
_private.NumStability.Algorithms.Cholesky.CholeskyNonsym.0.NumStability.sum_zero_off_lt	_private.NumStability.Algorithms.Cholesky.CholeskyNonsym.0.NumStability.sum_zero_off_lt	NumStability.Algorithms.Cholesky.CholeskyNonsym
_private.NumStability.Algorithms.Cholesky.CholeskySpec.0.NumStability.cholesky_factor_uniqueness	_private.NumStability.Algorithms.Cholesky.CholeskySpec.0.NumStability.cholesky_factor_uniqueness	NumStability.Algorithms.Cholesky.CholeskySpec
_private.NumStability.Algorithms.Cholesky.CholeskySpec.0.NumStability.schur_pd	_private.NumStability.Algorithms.Cholesky.CholeskySpec.0.NumStability.schur_pd	NumStability.Algorithms.Cholesky.CholeskySpec
_private.NumStability.Algorithms.Cholesky.CholeskySpec.0.NumStability.schur_sym	_private.NumStability.Algorithms.Cholesky.CholeskySpec.0.NumStability.schur_sym	NumStability.Algorithms.Cholesky.CholeskySpec
_private.NumStability.Algorithms.Cholesky.CholeskySpec.0.NumStability.spd_diag_pos	_private.NumStability.Algorithms.Cholesky.CholeskySpec.0.NumStability.spd_diag_pos	NumStability.Algorithms.Cholesky.CholeskySpec
