owner_module	imports
NumStability.Algorithms.RandNLA.ElementwiseSpectral	NumStability.Algorithms.RandNLA.ElementwiseSampling;NumStability.Algorithms.RandNLA.ElementwiseTraceMGF;NumStability.Algorithms.RandNLA.HitCountConcentration;NumStability.Algorithms.RandNLA.Preconditioning;NumStability.Algorithms.RandomizedLinearAlgebra.Concentration.SpectralTransfer.Elementwise;NumStability.Analysis.FiniteProbability;NumStability.Analysis.MatrixConcentration;NumStability.Analysis.MatrixSpectral;NumStability.Source.DrineasMahoney.RandNLA2016.Equation02.SpectralApproximation.ElementwiseSpectral;NumStability.Source.DrineasMahoney.RandNLA2016.Equation02.SpectralApproximation.ResidualMomentBounds;NumStability.Source.DrineasMahoney.RandNLA2016.Equation02.SpectralApproximation.SpectralEventEndpoints
NumStability.Algorithms.RandNLA.HitCountConcentration	Mathlib.Algebra.BigOperators.Group.Finset.Basic;Mathlib.Algebra.Order.BigOperators.Group.Finset;Mathlib.Analysis.SpecialFunctions.Log.Basic;Mathlib.Data.Real.Basic;Mathlib.Tactic.Linarith;Mathlib.Tactic.Ring;NumStability.Algorithms.RandNLA.ElementwiseSampling;NumStability.Algorithms.RandomizedLinearAlgebra.Concentration.HitCounts.Bounds;NumStability.Analysis.FiniteProbability;NumStability.Source.DrineasMahoney.RandNLA2016.Algorithm01.ElementwiseSampling.HitCountConcentration;NumStability.Source.DrineasMahoney.RandNLA2016.Algorithm01.ElementwiseSampling.HitPairEvents
NumStability.Algorithms.RandNLA.LeastSquaresSketch	Mathlib.Analysis.InnerProductSpace.PiL2;NumStability.Algorithms.LinearSystems.LeastSquares.Basic;NumStability.Algorithms.LinearSystems.LeastSquares.NormalEquations;NumStability.Algorithms.LinearSystems.LeastSquares.StoredQR;NumStability.Algorithms.RandNLA.RowSamplingLeverage;NumStability.Algorithms.RandNLA.RowSamplingLeverageMGF;NumStability.Algorithms.RandomizedLinearAlgebra.LeastSquaresSketching.Objectives.Core;NumStability.Algorithms.RandomizedLinearAlgebra.LeastSquaresSketching.RowSampling.Core;NumStability.Analysis.FiniteProbability;NumStability.Analysis.MatrixAlgebra;NumStability.Analysis.Perturbation.LeastSquares.BackwardError;NumStability.Analysis.Perturbation.LeastSquares.Basic;NumStability.Analysis.Perturbation.LeastSquares.NormalEquations;NumStability.Source.DrineasMahoney.RandNLA2016.Equation08.LeastSquaresSketch.Endpoints;NumStability.Source.DrineasMahoney.RandNLA2016.Equation08.LeastSquaresSketch.FloatingPointObjectiveBounds;NumStability.Source.DrineasMahoney.RandNLA2016.Equation08.LeastSquaresSketch.SketchedObjectiveBounds;NumStability.Source.Higham.Chapter20.Theorem03.QRSolve
NumStability.Algorithms.RandNLA.Preconditioning	Mathlib.Algebra.BigOperators.Group.Finset.Basic;Mathlib.Algebra.Order.BigOperators.Group.Finset;Mathlib.Analysis.SpecialFunctions.Trigonometric.Series;Mathlib.Data.Fin.Tuple.Basic;Mathlib.Data.Real.Basic;Mathlib.Tactic.Ring;NumStability.Algorithms.MatMul;NumStability.Algorithms.RandNLA.RowSamplingLeverage;NumStability.Algorithms.RandNLA.UniformRowSampling;NumStability.Algorithms.RandomizedLinearAlgebra.Preconditioning.CountSketch.HashCollisionProbabilities;NumStability.Algorithms.RandomizedLinearAlgebra.Preconditioning.CountSketch.SketchedGramMoments;NumStability.Algorithms.RandomizedLinearAlgebra.Preconditioning.CountSketch.SketchedGramLoewnerCovers;NumStability.Algorithms.RandomizedLinearAlgebra.Preconditioning.CountSketch.SketchInjectivityBounds;NumStability.Algorithms.RandomizedLinearAlgebra.Preconditioning.ExactTransforms.Core;NumStability.Algorithms.Summation.Tree.Core;NumStability.Analysis.FiniteProbability;NumStability.Analysis.MatrixAlgebra;NumStability.Analysis.MatrixConcentration;NumStability.Analysis.Summation.ErrorBounds;NumStability.Source.DrineasMahoney.RandNLA2016.Algorithm03.RandomProjectionPreconditioning.Preconditioning
NumStability.Algorithms.RandNLA.RowSamplingGram	Mathlib.Algebra.BigOperators.Group.Finset.Basic;Mathlib.Algebra.Order.BigOperators.Group.Finset;Mathlib.Data.Real.Basic;Mathlib.Tactic.FieldSimp;Mathlib.Tactic.Linarith;Mathlib.Tactic.Ring;NumStability.Algorithms.DotProduct;NumStability.Algorithms.RandNLA.RowSampling;NumStability.Algorithms.RandomizedLinearAlgebra.Sampling.RowNorm.Gram;NumStability.Source.DrineasMahoney.RandNLA2016.Equation05.GramApproximation.Bounds;NumStability.Source.DrineasMahoney.RandNLA2016.Equation05.GramApproximation.SampledGramEndpoints
NumStability.Algorithms.RandNLA.RowSamplingLeverage	Mathlib.Algebra.BigOperators.Group.Finset.Basic;Mathlib.Algebra.Order.BigOperators.Group.Finset;Mathlib.Data.Real.Basic;Mathlib.Tactic.FieldSimp;Mathlib.Tactic.Linarith;Mathlib.Tactic.Ring;NumStability.Algorithms.RandNLA.RowSamplingGram;NumStability.Algorithms.RandomizedLinearAlgebra.Sampling.LeverageScore.Core;NumStability.Source.DrineasMahoney.RandNLA2016.Equation06.LeverageProbability.Normalization;NumStability.Source.DrineasMahoney.RandNLA2016.Equation07.SubspaceEmbedding.Leverage;NumStability.Source.DrineasMahoney.RandNLA2016.Equation07.SubspaceEmbedding.SampledGramOperatorNorm
NumStability.Algorithms.RandNLA.UniformRowSampling	Mathlib.Algebra.BigOperators.Group.Finset.Basic;Mathlib.Algebra.Order.BigOperators.Group.Finset;Mathlib.Data.Real.Basic;Mathlib.Tactic.FieldSimp;Mathlib.Tactic.Linarith;Mathlib.Tactic.Ring;NumStability.Algorithms.RandNLA.RowSamplingLeverage;NumStability.Algorithms.RandomizedLinearAlgebra.Sampling.UniformRows.Core;NumStability.Algorithms.RandomizedLinearAlgebra.Sampling.UniformRows.GramMoments;NumStability.Source.DrineasMahoney.RandNLA2016.Algorithm03.RandomProjectionPreconditioning.UniformRows
NumStability.Algorithms.RandNLA.UniformRowSamplingComposition	NumStability.Algorithms.RandNLA.Preconditioning;NumStability.Algorithms.RandNLA.UniformRowSamplingMGF;NumStability.Algorithms.RandomizedLinearAlgebra.Preconditioning.ExactTransforms.UniformRowComposition;NumStability.Algorithms.RandomizedLinearAlgebra.Preconditioning.ExactTransforms.UniformRowEmbedding;NumStability.Source.DrineasMahoney.RandNLA2016.Algorithm03.RandomProjectionPreconditioning.UniformRowComposition
NumStability.Algorithms.RandNLA.UniformRowSamplingFP	Mathlib.Data.Real.Sqrt;Mathlib.Tactic.FieldSimp;Mathlib.Tactic.Linarith;Mathlib.Tactic.Ring;NumStability.Algorithms.RandNLA.UniformRowSamplingComposition;NumStability.Algorithms.RandomizedLinearAlgebra.Preconditioning.ExactTransforms.UniformRowEmbedding;NumStability.Algorithms.RandomizedLinearAlgebra.Sampling.UniformRows.FloatingPoint;NumStability.Algorithms.RandomizedLinearAlgebra.Sampling.UniformRows.GramDotFloatingPoint;NumStability.Source.DrineasMahoney.RandNLA2016.Algorithm03.RandomProjectionPreconditioning.FloatingPoint;NumStability.Source.DrineasMahoney.RandNLA2016.Algorithm03.RandomProjectionPreconditioning.SparsePreconditionedEmbeddings;NumStability.Source.DrineasMahoney.RandNLA2016.Algorithm03.RandomProjectionPreconditioning.SparsePreconditionedGramBounds;NumStability.Source.DrineasMahoney.RandNLA2016.Algorithm03.RandomProjectionPreconditioning.SparsePreconditionedGramGrids
