owner_module	path	base_blob_oid	baseline_declaration_name	ilean_path	ilean_sha256	ilean_root	source_ordinal	start_line_0	start_column_0	end_line_0	end_column_0	selection_start_line_0	selection_start_column_0	selection_end_line_0	selection_end_column_0	command_sha256
NumStability.Analysis.BergerGeneral	NumStability/Analysis/BergerGeneral.lean	aa447e9b3c5ee731062c6ee25d85335134c729f2	_private.NumStability.Analysis.BergerGeneral.0.NumStability.term𝔼	NumStability/Analysis/BergerGeneral.ilean	4EC68F5874C95EB80F9FA5E60A7140E52CA51E34423106969F7C63A8D5C84CA7	_private.NumStability.Analysis.BergerGeneral.0.NumStability._aux_NumStability_Analysis_BergerGeneral___macroRules__private_NumStability_Analysis_BergerGeneral_0_NumStability_term𝔼_1	0	109	0	109	47	109	0	109	47	77F44725CC92DEB7D2CEF6DE4874B92B44335B3E45DE82693FA73EC68D864854
NumStability.Analysis.BergerGeneral	NumStability/Analysis/BergerGeneral.lean	aa447e9b3c5ee731062c6ee25d85335134c729f2	_private.NumStability.Analysis.BergerGeneral.0.NumStability.bergerGeneral_unit_root	NumStability/Analysis/BergerGeneral.ilean	4EC68F5874C95EB80F9FA5E60A7140E52CA51E34423106969F7C63A8D5C84CA7	_private.NumStability.Analysis.BergerGeneral.0.NumStability.bergerGeneral_unit_root	1	115	0	143	32	123	16	123	39	071345BA5F53E387D76C137B544292DB158447AC20864BC8C47F1054E7133C51
NumStability.Analysis.BergerGeneral	NumStability/Analysis/BergerGeneral.lean	aa447e9b3c5ee731062c6ee25d85335134c729f2	_private.NumStability.Analysis.BergerGeneral.0.NumStability.bergerGeneral_telescoping	NumStability/Analysis/BergerGeneral.ilean	4EC68F5874C95EB80F9FA5E60A7140E52CA51E34423106969F7C63A8D5C84CA7	_private.NumStability.Analysis.BergerGeneral.0.NumStability.bergerGeneral_telescoping	2	145	0	170	5	153	16	153	41	45899C0C01CD62D3C9AB950A86FE92B0BEC59A995B59245997F214386E1BD508
NumStability.Analysis.BergerGeneral	NumStability/Analysis/BergerGeneral.lean	aa447e9b3c5ee731062c6ee25d85335134c729f2	_private.NumStability.Analysis.BergerGeneral.0.NumStability.bergerGeneral_sum_p	NumStability/Analysis/BergerGeneral.ilean	4EC68F5874C95EB80F9FA5E60A7140E52CA51E34423106969F7C63A8D5C84CA7	_private.NumStability.Analysis.BergerGeneral.0.NumStability.bergerGeneral_sum_p	3	172	0	211	30	180	16	180	35	35F9B7FA54D0508B3B5E89180864E9865142EE5660CF2DB83FEFCD8D22E0DF7C
NumStability.Analysis.BergerGeneral	NumStability/Analysis/BergerGeneral.lean	aa447e9b3c5ee731062c6ee25d85335134c729f2	_private.NumStability.Analysis.BergerGeneral.0.NumStability.bergerGeneral_smul_pow	NumStability/Analysis/BergerGeneral.ilean	4EC68F5874C95EB80F9FA5E60A7140E52CA51E34423106969F7C63A8D5C84CA7	_private.NumStability.Analysis.BergerGeneral.0.NumStability.bergerGeneral_smul_pow	4	213	0	226	13	217	16	217	38	B9D213511D30DC287BC686A4B6B47F10560E407F78237CA969122C0F989AABFE
NumStability.Analysis.BergerGeneral	NumStability/Analysis/BergerGeneral.lean	aa447e9b3c5ee731062c6ee25d85335134c729f2	NumStability.numericalRadiusCLM_pow_pointwise_le_of_le_one	NumStability/Analysis/BergerGeneral.ilean	4EC68F5874C95EB80F9FA5E60A7140E52CA51E34423106969F7C63A8D5C84CA7	NumStability.numericalRadiusCLM_pow_pointwise_le_of_le_one	5	232	0	309	16	244	8	244	53	336BE5268E4F28D71A37D100747D44D08F437980E4DD98C8563FB849ED9F323B
NumStability.Analysis.BergerGeneral	NumStability/Analysis/BergerGeneral.lean	aa447e9b3c5ee731062c6ee25d85335134c729f2	NumStability.numericalRadiusCLM_pow_le_one_of_le_one	NumStability/Analysis/BergerGeneral.ilean	4EC68F5874C95EB80F9FA5E60A7140E52CA51E34423106969F7C63A8D5C84CA7	NumStability.numericalRadiusCLM_pow_le_one_of_le_one	6	311	0	321	65	314	8	314	47	7FAA167F0FA9F086411F3DCC4B976C3B89549C155B195DDFDA004C8D43FE40BE
NumStability.Analysis.BergerGeneral	NumStability/Analysis/BergerGeneral.lean	aa447e9b3c5ee731062c6ee25d85335134c729f2	NumStability.numericalRadiusCLM_pow_le	NumStability/Analysis/BergerGeneral.ilean	4EC68F5874C95EB80F9FA5E60A7140E52CA51E34423106969F7C63A8D5C84CA7	NumStability.numericalRadiusCLM_pow_le	7	323	0	403	16	333	8	333	33	4908CF9B3FEA4334B0FB5514F708101CD66DD237A92B9490D89F65F7DEDD3DF1
NumStability.Analysis.BergerGeneral	NumStability/Analysis/BergerGeneral.lean	aa447e9b3c5ee731062c6ee25d85335134c729f2	NumStability.numericalRadius_pow_le	NumStability/Analysis/BergerGeneral.ilean	4EC68F5874C95EB80F9FA5E60A7140E52CA51E34423106969F7C63A8D5C84CA7	NumStability.numericalRadius_pow_le	8	409	0	421	37	418	8	418	30	6F9A2F29A2A16DCB6BCEBFB0C6906C0CC663E529B423D1EF0E9004B998CD9530
NumStability.Analysis.BergerGeneral	NumStability/Analysis/BergerGeneral.lean	aa447e9b3c5ee731062c6ee25d85335134c729f2	NumStability.norm_pow_le_two_mul_numericalRadius_pow	NumStability/Analysis/BergerGeneral.ilean	4EC68F5874C95EB80F9FA5E60A7140E52CA51E34423106969F7C63A8D5C84CA7	NumStability.norm_pow_le_two_mul_numericalRadius_pow	9	423	0	435	80	433	8	433	47	C4272BE5DA8D0C6CC997DED6EB57761CBC45C20ED145DDED544EE3130573C5A4
NumStability.Analysis.BergerInequality	NumStability/Analysis/BergerInequality.lean	5be00dcefe5a546a674716a42a02b49229be12bf	_private.NumStability.Analysis.BergerInequality.0.NumStability.term𝔼	NumStability/Analysis/BergerInequality.ilean	CAC0C371BD9F136527A200C5BFEAB1094653029BC04F1B636207639EE1488BC9	_private.NumStability.Analysis.BergerInequality.0.NumStability._aux_NumStability_Analysis_BergerInequality___macroRules__private_NumStability_Analysis_BergerInequality_0_NumStability_term𝔼_1	0	87	0	87	47	87	0	87	47	77F44725CC92DEB7D2CEF6DE4874B92B44335B3E45DE82693FA73EC68D864854
NumStability.Analysis.BergerResolvent	NumStability/Analysis/BergerResolvent.lean	a77f98344644f508c0b114085f799bb8fcbfe5b7	_private.NumStability.Analysis.BergerResolvent.0.NumStability.term𝔼	NumStability/Analysis/BergerResolvent.ilean	7846A5BB49B779782AAF942A14DCAD0E90FB8AAC428580FC8339F12C2C3E18CF	_private.NumStability.Analysis.BergerResolvent.0.NumStability._aux_NumStability_Analysis_BergerResolvent___macroRules__private_NumStability_Analysis_BergerResolvent_0_NumStability_term𝔼_1	0	123	0	123	47	123	0	123	47	77F44725CC92DEB7D2CEF6DE4874B92B44335B3E45DE82693FA73EC68D864854
NumStability.Analysis.BergerResolvent	NumStability/Analysis/BergerResolvent.lean	a77f98344644f508c0b114085f799bb8fcbfe5b7	_private.NumStability.Analysis.BergerResolvent.0.NumStability.exists_unit_sq_mul	NumStability/Analysis/BergerResolvent.ilean	7846A5BB49B779782AAF942A14DCAD0E90FB8AAC428580FC8339F12C2C3E18CF	_private.NumStability.Analysis.BergerResolvent.0.NumStability.exists_unit_sq_mul	1	147	0	170	87	152	16	152	34	9726FCFE55B51F26B0D5FA79CCDC40B97785B0DE680DA8F08ED7CFEEEBF1368D
NumStability.Analysis.BergerResolvent	NumStability/Analysis/BergerResolvent.lean	a77f98344644f508c0b114085f799bb8fcbfe5b7	_private.NumStability.Analysis.BergerResolvent.0.NumStability.inner_diag_diff	NumStability/Analysis/BergerResolvent.ilean	7846A5BB49B779782AAF942A14DCAD0E90FB8AAC428580FC8339F12C2C3E18CF	_private.NumStability.Analysis.BergerResolvent.0.NumStability.inner_diag_diff	2	172	0	182	6	177	16	177	31	C78314BDFA649D76EE18ADFFC77A83651C285524BB840ACD99D2F654A7B80AF9
NumStability.Analysis.BergerResolvent	NumStability/Analysis/BergerResolvent.lean	a77f98344644f508c0b114085f799bb8fcbfe5b7	NumStability.norm_apply_sq_add_norm_inner_sq_le	NumStability/Analysis/BergerResolvent.ilean	7846A5BB49B779782AAF942A14DCAD0E90FB8AAC428580FC8339F12C2C3E18CF	NumStability.norm_apply_sq_add_norm_inner_sq_le	3	184	0	259	49	196	8	196	42	73648ECBDDBCE72AF9FF41CB5875A2FDD52CFD456A005C9ED5A5A2751892F429
NumStability.Analysis.BergerResolvent	NumStability/Analysis/BergerResolvent.lean	a77f98344644f508c0b114085f799bb8fcbfe5b7	NumStability.numericalRadiusCLM_pow_two_le_one_of_le_one	NumStability/Analysis/BergerResolvent.ilean	7846A5BB49B779782AAF942A14DCAD0E90FB8AAC428580FC8339F12C2C3E18CF	NumStability.numericalRadiusCLM_pow_two_le_one_of_le_one	4	265	0	284	14	272	8	272	51	1EBCAB5CD0BD8FFC235E252FB8F16C0DF6E5744A752435CCE4B4D418CE55E9A1
NumStability.Analysis.BergerResolvent	NumStability/Analysis/BergerResolvent.lean	a77f98344644f508c0b114085f799bb8fcbfe5b7	NumStability.numericalRadiusCLM_pow_two_le	NumStability/Analysis/BergerResolvent.ilean	7846A5BB49B779782AAF942A14DCAD0E90FB8AAC428580FC8339F12C2C3E18CF	NumStability.numericalRadiusCLM_pow_two_le	5	286	0	335	16	294	8	294	37	A180E3E66BD348899894D26891E50C2F46505B60A797CDB576E63225E027B4AC
NumStability.Analysis.BergerResolvent	NumStability/Analysis/BergerResolvent.lean	a77f98344644f508c0b114085f799bb8fcbfe5b7	NumStability.numericalRadius_pow_two_le	NumStability/Analysis/BergerResolvent.ilean	7846A5BB49B779782AAF942A14DCAD0E90FB8AAC428580FC8339F12C2C3E18CF	NumStability.numericalRadius_pow_two_le	6	346	0	356	39	353	8	353	34	31545A670404072277A914ECEDE525AB85F2F85AB0665F70D24FDCE18C51AAB6
NumStability.Analysis.BergerResolvent	NumStability/Analysis/BergerResolvent.lean	a77f98344644f508c0b114085f799bb8fcbfe5b7	NumStability.numericalRadius_pow_two_pow_le	NumStability/Analysis/BergerResolvent.ilean	7846A5BB49B779782AAF942A14DCAD0E90FB8AAC428580FC8339F12C2C3E18CF	NumStability.numericalRadius_pow_two_pow_le	7	358	0	379	44	364	8	364	38	B2A2E77F6F69B6BE9EA936C1A17BE3B9C44FA59358C1492899F35C690FFDD02F
NumStability.Analysis.BergerResolvent	NumStability/Analysis/BergerResolvent.lean	a77f98344644f508c0b114085f799bb8fcbfe5b7	NumStability.numericalRadiusCLM_pow_two_pow_le	NumStability/Analysis/BergerResolvent.ilean	7846A5BB49B779782AAF942A14DCAD0E90FB8AAC428580FC8339F12C2C3E18CF	NumStability.numericalRadiusCLM_pow_two_pow_le	8	381	0	400	47	385	8	385	41	0C9D4CA90D6DC2169C7D3CD330F80EAEA2963777E1E188A0DE9095FD1181FA5D
NumStability.Analysis.BergerResolvent	NumStability/Analysis/BergerResolvent.lean	a77f98344644f508c0b114085f799bb8fcbfe5b7	NumStability.norm_pow_two_le_two_mul_numericalRadius_sq	NumStability/Analysis/BergerResolvent.ilean	7846A5BB49B779782AAF942A14DCAD0E90FB8AAC428580FC8339F12C2C3E18CF	NumStability.norm_pow_two_le_two_mul_numericalRadius_sq	9	402	0	412	82	410	8	410	50	549CAFAC6A735A7B2ABE5D1E4D3FD0DDE74B6E26D69F95A7AB9061E1118F7C97
NumStability.Analysis.CStarMatrices.Basic.RealMatrixBridge	NumStability/Analysis/CStarMatrices/Basic/RealMatrixBridge.lean	6d045defdcc5f7b06c29ac8247897dec34543e25	NumStability.finiteComplexCStarMatrix	NumStability/Analysis/CStarMatrices/Basic/RealMatrixBridge.ilean	41337D518E55224543901E46916B347DBA0B3A384034D240C49FFBCEA689B28B	NumStability.finiteComplexCStarMatrix	0	40	0	44	47	42	18	42	42	5416222910548B564A5BAFABED276443F4B81494EC18A010AF2D6B1E2CA200C1
NumStability.Analysis.CStarMatrices.Basic.RealMatrixBridge	NumStability/Analysis/CStarMatrices/Basic/RealMatrixBridge.lean	6d045defdcc5f7b06c29ac8247897dec34543e25	NumStability.finiteComplexCStarMatrix_apply	NumStability/Analysis/CStarMatrices/Basic/RealMatrixBridge.ilean	41337D518E55224543901E46916B347DBA0B3A384034D240C49FFBCEA689B28B	NumStability.finiteComplexCStarMatrix_apply	1	46	0	49	55	47	8	47	38	A1D2BA10CABE550913CC6C80298D6D90CB93636DC677A446F2E26364543E8FB2
NumStability.Analysis.CStarMatrices.Basic.RealMatrixBridge	NumStability/Analysis/CStarMatrices/Basic/RealMatrixBridge.lean	6d045defdcc5f7b06c29ac8247897dec34543e25	NumStability.finiteComplexCStarMatrix_zero	NumStability/Analysis/CStarMatrices/Basic/RealMatrixBridge.ilean	41337D518E55224543901E46916B347DBA0B3A384034D240C49FFBCEA689B28B	NumStability.finiteComplexCStarMatrix_zero	2	51	0	57	6	53	8	53	37	91569A713F535007F30A819124D5E594E2628C3089340AC2AE96E1D3F80DDF1A
NumStability.Analysis.CStarMatrices.Basic.RealMatrixBridge	NumStability/Analysis/CStarMatrices/Basic/RealMatrixBridge.lean	6d045defdcc5f7b06c29ac8247897dec34543e25	NumStability.finiteComplexCStarMatrix_add	NumStability/Analysis/CStarMatrices/Basic/RealMatrixBridge.ilean	41337D518E55224543901E46916B347DBA0B3A384034D240C49FFBCEA689B28B	NumStability.finiteComplexCStarMatrix_add	3	59	0	65	6	60	8	60	36	F6BA9BFBD7A352A1E615E8B286C30C3DB5B42556E97B5D5B30D8C05924D81835
NumStability.Analysis.CStarMatrices.Basic.RealMatrixBridge	NumStability/Analysis/CStarMatrices/Basic/RealMatrixBridge.lean	6d045defdcc5f7b06c29ac8247897dec34543e25	NumStability.finiteComplexCStarMatrix_smul	NumStability/Analysis/CStarMatrices/Basic/RealMatrixBridge.ilean	41337D518E55224543901E46916B347DBA0B3A384034D240C49FFBCEA689B28B	NumStability.finiteComplexCStarMatrix_smul	4	67	0	73	6	68	8	68	37	3C3E80D3078929863208FA67E79341C356458154718B93DF31F163FA2E1D93C7
NumStability.Analysis.CStarMatrices.Basic.RealMatrixBridge	NumStability/Analysis/CStarMatrices/Basic/RealMatrixBridge.lean	6d045defdcc5f7b06c29ac8247897dec34543e25	NumStability.finiteComplexCStarMatrix_mul	NumStability/Analysis/CStarMatrices/Basic/RealMatrixBridge.ilean	41337D518E55224543901E46916B347DBA0B3A384034D240C49FFBCEA689B28B	NumStability.finiteComplexCStarMatrix_mul	5	75	0	82	44	77	8	77	36	665208F2A2306CC8160B88DFA6CA9F7BE58D550D7EA7C823780ED53886339A69
NumStability.Analysis.CStarMatrices.Basic.RealMatrixBridge	NumStability/Analysis/CStarMatrices/Basic/RealMatrixBridge.lean	6d045defdcc5f7b06c29ac8247897dec34543e25	NumStability.finiteComplexCStarMatrix_isSelfAdjoint_of_symmetric	NumStability/Analysis/CStarMatrices/Basic/RealMatrixBridge.ilean	41337D518E55224543901E46916B347DBA0B3A384034D240C49FFBCEA689B28B	NumStability.finiteComplexCStarMatrix_isSelfAdjoint_of_symmetric	6	84	0	91	15	85	8	85	59	6581A4C6FD9B159BBD1BC4A679C7F9E04A79D973E8A14A236A754034FBEAC24B
NumStability.Analysis.CStarMatrices.Basic.RealMatrixBridge	NumStability/Analysis/CStarMatrices/Basic/RealMatrixBridge.lean	6d045defdcc5f7b06c29ac8247897dec34543e25	NumStability.finiteComplexCStarMatrix_sub	NumStability/Analysis/CStarMatrices/Basic/RealMatrixBridge.ilean	41337D518E55224543901E46916B347DBA0B3A384034D240C49FFBCEA689B28B	NumStability.finiteComplexCStarMatrix_sub	7	93	0	99	6	94	8	94	36	5C177693B8412CDEC3C8985F2DA9D30814F72D4610E828F15B96AECC18E336FC
NumStability.Analysis.CStarMatrices.Basic.RealMatrixBridge	NumStability/Analysis/CStarMatrices/Basic/RealMatrixBridge.lean	6d045defdcc5f7b06c29ac8247897dec34543e25	NumStability.finiteComplexCStarMatrix_neg	NumStability/Analysis/CStarMatrices/Basic/RealMatrixBridge.ilean	41337D518E55224543901E46916B347DBA0B3A384034D240C49FFBCEA689B28B	NumStability.finiteComplexCStarMatrix_neg	8	101	0	107	6	102	8	102	36	EB87A4B65DAF5229979B0181842E1A51CFBB76E773CAB6EF65F78FA4E82A3A99
NumStability.Analysis.CStarMatrices.Basic.RealMatrixBridge	NumStability/Analysis/CStarMatrices/Basic/RealMatrixBridge.lean	6d045defdcc5f7b06c29ac8247897dec34543e25	NumStability.finiteComplexCStarMatrix_finset_sum	NumStability/Analysis/CStarMatrices/Basic/RealMatrixBridge.ilean	41337D518E55224543901E46916B347DBA0B3A384034D240C49FFBCEA689B28B	NumStability.finiteComplexCStarMatrix_finset_sum	9	109	0	126	17	110	8	110	43	4871542B1EA9E9287F3BBF78B2295C1C9DF36D194B99471759A56916F74283DF
NumStability.Analysis.CStarMatrices.Basic.RealMatrixBridge	NumStability/Analysis/CStarMatrices/Basic/RealMatrixBridge.lean	6d045defdcc5f7b06c29ac8247897dec34543e25	NumStability.finiteComplexCStarMatrix_finiteIdMatrix	NumStability/Analysis/CStarMatrices/Basic/RealMatrixBridge.ilean	41337D518E55224543901E46916B347DBA0B3A384034D240C49FFBCEA689B28B	NumStability.finiteComplexCStarMatrix_finiteIdMatrix	10	128	0	137	30	129	8	129	47	D3FEC00CFF41753A8290422155B319098FFEFFACEE78206B018F7A3FBB638F95
NumStability.Analysis.CStarMatrices.Basic.RealMatrixBridge	NumStability/Analysis/CStarMatrices/Basic/RealMatrixBridge.lean	6d045defdcc5f7b06c29ac8247897dec34543e25	NumStability.finiteComplexCStarMatrix_smul_finiteIdMatrix	NumStability/Analysis/CStarMatrices/Basic/RealMatrixBridge.ilean	41337D518E55224543901E46916B347DBA0B3A384034D240C49FFBCEA689B28B	NumStability.finiteComplexCStarMatrix_smul_finiteIdMatrix	11	139	0	149	30	141	8	141	52	972BFB5FE063A74A68581A523AD4D71B087DFE70526390E11DB56B74FEFDA6B0
NumStability.Analysis.CStarMatrices.Basic.RealMatrixBridge	NumStability/Analysis/CStarMatrices/Basic/RealMatrixBridge.lean	6d045defdcc5f7b06c29ac8247897dec34543e25	NumStability.cstarMatrix_complex_finiteDimensional	NumStability/Analysis/CStarMatrices/Basic/RealMatrixBridge.ilean	41337D518E55224543901E46916B347DBA0B3A384034D240C49FFBCEA689B28B	NumStability.cstarMatrix_complex_finiteDimensional	12	151	0	158	16	154	23	154	60	0F44752341C24A9EB1D614757943BAFEBAD2AB3BE0AB46B5744414600385B1E8
NumStability.Analysis.CStarMatrices.Basic.RealMatrixBridge	NumStability/Analysis/CStarMatrices/Basic/RealMatrixBridge.lean	6d045defdcc5f7b06c29ac8247897dec34543e25	NumStability.finiteComplexCStarMatrix_nonneg_of_finitePSD	NumStability/Analysis/CStarMatrices/Basic/RealMatrixBridge.ilean	41337D518E55224543901E46916B347DBA0B3A384034D240C49FFBCEA689B28B	NumStability.finiteComplexCStarMatrix_nonneg_of_finitePSD	13	160	0	181	44	162	8	162	52	32EF997EC86E22D2A40D0C994C56811F83B8B7A857BE8F0A404F008D70EA6717
NumStability.Analysis.CStarMatrices.Basic.RealMatrixBridge	NumStability/Analysis/CStarMatrices/Basic/RealMatrixBridge.lean	6d045defdcc5f7b06c29ac8247897dec34543e25	NumStability.cstarMatrix_nonneg_of_matrix_posSemidef	NumStability/Analysis/CStarMatrices/Basic/RealMatrixBridge.ilean	41337D518E55224543901E46916B347DBA0B3A384034D240C49FFBCEA689B28B	NumStability.cstarMatrix_nonneg_of_matrix_posSemidef	14	183	0	203	44	190	8	190	47	95F191BC2723F2DCBA21D62517248B102100A302E6DABCFDBC3A73BA4B83A334
NumStability.Analysis.CStarMatrices.Basic.RealMatrixBridge	NumStability/Analysis/CStarMatrices/Basic/RealMatrixBridge.lean	6d045defdcc5f7b06c29ac8247897dec34543e25	NumStability.cstarMatrix_le_of_matrix_le	NumStability/Analysis/CStarMatrices/Basic/RealMatrixBridge.ilean	41337D518E55224543901E46916B347DBA0B3A384034D240C49FFBCEA689B28B	NumStability.cstarMatrix_le_of_matrix_le	15	205	0	218	26	207	8	207	35	5D516B1290CB22D7A444EA817CAA4AF88E623B809C53DB9AD831837E30ADB44B
NumStability.Analysis.CStarMatrices.Basic.RealMatrixBridge	NumStability/Analysis/CStarMatrices/Basic/RealMatrixBridge.lean	6d045defdcc5f7b06c29ac8247897dec34543e25	NumStability.finiteComplexCStarMatrix_le_of_finiteLoewnerLe	NumStability/Analysis/CStarMatrices/Basic/RealMatrixBridge.ilean	41337D518E55224543901E46916B347DBA0B3A384034D240C49FFBCEA689B28B	NumStability.finiteComplexCStarMatrix_le_of_finiteLoewnerLe	16	220	0	238	29	222	8	222	54	FF24FB993DD3DDC8C3EF75567ED3637849E3EC1B865035BE6AEA3690E82A4060
NumStability.Analysis.CStarMatrices.Basic.RealMatrixBridge	NumStability/Analysis/CStarMatrices/Basic/RealMatrixBridge.lean	6d045defdcc5f7b06c29ac8247897dec34543e25	NumStability.cstarMatrix_pos_real_smul_one_isStrictlyPositive	NumStability/Analysis/CStarMatrices/Basic/RealMatrixBridge.ilean	41337D518E55224543901E46916B347DBA0B3A384034D240C49FFBCEA689B28B	NumStability.cstarMatrix_pos_real_smul_one_isStrictlyPositive	17	240	0	261	40	243	8	243	56	5A73F29DD8FBB1452F647AE93B67E13A33D0A27860F8B5B95FE316ED43997909
NumStability.Analysis.CStarMatrices.Basic.RealMatrixBridge	NumStability/Analysis/CStarMatrices/Basic/RealMatrixBridge.lean	6d045defdcc5f7b06c29ac8247897dec34543e25	NumStability.finiteComplexCStarMatrix_add_pos_smul_one_isStrictlyPositive_of_finitePSD	NumStability/Analysis/CStarMatrices/Basic/RealMatrixBridge.ilean	41337D518E55224543901E46916B347DBA0B3A384034D240C49FFBCEA689B28B	NumStability.finiteComplexCStarMatrix_add_pos_smul_one_isStrictlyPositive_of_finitePSD	18	263	0	276	53	265	8	265	81	E7882593C1522F122343B1533A76CC74B3A59A9BDF0BA0685AF643DB22C4F774
NumStability.Analysis.CStarMatrices.Basic.RealMatrixBridge	NumStability/Analysis/CStarMatrices/Basic/RealMatrixBridge.lean	6d045defdcc5f7b06c29ac8247897dec34543e25	NumStability.finiteComplexCStarMatrix_add_smul_one_le_of_finiteLoewnerLe	NumStability/Analysis/CStarMatrices/Basic/RealMatrixBridge.ilean	41337D518E55224543901E46916B347DBA0B3A384034D240C49FFBCEA689B28B	NumStability.finiteComplexCStarMatrix_add_smul_one_le_of_finiteLoewnerLe	19	278	0	290	43	280	8	280	67	532D867F5A3DED3367A8E29D0E7AE795F46AE691ACAD8BE1165B0C34A6C3EA9B
NumStability.Analysis.CStarMatrices.Basic.RealMatrixBridge	NumStability/Analysis/CStarMatrices/Basic/RealMatrixBridge.lean	6d045defdcc5f7b06c29ac8247897dec34543e25	NumStability.cstarMatrix_mul_assoc_rect	NumStability/Analysis/CStarMatrices/Basic/RealMatrixBridge.ilean	41337D518E55224543901E46916B347DBA0B3A384034D240C49FFBCEA689B28B	NumStability.cstarMatrix_mul_assoc_rect	20	301	0	311	22	304	8	304	34	C290177EEF8C46E4DD141FF8E41DF77F21990DD59A07D43EC954691913D81982
NumStability.Analysis.CStarMatrices.Basic.RealMatrixBridge	NumStability/Analysis/CStarMatrices/Basic/RealMatrixBridge.lean	6d045defdcc5f7b06c29ac8247897dec34543e25	NumStability.cstarMatrix_mul_add_rect	NumStability/Analysis/CStarMatrices/Basic/RealMatrixBridge.ilean	41337D518E55224543901E46916B347DBA0B3A384034D240C49FFBCEA689B28B	NumStability.cstarMatrix_mul_add_rect	21	313	0	319	63	314	8	314	32	8BF3629B7FE234A62759FE7E2285262B353148E99D42C211DD542D1CF271BFB8
NumStability.Analysis.CStarMatrices.Basic.RealMatrixBridge	NumStability/Analysis/CStarMatrices/Basic/RealMatrixBridge.lean	6d045defdcc5f7b06c29ac8247897dec34543e25	NumStability.cstarMatrix_add_mul_rect	NumStability/Analysis/CStarMatrices/Basic/RealMatrixBridge.ilean	41337D518E55224543901E46916B347DBA0B3A384034D240C49FFBCEA689B28B	NumStability.cstarMatrix_add_mul_rect	22	321	0	327	63	322	8	322	32	0B1D0E98F0F9CF6074969018E3BD195A9D51FC2AB76AAA23DB25E031576210EB
NumStability.Analysis.CStarMatrices.Basic.RealMatrixBridge	NumStability/Analysis/CStarMatrices/Basic/RealMatrixBridge.lean	6d045defdcc5f7b06c29ac8247897dec34543e25	NumStability.cstarMatrix_mul_smul_rect	NumStability/Analysis/CStarMatrices/Basic/RealMatrixBridge.ilean	41337D518E55224543901E46916B347DBA0B3A384034D240C49FFBCEA689B28B	NumStability.cstarMatrix_mul_smul_rect	23	329	0	343	29	330	8	330	33	C7FF176D194A0FFF8C75C38DA6B97D1E7F36E5F4804EEDB13CB558568A3C4AE3
NumStability.Analysis.CStarMatrices.Basic.RealMatrixBridge	NumStability/Analysis/CStarMatrices/Basic/RealMatrixBridge.lean	6d045defdcc5f7b06c29ac8247897dec34543e25	NumStability.cstarMatrix_smul_mul_rect	NumStability/Analysis/CStarMatrices/Basic/RealMatrixBridge.ilean	41337D518E55224543901E46916B347DBA0B3A384034D240C49FFBCEA689B28B	NumStability.cstarMatrix_smul_mul_rect	24	345	0	359	29	346	8	346	33	DB9527FD6A2C810DED835B6846CA768E67C13CBFA396275E1FD28E7522E41932
NumStability.Analysis.CStarMatrices.Basic.RealMatrixBridge	NumStability/Analysis/CStarMatrices/Basic/RealMatrixBridge.lean	6d045defdcc5f7b06c29ac8247897dec34543e25	NumStability.cstarMatrix_mul_one_rect	NumStability/Analysis/CStarMatrices/Basic/RealMatrixBridge.ilean	41337D518E55224543901E46916B347DBA0B3A384034D240C49FFBCEA689B28B	NumStability.cstarMatrix_mul_one_rect	25	361	0	366	53	362	8	362	32	DF0A70F438E771B41946CD83F9532E85380A5225F83182ED070BC64EB27225AE
NumStability.Analysis.CStarMatrices.Basic.RealMatrixBridge	NumStability/Analysis/CStarMatrices/Basic/RealMatrixBridge.lean	6d045defdcc5f7b06c29ac8247897dec34543e25	NumStability.cstarMatrix_one_mul_rect	NumStability/Analysis/CStarMatrices/Basic/RealMatrixBridge.ilean	41337D518E55224543901E46916B347DBA0B3A384034D240C49FFBCEA689B28B	NumStability.cstarMatrix_one_mul_rect	26	368	0	374	53	369	8	369	32	128920179830E8981F6BE5E087067C9A122F112BCD6333AECEDC49F5C58E6A01
NumStability.Analysis.CStarMatrices.Basic.RealMatrixBridge	NumStability/Analysis/CStarMatrices/Basic/RealMatrixBridge.lean	6d045defdcc5f7b06c29ac8247897dec34543e25	NumStability.cstarMatrix_compression_add	NumStability/Analysis/CStarMatrices/Basic/RealMatrixBridge.ilean	41337D518E55224543901E46916B347DBA0B3A384034D240C49FFBCEA689B28B	NumStability.cstarMatrix_compression_add	27	376	0	383	57	377	8	377	35	3F13FD0E5EAB6DBA0DD15419D0C9056074BE6E5B42484DF143627809FE48EE65
NumStability.Analysis.CStarMatrices.Basic.RealMatrixBridge	NumStability/Analysis/CStarMatrices/Basic/RealMatrixBridge.lean	6d045defdcc5f7b06c29ac8247897dec34543e25	NumStability.cstarMatrix_compression_sub	NumStability/Analysis/CStarMatrices/Basic/RealMatrixBridge.ilean	41337D518E55224543901E46916B347DBA0B3A384034D240C49FFBCEA689B28B	NumStability.cstarMatrix_compression_sub	28	385	0	399	5	386	8	386	35	5277B1F15A001EC10E1D8E63B1B99812AD08804D1104D69DEE3260B7D7C3CD14
NumStability.Analysis.CStarMatrices.Basic.RealMatrixBridge	NumStability/Analysis/CStarMatrices/Basic/RealMatrixBridge.lean	6d045defdcc5f7b06c29ac8247897dec34543e25	NumStability.cstarMatrix_compression_smul	NumStability/Analysis/CStarMatrices/Basic/RealMatrixBridge.ilean	41337D518E55224543901E46916B347DBA0B3A384034D240C49FFBCEA689B28B	NumStability.cstarMatrix_compression_smul	29	401	0	408	59	403	8	403	36	F6FEB87CAC1D77F3B58F0E0777178FA1D7696CA496189C44D2D5B8FA1A708D7F
NumStability.Analysis.CStarMatrices.Basic.RealMatrixBridge	NumStability/Analysis/CStarMatrices/Basic/RealMatrixBridge.lean	6d045defdcc5f7b06c29ac8247897dec34543e25	NumStability.cstarMatrix_compression_real_smul	NumStability/Analysis/CStarMatrices/Basic/RealMatrixBridge.ilean	41337D518E55224543901E46916B347DBA0B3A384034D240C49FFBCEA689B28B	NumStability.cstarMatrix_compression_real_smul	30	410	0	419	48	412	8	412	41	61B6A3536DF0871EFAD88D80944F2339342AA97B08FE090E6E02C336058FDEEA
NumStability.Analysis.CStarMatrices.Basic.RealMatrixBridge	NumStability/Analysis/CStarMatrices/Basic/RealMatrixBridge.lean	6d045defdcc5f7b06c29ac8247897dec34543e25	NumStability.cstarMatrixCompressionCLM	NumStability/Analysis/CStarMatrices/Basic/RealMatrixBridge.ilean	41337D518E55224543901E46916B347DBA0B3A384034D240C49FFBCEA689B28B	NumStability.cstarMatrixCompressionCLM	31	421	0	434	50	423	18	423	43	9200788AAD5C4ADFB070790FC737891F42F54ED4FCA62F526C2CC8253FFAFFDB
NumStability.Analysis.CStarMatrices.Basic.RealMatrixBridge	NumStability/Analysis/CStarMatrices/Basic/RealMatrixBridge.lean	6d045defdcc5f7b06c29ac8247897dec34543e25	NumStability.cstarMatrixCompressionCLM_apply	NumStability/Analysis/CStarMatrices/Basic/RealMatrixBridge.ilean	41337D518E55224543901E46916B347DBA0B3A384034D240C49FFBCEA689B28B	NumStability.cstarMatrixCompressionCLM_apply	32	436	0	441	48	437	8	437	39	7F90AF05096FDB3581DF69ED81D45193111628FA9A07E903DA7B32C8644464DE
NumStability.Analysis.CStarMatrices.Basic.RealMatrixBridge	NumStability/Analysis/CStarMatrices/Basic/RealMatrixBridge.lean	6d045defdcc5f7b06c29ac8247897dec34543e25	NumStability.cstarMatrix_compression_one_of_conjTranspose_mul_self_eq_one	NumStability/Analysis/CStarMatrices/Basic/RealMatrixBridge.ilean	41337D518E55224543901E46916B347DBA0B3A384034D240C49FFBCEA689B28B	NumStability.cstarMatrix_compression_one_of_conjTranspose_mul_self_eq_one	33	443	0	454	16	444	8	444	68	10F32F7B13D88C68CC2AFD2E0F569E77A210CFDB0569ED5DB1E2859468C5FB4F
NumStability.Analysis.CStarMatrices.Basic.RealMatrixBridge	NumStability/Analysis/CStarMatrices/Basic/RealMatrixBridge.lean	6d045defdcc5f7b06c29ac8247897dec34543e25	NumStability.cstarMatrix_units_inv_mul_rect_eq_mul_units_inv_of_mul_eq	NumStability/Analysis/CStarMatrices/Basic/RealMatrixBridge.ilean	41337D518E55224543901E46916B347DBA0B3A384034D240C49FFBCEA689B28B	NumStability.cstarMatrix_units_inv_mul_rect_eq_mul_units_inv_of_mul_eq	34	456	0	514	23	461	8	461	65	451859B4503993A219987C0A6808C9BC9EE9149A0D03EB7AE2EAFFE4BFB150D1
NumStability.Analysis.CStarMatrices.Basic.RealMatrixBridge	NumStability/Analysis/CStarMatrices/Basic/RealMatrixBridge.lean	6d045defdcc5f7b06c29ac8247897dec34543e25	NumStability.cstarMatrixBlockDiagonal	NumStability/Analysis/CStarMatrices/Basic/RealMatrixBridge.ilean	41337D518E55224543901E46916B347DBA0B3A384034D240C49FFBCEA689B28B	NumStability.cstarMatrixBlockDiagonal	35	516	0	521	36	517	4	517	28	61604ED843D8568C296A9C15FBB0D8BC9E92152B095853B6704563EAE2C49313
NumStability.Analysis.CStarMatrices.Basic.RealMatrixBridge	NumStability/Analysis/CStarMatrices/Basic/RealMatrixBridge.lean	6d045defdcc5f7b06c29ac8247897dec34543e25	NumStability.cstarMatrixBlockDiagonal_inl_inl	NumStability/Analysis/CStarMatrices/Basic/RealMatrixBridge.ilean	41337D518E55224543901E46916B347DBA0B3A384034D240C49FFBCEA689B28B	NumStability.cstarMatrixBlockDiagonal_inl_inl	36	523	0	527	5	524	8	524	40	1D8DE75D809916C999A780D9A42E9C77182E560FFAC79B81E9FFDDA45E1B8587
NumStability.Analysis.CStarMatrices.Basic.RealMatrixBridge	NumStability/Analysis/CStarMatrices/Basic/RealMatrixBridge.lean	6d045defdcc5f7b06c29ac8247897dec34543e25	NumStability.cstarMatrixBlockDiagonal_inl_inr	NumStability/Analysis/CStarMatrices/Basic/RealMatrixBridge.ilean	41337D518E55224543901E46916B347DBA0B3A384034D240C49FFBCEA689B28B	NumStability.cstarMatrixBlockDiagonal_inl_inr	37	529	0	533	5	530	8	530	40	80A45B46FB0C439E493AE3D1E55E1655F08B038B47681E62352A3D1FFCD40592
NumStability.Analysis.CStarMatrices.Basic.RealMatrixBridge	NumStability/Analysis/CStarMatrices/Basic/RealMatrixBridge.lean	6d045defdcc5f7b06c29ac8247897dec34543e25	NumStability.cstarMatrixBlockDiagonal_inr_inl	NumStability/Analysis/CStarMatrices/Basic/RealMatrixBridge.ilean	41337D518E55224543901E46916B347DBA0B3A384034D240C49FFBCEA689B28B	NumStability.cstarMatrixBlockDiagonal_inr_inl	38	535	0	539	5	536	8	536	40	79B433DD3E26C8C9AA6A68D432CA550EEBA0BAE31F7933A80732E964A41D4F51
NumStability.Analysis.CStarMatrices.Basic.RealMatrixBridge	NumStability/Analysis/CStarMatrices/Basic/RealMatrixBridge.lean	6d045defdcc5f7b06c29ac8247897dec34543e25	NumStability.cstarMatrixBlockDiagonal_inr_inr	NumStability/Analysis/CStarMatrices/Basic/RealMatrixBridge.ilean	41337D518E55224543901E46916B347DBA0B3A384034D240C49FFBCEA689B28B	NumStability.cstarMatrixBlockDiagonal_inr_inr	39	541	0	545	5	542	8	542	40	AF5BB7FB3AFB107CE9E75474F7B02964C89B55245711BF80657C685DE634D2D4
NumStability.Analysis.CStarMatrices.Basic.RealMatrixBridge	NumStability/Analysis/CStarMatrices/Basic/RealMatrixBridge.lean	6d045defdcc5f7b06c29ac8247897dec34543e25	NumStability.cstarMatrixBlockDiagonal_zero_zero	NumStability/Analysis/CStarMatrices/Basic/RealMatrixBridge.ilean	41337D518E55224543901E46916B347DBA0B3A384034D240C49FFBCEA689B28B	NumStability.cstarMatrixBlockDiagonal_zero_zero	40	547	0	552	30	548	8	548	42	8EF431FAE7536ADCA2D7DDC8E6D133C3DBAB849025D10DAEE35203335324C09A
NumStability.Analysis.CStarMatrices.Basic.RealMatrixBridge	NumStability/Analysis/CStarMatrices/Basic/RealMatrixBridge.lean	6d045defdcc5f7b06c29ac8247897dec34543e25	NumStability.cstarMatrixBlockDiagonal_one_one	NumStability/Analysis/CStarMatrices/Basic/RealMatrixBridge.ilean	41337D518E55224543901E46916B347DBA0B3A384034D240C49FFBCEA689B28B	NumStability.cstarMatrixBlockDiagonal_one_one	41	554	0	559	54	555	8	555	40	22ED443B2B06722D747D7F82D1F6E23F1AC7065E77765FB5475E716165FBD94C
NumStability.Analysis.CStarMatrices.Basic.RealMatrixBridge	NumStability/Analysis/CStarMatrices/Basic/RealMatrixBridge.lean	6d045defdcc5f7b06c29ac8247897dec34543e25	NumStability.cstarMatrixBlockDiagonal_add	NumStability/Analysis/CStarMatrices/Basic/RealMatrixBridge.ilean	41337D518E55224543901E46916B347DBA0B3A384034D240C49FFBCEA689B28B	NumStability.cstarMatrixBlockDiagonal_add	42	561	0	566	30	561	8	561	36	80D067E4D3CC7D901CB05F2555A306D719142F2421965555343167B0D1C5C6BE
NumStability.Analysis.CStarMatrices.Basic.RealMatrixBridge	NumStability/Analysis/CStarMatrices/Basic/RealMatrixBridge.lean	6d045defdcc5f7b06c29ac8247897dec34543e25	NumStability.cstarMatrixBlockDiagonal_neg	NumStability/Analysis/CStarMatrices/Basic/RealMatrixBridge.ilean	41337D518E55224543901E46916B347DBA0B3A384034D240C49FFBCEA689B28B	NumStability.cstarMatrixBlockDiagonal_neg	43	568	0	573	30	568	8	568	36	F23F5B7A3893B3A7D097F9DA0275ED443CECB5893B390A4BFB36BEDD31DB609E
NumStability.Analysis.CStarMatrices.Basic.RealMatrixBridge	NumStability/Analysis/CStarMatrices/Basic/RealMatrixBridge.lean	6d045defdcc5f7b06c29ac8247897dec34543e25	NumStability.cstarMatrixBlockDiagonal_sub	NumStability/Analysis/CStarMatrices/Basic/RealMatrixBridge.ilean	41337D518E55224543901E46916B347DBA0B3A384034D240C49FFBCEA689B28B	NumStability.cstarMatrixBlockDiagonal_sub	44	575	0	580	30	575	8	575	36	7BE4A76EAC373F14E9EB116FBF40330E9584D1F18E68E5E92BFA29502A8017D5
NumStability.Analysis.CStarMatrices.Basic.RealMatrixBridge	NumStability/Analysis/CStarMatrices/Basic/RealMatrixBridge.lean	6d045defdcc5f7b06c29ac8247897dec34543e25	NumStability.cstarMatrixBlockDiagonal_star	NumStability/Analysis/CStarMatrices/Basic/RealMatrixBridge.ilean	41337D518E55224543901E46916B347DBA0B3A384034D240C49FFBCEA689B28B	NumStability.cstarMatrixBlockDiagonal_star	45	582	0	587	55	582	8	582	37	F3BFFF590E1FBE2817508A7A320E9E186AC60FEBFDAC1FA0489AC2DE3194A33E
NumStability.Analysis.CStarMatrices.Basic.RealMatrixBridge	NumStability/Analysis/CStarMatrices/Basic/RealMatrixBridge.lean	6d045defdcc5f7b06c29ac8247897dec34543e25	NumStability.cstarMatrixBlockDiagonal_isSelfAdjoint	NumStability/Analysis/CStarMatrices/Basic/RealMatrixBridge.ilean	41337D518E55224543901E46916B347DBA0B3A384034D240C49FFBCEA689B28B	NumStability.cstarMatrixBlockDiagonal_isSelfAdjoint	46	589	0	594	44	589	8	589	46	5705C6FF62F4047B32F75D1CA0238E5C13620E635F18FFCC327B5B81BBAE4067
NumStability.Analysis.CStarMatrices.Basic.RealMatrixBridge	NumStability/Analysis/CStarMatrices/Basic/RealMatrixBridge.lean	6d045defdcc5f7b06c29ac8247897dec34543e25	NumStability.cstarMatrixBlockDiagonal_mul	NumStability/Analysis/CStarMatrices/Basic/RealMatrixBridge.ilean	41337D518E55224543901E46916B347DBA0B3A384034D240C49FFBCEA689B28B	NumStability.cstarMatrixBlockDiagonal_mul	47	596	0	602	54	596	8	596	36	738C1C6CF51E8AE98D072832704B2FC2D4BD0232C78B2E54B3EC51D77ADB6B93
NumStability.Analysis.CStarMatrices.Basic.RealMatrixBridge	NumStability/Analysis/CStarMatrices/Basic/RealMatrixBridge.lean	6d045defdcc5f7b06c29ac8247897dec34543e25	NumStability.cstarMatrixBlockDiagonal_isUnit	NumStability/Analysis/CStarMatrices/Basic/RealMatrixBridge.ilean	41337D518E55224543901E46916B347DBA0B3A384034D240C49FFBCEA689B28B	NumStability.cstarMatrixBlockDiagonal_isUnit	48	604	0	642	47	604	8	604	39	A1F93AB7A2BBB23DE62E39E3D2374F45655D02A19B26A42C4235CBD74D8E2904
NumStability.Analysis.CStarMatrices.Basic.RealMatrixBridge	NumStability/Analysis/CStarMatrices/Basic/RealMatrixBridge.lean	6d045defdcc5f7b06c29ac8247897dec34543e25	NumStability.cstarMatrixBlockDiagonal_left_nonneg	NumStability/Analysis/CStarMatrices/Basic/RealMatrixBridge.ilean	41337D518E55224543901E46916B347DBA0B3A384034D240C49FFBCEA689B28B	NumStability.cstarMatrixBlockDiagonal_left_nonneg	49	644	0	673	11	644	8	644	44	B354DF5556E7CA692803902F2275E63932E86FA9303A63476AA81623E4040E3A
NumStability.Analysis.CStarMatrices.Basic.RealMatrixBridge	NumStability/Analysis/CStarMatrices/Basic/RealMatrixBridge.lean	6d045defdcc5f7b06c29ac8247897dec34543e25	NumStability.cstarMatrixBlockDiagonal_right_nonneg	NumStability/Analysis/CStarMatrices/Basic/RealMatrixBridge.ilean	41337D518E55224543901E46916B347DBA0B3A384034D240C49FFBCEA689B28B	NumStability.cstarMatrixBlockDiagonal_right_nonneg	50	675	0	704	11	675	8	675	45	F11DF535A6F2A882438F7D9807A06EE0B5B019DC9D4FCF8EE5EEFBDA828F2E95
NumStability.Analysis.CStarMatrices.Basic.RealMatrixBridge	NumStability/Analysis/CStarMatrices/Basic/RealMatrixBridge.lean	6d045defdcc5f7b06c29ac8247897dec34543e25	NumStability.cstarMatrixBlockDiagonal_nonneg	NumStability/Analysis/CStarMatrices/Basic/RealMatrixBridge.ilean	41337D518E55224543901E46916B347DBA0B3A384034D240C49FFBCEA689B28B	NumStability.cstarMatrixBlockDiagonal_nonneg	51	706	0	721	11	706	8	706	39	8D600060FCC39F613FCFF04D8F197E2E686EB746BBCE6A3A2949620D7B8EE262
NumStability.Analysis.CStarMatrices.Basic.RealMatrixBridge	NumStability/Analysis/CStarMatrices/Basic/RealMatrixBridge.lean	6d045defdcc5f7b06c29ac8247897dec34543e25	NumStability.cstarMatrixBlockDiagonal_isStrictlyPositive	NumStability/Analysis/CStarMatrices/Basic/RealMatrixBridge.ilean	41337D518E55224543901E46916B347DBA0B3A384034D240C49FFBCEA689B28B	NumStability.cstarMatrixBlockDiagonal_isStrictlyPositive	52	723	0	729	57	723	8	723	51	DA295C6106CB2A72A344CBC9E0A075378E0B833BCD1789306F8A8EDD1B60FD72
NumStability.Analysis.CStarMatrices.Basic.RealMatrixBridge	NumStability/Analysis/CStarMatrices/Basic/RealMatrixBridge.lean	6d045defdcc5f7b06c29ac8247897dec34543e25	NumStability.cstarMatrixBlockDiagonalStarAlgHom	NumStability/Analysis/CStarMatrices/Basic/RealMatrixBridge.ilean	41337D518E55224543901E46916B347DBA0B3A384034D240C49FFBCEA689B28B	NumStability.cstarMatrixBlockDiagonalStarAlgHom	53	731	0	747	61	733	18	733	52	5711653D8A5E33E65AA919F3E5FD7EAD640DD6F15DDC843C1EFA4DA4E1A0CEC1
NumStability.Analysis.CStarMatrices.Basic.RealMatrixBridge	NumStability/Analysis/CStarMatrices/Basic/RealMatrixBridge.lean	6d045defdcc5f7b06c29ac8247897dec34543e25	NumStability.cstarMatrixBlockDiagonalStarAlgHom_apply	NumStability/Analysis/CStarMatrices/Basic/RealMatrixBridge.ilean	41337D518E55224543901E46916B347DBA0B3A384034D240C49FFBCEA689B28B	NumStability.cstarMatrixBlockDiagonalStarAlgHom_apply	54	749	0	754	41	750	8	750	48	D346EE5C8F716923ABA501ED15137ED6C2918A87798E53F13B795D9520B6962D
NumStability.Analysis.CStarMatrices.Basic.RealMatrixBridge	NumStability/Analysis/CStarMatrices/Basic/RealMatrixBridge.lean	6d045defdcc5f7b06c29ac8247897dec34543e25	NumStability.cstarMatrixBlockDiagonalStarAlgHom_continuous	NumStability/Analysis/CStarMatrices/Basic/RealMatrixBridge.ilean	41337D518E55224543901E46916B347DBA0B3A384034D240C49FFBCEA689B28B	NumStability.cstarMatrixBlockDiagonalStarAlgHom_continuous	55	756	0	790	63	757	8	757	53	63AF782E7F0522BCD2FD689004C22AAE1B9873BC6E34398A670F85BD7F4E11BF
NumStability.Analysis.CStarMatrices.Basic.RealMatrixBridge	NumStability/Analysis/CStarMatrices/Basic/RealMatrixBridge.lean	6d045defdcc5f7b06c29ac8247897dec34543e25	NumStability.cstarMatrixColumnPair	NumStability/Analysis/CStarMatrices/Basic/RealMatrixBridge.ilean	41337D518E55224543901E46916B347DBA0B3A384034D240C49FFBCEA689B28B	NumStability.cstarMatrixColumnPair	56	792	0	798	24	793	4	793	25	D9D22B83149F9A15FF9EB17935BBFCBF356F3D9E3BC807BD9A273EEFC980FF84
NumStability.Analysis.CStarMatrices.Basic.RealMatrixBridge	NumStability/Analysis/CStarMatrices/Basic/RealMatrixBridge.lean	6d045defdcc5f7b06c29ac8247897dec34543e25	NumStability.cstarMatrixColumnPair_inl	NumStability/Analysis/CStarMatrices/Basic/RealMatrixBridge.ilean	41337D518E55224543901E46916B347DBA0B3A384034D240C49FFBCEA689B28B	NumStability.cstarMatrixColumnPair_inl	57	800	0	804	5	801	8	801	33	2D19677096E540A3D1B548302A98FE5FCA54BE99399AF33AA6FD593306544327
NumStability.Analysis.CStarMatrices.Basic.RealMatrixBridge	NumStability/Analysis/CStarMatrices/Basic/RealMatrixBridge.lean	6d045defdcc5f7b06c29ac8247897dec34543e25	NumStability.cstarMatrixColumnPair_inr	NumStability/Analysis/CStarMatrices/Basic/RealMatrixBridge.ilean	41337D518E55224543901E46916B347DBA0B3A384034D240C49FFBCEA689B28B	NumStability.cstarMatrixColumnPair_inr	58	806	0	810	5	807	8	807	33	328BEE69582E508780DB1AAE09ACC84DFA2918115A8445A7A6488F2CB55F743B
NumStability.Analysis.CStarMatrices.Basic.RealMatrixBridge	NumStability/Analysis/CStarMatrices/Basic/RealMatrixBridge.lean	6d045defdcc5f7b06c29ac8247897dec34543e25	NumStability.cstarMatrixColumnPair_conjTranspose_mul_columnPair	NumStability/Analysis/CStarMatrices/Basic/RealMatrixBridge.ilean	41337D518E55224543901E46916B347DBA0B3A384034D240C49FFBCEA689B28B	NumStability.cstarMatrixColumnPair_conjTranspose_mul_columnPair	59	812	0	821	25	813	8	813	58	D5E908C640E5F3BFA6486DBAF3CD70A47EBA99659EA66D25DB55EE801991F7A1
NumStability.Analysis.CStarMatrices.Basic.RealMatrixBridge	NumStability/Analysis/CStarMatrices/Basic/RealMatrixBridge.lean	6d045defdcc5f7b06c29ac8247897dec34543e25	NumStability.cstarMatrixColumnPair_conjTranspose_mul_self	NumStability/Analysis/CStarMatrices/Basic/RealMatrixBridge.ilean	41337D518E55224543901E46916B347DBA0B3A384034D240C49FFBCEA689B28B	NumStability.cstarMatrixColumnPair_conjTranspose_mul_self	60	823	0	830	72	824	8	824	52	B5A593F657AE66A857A3476CA8AA8209272E437FAB51E450B84ED5578B845CD6
NumStability.Analysis.CStarMatrices.Basic.RealMatrixBridge	NumStability/Analysis/CStarMatrices/Basic/RealMatrixBridge.lean	6d045defdcc5f7b06c29ac8247897dec34543e25	NumStability.cstarMatrixBlockDiagonal_mul_columnPair	NumStability/Analysis/CStarMatrices/Basic/RealMatrixBridge.ilean	41337D518E55224543901E46916B347DBA0B3A384034D240C49FFBCEA689B28B	NumStability.cstarMatrixBlockDiagonal_mul_columnPair	61	832	0	841	63	833	8	833	47	410F4352B219728C0A23938BDB1AEB270A8F8DFDBC249764E3CFBBF0E71AB441
NumStability.Analysis.CStarMatrices.Basic.RealMatrixBridge	NumStability/Analysis/CStarMatrices/Basic/RealMatrixBridge.lean	6d045defdcc5f7b06c29ac8247897dec34543e25	NumStability.cstarMatrixColumnPair_conjTranspose_mul_blockDiagonal_mul_columnPair	NumStability/Analysis/CStarMatrices/Basic/RealMatrixBridge.ilean	41337D518E55224543901E46916B347DBA0B3A384034D240C49FFBCEA689B28B	NumStability.cstarMatrixColumnPair_conjTranspose_mul_blockDiagonal_mul_columnPair	62	843	0	852	41	844	8	844	76	A67468112227D4FAC278360E3B13B8120B8F9C6F6234C7784448E355D1EC6C42
NumStability.Analysis.CStarMatrices.Basic.RealMatrixBridge	NumStability/Analysis/CStarMatrices/Basic/RealMatrixBridge.lean	6d045defdcc5f7b06c29ac8247897dec34543e25	NumStability.cstarMatrixColumnPair_conjTranspose_mul_self_eq_one_of_sum	NumStability/Analysis/CStarMatrices/Basic/RealMatrixBridge.ilean	41337D518E55224543901E46916B347DBA0B3A384034D240C49FFBCEA689B28B	NumStability.cstarMatrixColumnPair_conjTranspose_mul_self_eq_one_of_sum	63	854	0	861	56	855	8	855	66	8A9A0D29ABF505D77BAB8A953F6FB9027D5930FF7F9409E2312C41FE00AA360C
NumStability.Analysis.CStarMatrices.Basic.RealMatrixBridge	NumStability/Analysis/CStarMatrices/Basic/RealMatrixBridge.lean	6d045defdcc5f7b06c29ac8247897dec34543e25	NumStability.cstarMatrixColumnPairRangeProjection	NumStability/Analysis/CStarMatrices/Basic/RealMatrixBridge.ilean	41337D518E55224543901E46916B347DBA0B3A384034D240C49FFBCEA689B28B	NumStability.cstarMatrixColumnPairRangeProjection	64	863	0	868	57	864	18	864	54	B1BF49D7964110737FB08132EBDE259D1CEFF351ABDB18145BA351D376731D88
NumStability.Analysis.CStarMatrices.Basic.RealMatrixBridge	NumStability/Analysis/CStarMatrices/Basic/RealMatrixBridge.lean	6d045defdcc5f7b06c29ac8247897dec34543e25	NumStability.cstarMatrixColumnPairRangeProjection_isSelfAdjoint	NumStability/Analysis/CStarMatrices/Basic/RealMatrixBridge.ilean	41337D518E55224543901E46916B347DBA0B3A384034D240C49FFBCEA689B28B	NumStability.cstarMatrixColumnPairRangeProjection_isSelfAdjoint	65	870	0	878	70	871	8	871	58	E77496A769E2FF9702ED24F40B900189B9387630E002EC9E5041F421CCC8D15B
NumStability.Analysis.CStarMatrices.Basic.RealMatrixBridge	NumStability/Analysis/CStarMatrices/Basic/RealMatrixBridge.lean	6d045defdcc5f7b06c29ac8247897dec34543e25	NumStability.cstarMatrixColumnPairRangeProjection_mul_self_of_sum	NumStability/Analysis/CStarMatrices/Basic/RealMatrixBridge.ilean	41337D518E55224543901E46916B347DBA0B3A384034D240C49FFBCEA689B28B	NumStability.cstarMatrixColumnPairRangeProjection_mul_self_of_sum	66	880	0	908	55	881	8	881	60	79B52B535DCED747C2255488C56DD662B5818561C986224445930D678657D249
NumStability.Analysis.CStarMatrices.Basic.RealMatrixBridge	NumStability/Analysis/CStarMatrices/Basic/RealMatrixBridge.lean	6d045defdcc5f7b06c29ac8247897dec34543e25	NumStability.cstarMatrixColumnPairRangeProjection_mul_columnPair_of_sum	NumStability/Analysis/CStarMatrices/Basic/RealMatrixBridge.ilean	41337D518E55224543901E46916B347DBA0B3A384034D240C49FFBCEA689B28B	NumStability.cstarMatrixColumnPairRangeProjection_mul_columnPair_of_sum	67	910	0	930	38	912	8	912	66	9AE4788FA6D93AB4B103578F34671A7DCCF9301731C829CDB9D234B6F5CECCAC
NumStability.Analysis.CStarMatrices.Basic.RealMatrixBridge	NumStability/Analysis/CStarMatrices/Basic/RealMatrixBridge.lean	6d045defdcc5f7b06c29ac8247897dec34543e25	NumStability.cstarMatrixColumnPair_conjTranspose_mul_rangeProjection_of_sum	NumStability/Analysis/CStarMatrices/Basic/RealMatrixBridge.ilean	41337D518E55224543901E46916B347DBA0B3A384034D240C49FFBCEA689B28B	NumStability.cstarMatrixColumnPair_conjTranspose_mul_rangeProjection_of_sum	68	932	0	955	66	934	8	934	70	76D70657E7E7608EC7110898ED8C95D9D0A815AA78E749546D21B62ADA77BB08
NumStability.Analysis.CStarMatrices.Basic.RealMatrixBridge	NumStability/Analysis/CStarMatrices/Basic/RealMatrixBridge.lean	6d045defdcc5f7b06c29ac8247897dec34543e25	NumStability.cstarMatrixProjectionReflection	NumStability/Analysis/CStarMatrices/Basic/RealMatrixBridge.ilean	41337D518E55224543901E46916B347DBA0B3A384034D240C49FFBCEA689B28B	NumStability.cstarMatrixProjectionReflection	69	957	0	963	17	960	18	960	49	A36E223146F69E557392528B0186CE1B5073A3C96C06D6B8EC9F858DD3B3BACE
NumStability.Analysis.CStarMatrices.Basic.RealMatrixBridge	NumStability/Analysis/CStarMatrices/Basic/RealMatrixBridge.lean	6d045defdcc5f7b06c29ac8247897dec34543e25	NumStability.cstarMatrixProjectionReflection_isSelfAdjoint_of_isSelfAdjoint	NumStability/Analysis/CStarMatrices/Basic/RealMatrixBridge.ilean	41337D518E55224543901E46916B347DBA0B3A384034D240C49FFBCEA689B28B	NumStability.cstarMatrixProjectionReflection_isSelfAdjoint_of_isSelfAdjoint	70	965	0	978	27	966	8	966	70	05A109C855AAE5FEC3006BED3BEE9E50D1F7F64BF549B60157DD09097D3159DC
NumStability.Analysis.CStarMatrices.Basic.RealMatrixBridge	NumStability/Analysis/CStarMatrices/Basic/RealMatrixBridge.lean	6d045defdcc5f7b06c29ac8247897dec34543e25	NumStability.cstarMatrixProjectionReflection_mul_self_of_idempotent	NumStability/Analysis/CStarMatrices/Basic/RealMatrixBridge.ilean	41337D518E55224543901E46916B347DBA0B3A384034D240C49FFBCEA689B28B	NumStability.cstarMatrixProjectionReflection_mul_self_of_idempotent	71	980	0	1008	8	982	8	982	62	09FBAF0ADF727F960394BAFC53F383C0280666FC6F2506E1CD9F7F23A8667CB8
NumStability.Analysis.CStarMatrices.Basic.RealMatrixBridge	NumStability/Analysis/CStarMatrices/Basic/RealMatrixBridge.lean	6d045defdcc5f7b06c29ac8247897dec34543e25	NumStability.cstarMatrixProjectionReflection_isUnit_of_idempotent	NumStability/Analysis/CStarMatrices/Basic/RealMatrixBridge.ilean	41337D518E55224543901E46916B347DBA0B3A384034D240C49FFBCEA689B28B	NumStability.cstarMatrixProjectionReflection_isUnit_of_idempotent	72	1010	0	1019	18	1012	8	1012	60	166FD3643DC6BCA703EE152B458580687BDDE8B16D7D843835FEEF857D308D48
NumStability.Analysis.CStarMatrices.Basic.RealMatrixBridge	NumStability/Analysis/CStarMatrices/Basic/RealMatrixBridge.lean	6d045defdcc5f7b06c29ac8247897dec34543e25	NumStability.cstarMatrixProjectionReflection_mem_unitary_of_isSelfAdjoint_of_idempotent	NumStability/Analysis/CStarMatrices/Basic/RealMatrixBridge.ilean	41337D518E55224543901E46916B347DBA0B3A384034D240C49FFBCEA689B28B	NumStability.cstarMatrixProjectionReflection_mem_unitary_of_isSelfAdjoint_of_idempotent	73	1021	0	1051	18	1023	8	1023	82	87D761DA1167992D8C28A2960510DA4BE9937856CF290019C3C6340D06EEFD3C
NumStability.Analysis.CStarMatrices.Basic.RealMatrixBridge	NumStability/Analysis/CStarMatrices/Basic/RealMatrixBridge.lean	6d045defdcc5f7b06c29ac8247897dec34543e25	NumStability.cstarMatrixProjectionReflection_mul_of_mul_eq_self	NumStability/Analysis/CStarMatrices/Basic/RealMatrixBridge.ilean	41337D518E55224543901E46916B347DBA0B3A384034D240C49FFBCEA689B28B	NumStability.cstarMatrixProjectionReflection_mul_of_mul_eq_self	74	1053	0	1076	6	1055	8	1055	58	A85B7C15CC209A9B7C2EC1998624DBB29DA59C4F2F7FCFBF1D6F5A1CA9469658
NumStability.Analysis.CStarMatrices.Basic.RealMatrixBridge	NumStability/Analysis/CStarMatrices/Basic/RealMatrixBridge.lean	6d045defdcc5f7b06c29ac8247897dec34543e25	NumStability.cstarMatrix_mul_projectionReflection_of_mul_eq_self	NumStability/Analysis/CStarMatrices/Basic/RealMatrixBridge.ilean	41337D518E55224543901E46916B347DBA0B3A384034D240C49FFBCEA689B28B	NumStability.cstarMatrix_mul_projectionReflection_of_mul_eq_self	75	1078	0	1101	6	1080	8	1080	59	0DE1E94CD2924E3ACADA9CDEA7B66B539E60E9619370A3A71CCB6F87889AC4C0
NumStability.Analysis.CStarMatrices.Basic.RealMatrixBridge	NumStability/Analysis/CStarMatrices/Basic/RealMatrixBridge.lean	6d045defdcc5f7b06c29ac8247897dec34543e25	NumStability.cstarMatrix_reflectionAverage_compression_of_fixed	NumStability/Analysis/CStarMatrices/Basic/RealMatrixBridge.ilean	41337D518E55224543901E46916B347DBA0B3A384034D240C49FFBCEA689B28B	NumStability.cstarMatrix_reflectionAverage_compression_of_fixed	76	1103	0	1154	14	1106	8	1106	58	F414F013F0AEEC319111776C7C694A414B9E060A4736AEA5B64E7D7649254198
NumStability.Analysis.CStarMatrices.Basic.RealMatrixBridge	NumStability/Analysis/CStarMatrices/Basic/RealMatrixBridge.lean	6d045defdcc5f7b06c29ac8247897dec34543e25	NumStability.cstarMatrix_reflectionAverage_conj_of_involutive	NumStability/Analysis/CStarMatrices/Basic/RealMatrixBridge.ilean	41337D518E55224543901E46916B347DBA0B3A384034D240C49FFBCEA689B28B	NumStability.cstarMatrix_reflectionAverage_conj_of_involutive	77	1156	0	1202	25	1158	8	1158	56	8606F82FC5CD8568234A924FC137F662CBA491C48F4DADA50559ABEE83863E4E
NumStability.Analysis.CStarMatrices.Basic.RealMatrixBridge	NumStability/Analysis/CStarMatrices/Basic/RealMatrixBridge.lean	6d045defdcc5f7b06c29ac8247897dec34543e25	NumStability.cstarMatrix_reflectionAverage_commute_of_involutive	NumStability/Analysis/CStarMatrices/Basic/RealMatrixBridge.ilean	41337D518E55224543901E46916B347DBA0B3A384034D240C49FFBCEA689B28B	NumStability.cstarMatrix_reflectionAverage_commute_of_involutive	78	1204	0	1227	21	1206	8	1206	59	EDA133083D7ABE036EEE566A271C8341EA5C8805358F5954FFBDDF270D6A7FB2
NumStability.Analysis.CStarMatrices.Basic.RealMatrixBridge	NumStability/Analysis/CStarMatrices/Basic/RealMatrixBridge.lean	6d045defdcc5f7b06c29ac8247897dec34543e25	NumStability.cstarMatrix_commute_projection_of_commute_reflection	NumStability/Analysis/CStarMatrices/Basic/RealMatrixBridge.ilean	41337D518E55224543901E46916B347DBA0B3A384034D240C49FFBCEA689B28B	NumStability.cstarMatrix_commute_projection_of_commute_reflection	79	1229	0	1260	38	1231	8	1231	60	B8BB941B902A94775EA0F0EF7F5A99174E18E7923029F4BDCECFEACDBA406E5E
NumStability.Analysis.CStarMatrices.Basic.RealMatrixBridge	NumStability/Analysis/CStarMatrices/Basic/RealMatrixBridge.lean	6d045defdcc5f7b06c29ac8247897dec34543e25	NumStability.cstarMatrixColumnPairRangeReflection	NumStability/Analysis/CStarMatrices/Basic/RealMatrixBridge.ilean	41337D518E55224543901E46916B347DBA0B3A384034D240C49FFBCEA689B28B	NumStability.cstarMatrixColumnPairRangeReflection	80	1262	0	1266	76	1263	18	1263	54	82C34DABF9D8984A9EC48049C08FEA0FD6855915F23AB64FCF8013BA4594F517
NumStability.Analysis.CStarMatrices.Basic.RealMatrixBridge	NumStability/Analysis/CStarMatrices/Basic/RealMatrixBridge.lean	6d045defdcc5f7b06c29ac8247897dec34543e25	NumStability.cstarMatrixColumnPairRangeReflection_isSelfAdjoint	NumStability/Analysis/CStarMatrices/Basic/RealMatrixBridge.ilean	41337D518E55224543901E46916B347DBA0B3A384034D240C49FFBCEA689B28B	NumStability.cstarMatrixColumnPairRangeReflection_isSelfAdjoint	81	1268	0	1275	60	1269	8	1269	58	8625C766CBE7161A3D03DCBE2D2C186C60CE0B84453C71BB993B572531C05122
NumStability.Analysis.CStarMatrices.Basic.RealMatrixBridge	NumStability/Analysis/CStarMatrices/Basic/RealMatrixBridge.lean	6d045defdcc5f7b06c29ac8247897dec34543e25	NumStability.cstarMatrixColumnPairRangeReflection_mul_self_of_sum	NumStability/Analysis/CStarMatrices/Basic/RealMatrixBridge.ilean	41337D518E55224543901E46916B347DBA0B3A384034D240C49FFBCEA689B28B	NumStability.cstarMatrixColumnPairRangeReflection_mul_self_of_sum	82	1277	0	1287	62	1278	8	1278	60	4AE23AA16D19F39A31F49342026D5E543D2EF4B711AC07AEBC1061BCC0DDFAFA
NumStability.Analysis.CStarMatrices.Basic.RealMatrixBridge	NumStability/Analysis/CStarMatrices/Basic/RealMatrixBridge.lean	6d045defdcc5f7b06c29ac8247897dec34543e25	NumStability.cstarMatrixColumnPairRangeReflection_isUnit_of_sum	NumStability/Analysis/CStarMatrices/Basic/RealMatrixBridge.ilean	41337D518E55224543901E46916B347DBA0B3A384034D240C49FFBCEA689B28B	NumStability.cstarMatrixColumnPairRangeReflection_isUnit_of_sum	83	1289	0	1297	62	1290	8	1290	58	55ED02956786AF4909A803E2CE23CB1B98F95D2FBCA393DA305FC97ABB82D498
NumStability.Analysis.CStarMatrices.Basic.RealMatrixBridge	NumStability/Analysis/CStarMatrices/Basic/RealMatrixBridge.lean	6d045defdcc5f7b06c29ac8247897dec34543e25	NumStability.cstarMatrixColumnPairRangeReflection_mem_unitary_of_sum	NumStability/Analysis/CStarMatrices/Basic/RealMatrixBridge.ilean	41337D518E55224543901E46916B347DBA0B3A384034D240C49FFBCEA689B28B	NumStability.cstarMatrixColumnPairRangeReflection_mem_unitary_of_sum	84	1299	0	1310	64	1300	8	1300	63	7E242E15E226E7B11AF2D399D10DEDAC3963FBC4C35796BAE8D91AE08E972D95
NumStability.Analysis.CStarMatrices.Basic.RealMatrixBridge	NumStability/Analysis/CStarMatrices/Basic/RealMatrixBridge.lean	6d045defdcc5f7b06c29ac8247897dec34543e25	NumStability.cstarMatrixColumnPairRangeReflection_mul_columnPair_of_sum	NumStability/Analysis/CStarMatrices/Basic/RealMatrixBridge.ilean	41337D518E55224543901E46916B347DBA0B3A384034D240C49FFBCEA689B28B	NumStability.cstarMatrixColumnPairRangeReflection_mul_columnPair_of_sum	85	1312	0	1324	68	1314	8	1314	66	6CC978B91F1B8369DA37A377C681E63AD53702E9705268B5CC71A1C4ECFE2B8A
NumStability.Analysis.CStarMatrices.Basic.RealMatrixBridge	NumStability/Analysis/CStarMatrices/Basic/RealMatrixBridge.lean	6d045defdcc5f7b06c29ac8247897dec34543e25	NumStability.cstarMatrixColumnPair_conjTranspose_mul_rangeReflection_of_sum	NumStability/Analysis/CStarMatrices/Basic/RealMatrixBridge.ilean	41337D518E55224543901E46916B347DBA0B3A384034D240C49FFBCEA689B28B	NumStability.cstarMatrixColumnPair_conjTranspose_mul_rangeReflection_of_sum	86	1326	0	1338	72	1328	8	1328	70	248513B20EDF48142D06F73C07536A7166B433AA2D2969607440FB3786FA025E
NumStability.Analysis.CStarMatrices.Basic.RealMatrixBridge	NumStability/Analysis/CStarMatrices/Basic/RealMatrixBridge.lean	6d045defdcc5f7b06c29ac8247897dec34543e25	NumStability.cstarMatrixColumnPair_reflectionAverage_compression_of_sum	NumStability/Analysis/CStarMatrices/Basic/RealMatrixBridge.ilean	41337D518E55224543901E46916B347DBA0B3A384034D240C49FFBCEA689B28B	NumStability.cstarMatrixColumnPair_reflectionAverage_compression_of_sum	87	1340	0	1360	68	1343	8	1343	66	B5C628A1E19E7190C1E54C46034345F11C44BDED0C51480048500BF8981124B9
NumStability.Analysis.CStarMatrices.Basic.RealMatrixBridge	NumStability/Analysis/CStarMatrices/Basic/RealMatrixBridge.lean	6d045defdcc5f7b06c29ac8247897dec34543e25	NumStability.cstarMatrixColumnPair_reflectionAverage_conj_rangeReflection_of_sum	NumStability/Analysis/CStarMatrices/Basic/RealMatrixBridge.ilean	41337D518E55224543901E46916B347DBA0B3A384034D240C49FFBCEA689B28B	NumStability.cstarMatrixColumnPair_reflectionAverage_conj_rangeReflection_of_sum	88	1362	0	1379	62	1364	8	1364	75	0FBF0DFD40641140342CCC9539D01F6A2E3EF83C2F276E1E825A545C98E506C5
NumStability.Analysis.CStarMatrices.Basic.RealMatrixBridge	NumStability/Analysis/CStarMatrices/Basic/RealMatrixBridge.lean	6d045defdcc5f7b06c29ac8247897dec34543e25	NumStability.cstarMatrixColumnPair_reflectionAverage_commute_rangeReflection_of_sum	NumStability/Analysis/CStarMatrices/Basic/RealMatrixBridge.ilean	41337D518E55224543901E46916B347DBA0B3A384034D240C49FFBCEA689B28B	NumStability.cstarMatrixColumnPair_reflectionAverage_commute_rangeReflection_of_sum	89	1381	0	1397	62	1382	8	1382	78	E70C9E9D75011F90E3EFF7C9ADED03A411945C52BD7F79FB13213B6C2DEC229B
NumStability.Analysis.CStarMatrices.Basic.RealMatrixBridge	NumStability/Analysis/CStarMatrices/Basic/RealMatrixBridge.lean	6d045defdcc5f7b06c29ac8247897dec34543e25	NumStability.cstarMatrixColumnPair_reflectionAverage_commute_rangeProjection_of_sum	NumStability/Analysis/CStarMatrices/Basic/RealMatrixBridge.ilean	41337D518E55224543901E46916B347DBA0B3A384034D240C49FFBCEA689B28B	NumStability.cstarMatrixColumnPair_reflectionAverage_commute_rangeProjection_of_sum	90	1399	0	1420	12	1401	8	1401	78	D9E39D8C1DA90E57B06CA9421475AAF6EF7839FCEA602D4814A0AA7C142F2D90
NumStability.Analysis.CStarMatrices.Basic.RealMatrixBridge	NumStability/Analysis/CStarMatrices/Basic/RealMatrixBridge.lean	6d045defdcc5f7b06c29ac8247897dec34543e25	NumStability.cstarMatrixColumnPair_mul_columnPair_eq_columnPair_compression_of_commute	NumStability/Analysis/CStarMatrices/Basic/RealMatrixBridge.ilean	41337D518E55224543901E46916B347DBA0B3A384034D240C49FFBCEA689B28B	NumStability.cstarMatrixColumnPair_mul_columnPair_eq_columnPair_compression_of_commute	91	1422	0	1460	49	1425	8	1425	81	A19A36DB8C72F74EB72ED28BEE7592BBB24EFD4B3E764E53459BED615D7DA593
NumStability.Analysis.CStarMatrices.Basic.RealMatrixBridge	NumStability/Analysis/CStarMatrices/Basic/RealMatrixBridge.lean	6d045defdcc5f7b06c29ac8247897dec34543e25	NumStability.cstarMatrixColumnPair_conjTranspose_mul_eq_compression_mul_conjTranspose_of_commute	NumStability/Analysis/CStarMatrices/Basic/RealMatrixBridge.ilean	41337D518E55224543901E46916B347DBA0B3A384034D240C49FFBCEA689B28B	NumStability.cstarMatrixColumnPair_conjTranspose_mul_eq_compression_mul_conjTranspose_of_commute	92	1462	0	1497	68	1464	8	1464	91	9674696EE1756DDE7AC2729B37421DEE352D45F6DCDE9FF51B6C96D2BFDA5D26
NumStability.Analysis.CStarMatrices.Basic.RealMatrixBridge	NumStability/Analysis/CStarMatrices/Basic/RealMatrixBridge.lean	6d045defdcc5f7b06c29ac8247897dec34543e25	NumStability.cstarMatrixColumnPair_reflectionAverage_mul_columnPair_of_sum	NumStability/Analysis/CStarMatrices/Basic/RealMatrixBridge.ilean	41337D518E55224543901E46916B347DBA0B3A384034D240C49FFBCEA689B28B	NumStability.cstarMatrixColumnPair_reflectionAverage_mul_columnPair_of_sum	93	1499	0	1539	20	1501	8	1501	69	CD175294DC1B64E983CD34A40C6FF76AF6EF0003EB22790BD348795884893A7F
NumStability.Analysis.CStarMatrices.Basic.RealMatrixBridge	NumStability/Analysis/CStarMatrices/Basic/RealMatrixBridge.lean	6d045defdcc5f7b06c29ac8247897dec34543e25	NumStability.cstarMatrixColumnPair_conjTranspose_mul_reflectionAverage_of_sum	NumStability/Analysis/CStarMatrices/Basic/RealMatrixBridge.ilean	41337D518E55224543901E46916B347DBA0B3A384034D240C49FFBCEA689B28B	NumStability.cstarMatrixColumnPair_conjTranspose_mul_reflectionAverage_of_sum	94	1541	0	1581	20	1543	8	1543	72	373916BABB7B9861692AB4FB572A2C950E99BB924A5131E69177EB6C207D5D9B
NumStability.Analysis.CStarMatrices.Basic.RealMatrixBridge	NumStability/Analysis/CStarMatrices/Basic/RealMatrixBridge.lean	6d045defdcc5f7b06c29ac8247897dec34543e25	NumStability.cstarMatrix_unitary_conj_isStrictlyPositive	NumStability/Analysis/CStarMatrices/Basic/RealMatrixBridge.ilean	41337D518E55224543901E46916B347DBA0B3A384034D240C49FFBCEA689B28B	NumStability.cstarMatrix_unitary_conj_isStrictlyPositive	95	1583	0	1590	88	1584	8	1584	51	6915CA63689D33891F635B42A6FD241B256711A12F035258CB668396FB08EB51
NumStability.Analysis.CStarMatrices.Basic.RealMatrixBridge	NumStability/Analysis/CStarMatrices/Basic/RealMatrixBridge.lean	6d045defdcc5f7b06c29ac8247897dec34543e25	NumStability.cstarMatrixColumnPairRangeReflection_conj_isStrictlyPositive_of_sum	NumStability/Analysis/CStarMatrices/Basic/RealMatrixBridge.ilean	41337D518E55224543901E46916B347DBA0B3A384034D240C49FFBCEA689B28B	NumStability.cstarMatrixColumnPairRangeReflection_conj_isStrictlyPositive_of_sum	96	1592	0	1606	56	1594	8	1594	75	20C5A70F38A3497197A4EEA2C4F2095D90FA720B534F0BA937B2C69F58760B50
NumStability.Analysis.LinearOperators.MatrixPowers.Spijker.KreissBridge	NumStability/Analysis/LinearOperators/MatrixPowers/Spijker/KreissBridge.lean	a4a1f7e762d66404b52d947b1187c0957c9b9c2b	NumStability.cstarMatrixEuclideanCoefficientLinear	NumStability/Analysis/LinearOperators/MatrixPowers/Spijker/KreissBridge.ilean	ABE1034847B6AC7C05ABF91013163ACC47E98F350ACF7E7FEFBB50CB734F90DE	NumStability.cstarMatrixEuclideanCoefficientLinear	0	56	0	81	45	57	4	57	41	BA2B6A11C6BDF1218B9A962FC37A578B9B7CCE194A9DF2BCA8A770EF4242E635
NumStability.Analysis.LinearOperators.MatrixPowers.Spijker.KreissBridge	NumStability/Analysis/LinearOperators/MatrixPowers/Spijker/KreissBridge.lean	a4a1f7e762d66404b52d947b1187c0957c9b9c2b	NumStability.cstarMatrixEuclideanCoefficientCLM	NumStability/Analysis/LinearOperators/MatrixPowers/Spijker/KreissBridge.ilean	ABE1034847B6AC7C05ABF91013163ACC47E98F350ACF7E7FEFBB50CB734F90DE	NumStability.cstarMatrixEuclideanCoefficientCLM	1	83	0	87	67	84	4	84	38	49944995C1528358CB40A303F90BEB487BF582ACE83916F6C913CE9F258A525C
NumStability.Analysis.LinearOperators.MatrixPowers.Spijker.KreissBridge	NumStability/Analysis/LinearOperators/MatrixPowers/Spijker/KreissBridge.lean	a4a1f7e762d66404b52d947b1187c0957c9b9c2b	NumStability.cstarMatrixEuclideanCoefficientCLM_apply	NumStability/Analysis/LinearOperators/MatrixPowers/Spijker/KreissBridge.ilean	ABE1034847B6AC7C05ABF91013163ACC47E98F350ACF7E7FEFBB50CB734F90DE	NumStability.cstarMatrixEuclideanCoefficientCLM_apply	2	89	0	96	5	90	6	90	46	67A0AADA3654D8AC3B4D855F7B5805D7C1333A0507AAE1E2A36F901D20B43B0C
NumStability.Analysis.LinearOperators.MatrixPowers.Spijker.KreissBridge	NumStability/Analysis/LinearOperators/MatrixPowers/Spijker/KreissBridge.lean	a4a1f7e762d66404b52d947b1187c0957c9b9c2b	NumStability.spijkerResolventCoefficient	NumStability/Analysis/LinearOperators/MatrixPowers/Spijker/KreissBridge.ilean	ABE1034847B6AC7C05ABF91013163ACC47E98F350ACF7E7FEFBB50CB734F90DE	NumStability.spijkerResolventCoefficient	3	98	0	102	56	99	4	99	31	6B74B5BF14EBFDC8AED74B42D92F5E4D26366F61BF5872097EAE12650641DF4D
NumStability.Analysis.LinearOperators.MatrixPowers.Spijker.KreissBridge	NumStability/Analysis/LinearOperators/MatrixPowers/Spijker/KreissBridge.lean	a4a1f7e762d66404b52d947b1187c0957c9b9c2b	NumStability.spijkerResolventCoefficientCurve	NumStability/Analysis/LinearOperators/MatrixPowers/Spijker/KreissBridge.ilean	ABE1034847B6AC7C05ABF91013163ACC47E98F350ACF7E7FEFBB50CB734F90DE	NumStability.spijkerResolventCoefficientCurve	4	104	0	108	53	105	4	105	36	482BAD989FE23898C00E1EAEB31B4A65EA778F71F4D85D67630AB35797D38B3F
NumStability.Analysis.LinearOperators.MatrixPowers.Spijker.KreissBridge	NumStability/Analysis/LinearOperators/MatrixPowers/Spijker/KreissBridge.lean	a4a1f7e762d66404b52d947b1187c0957c9b9c2b	NumStability.SpijkerArcLengthBound	NumStability/Analysis/LinearOperators/MatrixPowers/Spijker/KreissBridge.ilean	ABE1034847B6AC7C05ABF91013163ACC47E98F350ACF7E7FEFBB50CB734F90DE	NumStability.SpijkerArcLengthBound	5	110	0	128	25	120	4	120	25	75E22102C1898CB7C6FDF5DAD9B3B518180E390FE99AD1DB86E5EDCBC14C985A
NumStability.Analysis.LinearOperators.MatrixPowers.Spijker.KreissBridge	NumStability/Analysis/LinearOperators/MatrixPowers/Spijker/KreissBridge.lean	a4a1f7e762d66404b52d947b1187c0957c9b9c2b	NumStability.cstarMatrixEuclideanCoefficientCLM_circleIntegral	NumStability/Analysis/LinearOperators/MatrixPowers/Spijker/KreissBridge.ilean	ABE1034847B6AC7C05ABF91013163ACC47E98F350ACF7E7FEFBB50CB734F90DE	NumStability.cstarMatrixEuclideanCoefficientCLM_circleIntegral	6	130	0	148	26	131	6	131	55	39F2C6B2D3B796FB5FF36AF99415AEA87AF59ED2A27F1206859A55EC34DD5F2B
NumStability.Analysis.LinearOperators.MatrixPowers.Spijker.KreissBridge	NumStability/Analysis/LinearOperators/MatrixPowers/Spijker/KreissBridge.lean	a4a1f7e762d66404b52d947b1187c0957c9b9c2b	NumStability.spijkerResolventCoefficient_pow_eq_circleIntegral	NumStability/Analysis/LinearOperators/MatrixPowers/Spijker/KreissBridge.ilean	ABE1034847B6AC7C05ABF91013163ACC47E98F350ACF7E7FEFBB50CB734F90DE	NumStability.spijkerResolventCoefficient_pow_eq_circleIntegral	7	150	0	189	68	153	6	153	55	BDD974210976CA47FEC6322F433CD2528C3930C51FEA37BD8B65BC658365E2F2
NumStability.Analysis.LinearOperators.MatrixPowers.Spijker.KreissBridge	NumStability/Analysis/LinearOperators/MatrixPowers/Spijker/KreissBridge.lean	a4a1f7e762d66404b52d947b1187c0957c9b9c2b	NumStability.spijkerResolventCoefficient_pow_eq_intervalIntegral	NumStability/Analysis/LinearOperators/MatrixPowers/Spijker/KreissBridge.ilean	ABE1034847B6AC7C05ABF91013163ACC47E98F350ACF7E7FEFBB50CB734F90DE	NumStability.spijkerResolventCoefficient_pow_eq_intervalIntegral	8	191	0	237	10	193	6	193	57	344DCC2CECB77A1B5D0984E4AF93B2BD30A5989BD03DCD3197F9A04B0B549B6F
NumStability.Analysis.LinearOperators.MatrixPowers.Spijker.KreissBridge	NumStability/Analysis/LinearOperators/MatrixPowers/Spijker/KreissBridge.lean	a4a1f7e762d66404b52d947b1187c0957c9b9c2b	NumStability.spijkerResolventCoefficientCurve_differentiableAt	NumStability/Analysis/LinearOperators/MatrixPowers/Spijker/KreissBridge.ilean	ABE1034847B6AC7C05ABF91013163ACC47E98F350ACF7E7FEFBB50CB734F90DE	NumStability.spijkerResolventCoefficientCurve_differentiableAt	9	240	0	258	36	242	6	242	55	3C28AF663495126F199FC1C222CD8A9BFD9190B3F8981EDA8A5B7666E4069D23
NumStability.Analysis.LinearOperators.MatrixPowers.Spijker.KreissBridge	NumStability/Analysis/LinearOperators/MatrixPowers/Spijker/KreissBridge.lean	a4a1f7e762d66404b52d947b1187c0957c9b9c2b	NumStability.spijkerResolventCoefficientCurve_hasDerivAt	NumStability/Analysis/LinearOperators/MatrixPowers/Spijker/KreissBridge.ilean	ABE1034847B6AC7C05ABF91013163ACC47E98F350ACF7E7FEFBB50CB734F90DE	NumStability.spijkerResolventCoefficientCurve_hasDerivAt	10	260	0	284	53	262	6	262	49	5BDA5C935F77DBBF7EEF8EDFC80896F9ABCA2262F11439EAB0960D33DA0A9DD4
NumStability.Analysis.LinearOperators.MatrixPowers.Spijker.KreissBridge	NumStability/Analysis/LinearOperators/MatrixPowers/Spijker/KreissBridge.lean	a4a1f7e762d66404b52d947b1187c0957c9b9c2b	NumStability.spijkerResolventCoefficientCurve_deriv_continuous	NumStability/Analysis/LinearOperators/MatrixPowers/Spijker/KreissBridge.ilean	ABE1034847B6AC7C05ABF91013163ACC47E98F350ACF7E7FEFBB50CB734F90DE	NumStability.spijkerResolventCoefficientCurve_deriv_continuous	11	286	0	316	53	288	6	288	55	F2EAC5D9BBD3ECD86CADA058664B4EAE1357E28586E89A4BA0F4E3ADF895D149
NumStability.Analysis.LinearOperators.MatrixPowers.Spijker.KreissBridge	NumStability/Analysis/LinearOperators/MatrixPowers/Spijker/KreissBridge.lean	a4a1f7e762d66404b52d947b1187c0957c9b9c2b	NumStability.spijkerResolventCoefficientCurve_deriv_intervalIntegrable	NumStability/Analysis/LinearOperators/MatrixPowers/Spijker/KreissBridge.ilean	ABE1034847B6AC7C05ABF91013163ACC47E98F350ACF7E7FEFBB50CB734F90DE	NumStability.spijkerResolventCoefficientCurve_deriv_intervalIntegrable	12	318	0	330	39	321	6	321	63	D9ABB708A858F846AA1EDCA4EDF6AB4FADC85EC3C4D1F0DAD534C640164F25C0
NumStability.Analysis.LinearOperators.MatrixPowers.Spijker.KreissBridge	NumStability/Analysis/LinearOperators/MatrixPowers/Spijker/KreissBridge.lean	a4a1f7e762d66404b52d947b1187c0957c9b9c2b	NumStability.hasDerivAt_spijkerPowerAntiderivative	NumStability/Analysis/LinearOperators/MatrixPowers/Spijker/KreissBridge.ilean	ABE1034847B6AC7C05ABF91013163ACC47E98F350ACF7E7FEFBB50CB734F90DE	NumStability.hasDerivAt_spijkerPowerAntiderivative	13	332	0	349	6	334	6	334	43	F4FB340331D0E5C13FED3D7EAB717C77684E877D7CA73F97CD4C6ADED24504A8
NumStability.Analysis.LinearOperators.MatrixPowers.Spijker.KreissBridge	NumStability/Analysis/LinearOperators/MatrixPowers/Spijker/KreissBridge.lean	a4a1f7e762d66404b52d947b1187c0957c9b9c2b	NumStability.norm_spijkerMoment_le_arcLength	NumStability/Analysis/LinearOperators/MatrixPowers/Spijker/KreissBridge.ilean	ABE1034847B6AC7C05ABF91013163ACC47E98F350ACF7E7FEFBB50CB734F90DE	NumStability.norm_spijkerMoment_le_arcLength	14	351	0	430	51	353	6	353	37	D5AA1D34708F55E04BC06A4A15B6567234F2F03E677802CB509CC02FBC0551DB
NumStability.Analysis.LinearOperators.MatrixPowers.Spijker.KreissBridge	NumStability/Analysis/LinearOperators/MatrixPowers/Spijker/KreissBridge.lean	a4a1f7e762d66404b52d947b1187c0957c9b9c2b	NumStability.norm_spijkerResolventCoefficient_le	NumStability/Analysis/LinearOperators/MatrixPowers/Spijker/KreissBridge.ilean	ABE1034847B6AC7C05ABF91013163ACC47E98F350ACF7E7FEFBB50CB734F90DE	NumStability.norm_spijkerResolventCoefficient_le	15	432	0	467	27	434	6	434	41	E7DE495EF5D29458907084413E33089E77B8EDD9D1FEED33328257FBE6A9B11B
NumStability.Analysis.LinearOperators.MatrixPowers.Spijker.KreissBridge	NumStability/Analysis/LinearOperators/MatrixPowers/Spijker/KreissBridge.lean	a4a1f7e762d66404b52d947b1187c0957c9b9c2b	NumStability.norm_cstarMatrixEuclideanCoefficient_pow_le_of_spijker	NumStability/Analysis/LinearOperators/MatrixPowers/Spijker/KreissBridge.ilean	ABE1034847B6AC7C05ABF91013163ACC47E98F350ACF7E7FEFBB50CB734F90DE	NumStability.norm_cstarMatrixEuclideanCoefficient_pow_le_of_spijker	16	469	0	511	34	471	6	471	60	0EE43CFD981EA481FB670E201A0A440F453DE3C54CEC05C32A016E8DF913073F
NumStability.Analysis.LinearOperators.MatrixPowers.Spijker.KreissBridge	NumStability/Analysis/LinearOperators/MatrixPowers/Spijker/KreissBridge.lean	a4a1f7e762d66404b52d947b1187c0957c9b9c2b	NumStability.norm_pow_le_of_spijker_circle	NumStability/Analysis/LinearOperators/MatrixPowers/Spijker/KreissBridge.ilean	ABE1034847B6AC7C05ABF91013163ACC47E98F350ACF7E7FEFBB50CB734F90DE	NumStability.norm_pow_le_of_spijker_circle	17	513	0	543	15	514	6	514	35	972BBCC04A4AF21AB997BA6F1A7961C3D88BBD19B721BD34E2D3DB3337BCB30A
NumStability.Analysis.LinearOperators.MatrixPowers.Spijker.KreissBridge	NumStability/Analysis/LinearOperators/MatrixPowers/Spijker/KreissBridge.lean	a4a1f7e762d66404b52d947b1187c0957c9b9c2b	NumStability.norm_pow_le_exp_mul_dim_of_spijker	NumStability/Analysis/LinearOperators/MatrixPowers/Spijker/KreissBridge.ilean	ABE1034847B6AC7C05ABF91013163ACC47E98F350ACF7E7FEFBB50CB734F90DE	NumStability.norm_pow_le_exp_mul_dim_of_spijker	18	545	0	586	12	551	8	551	42	31AD277235B80C63E3202ACF8DEB6A5BA0810D377B480093224283B78094150C
NumStability.Analysis.LinearOperators.MatrixPowers.Spijker.KreissBridge	NumStability/Analysis/LinearOperators/MatrixPowers/Spijker/KreissBridge.lean	a4a1f7e762d66404b52d947b1187c0957c9b9c2b	NumStability.powerBound_exp_mul_dim_of_spijker	NumStability/Analysis/LinearOperators/MatrixPowers/Spijker/KreissBridge.ilean	ABE1034847B6AC7C05ABF91013163ACC47E98F350ACF7E7FEFBB50CB734F90DE	NumStability.powerBound_exp_mul_dim_of_spijker	19	588	0	595	55	589	8	589	41	638AA67B1F71821B89F14EF0201FC83126D38D15605F32DDF95B5C4E89361F26
NumStability.Analysis.MatrixPowersBinomialBound	NumStability/Analysis/MatrixPowersBinomialBound.lean	1006de836f6d95cf7d3d00483370a347a8bcb93f	_private.NumStability.Analysis.MatrixPowersBinomialBound.0.NumStability.opNorm_one	NumStability/Analysis/MatrixPowersBinomialBound.ilean	E793F8C42B01B86052A0E089B4F28849F581DBAD52E5F84797B70EA39EB5DDD3	_private.NumStability.Analysis.MatrixPowersBinomialBound.0.NumStability.opNorm_one	0	87	0	94	6	89	16	89	26	4F46FF7044DACA5E3D4114402B94072E21282416E7E77670C35161545ED3AAD7
NumStability.Analysis.MatrixPowersBinomialBound	NumStability/Analysis/MatrixPowersBinomialBound.lean	1006de836f6d95cf7d3d00483370a347a8bcb93f	_private.NumStability.Analysis.MatrixPowersBinomialBound.0.NumStability.opNorm_unitary	NumStability/Analysis/MatrixPowersBinomialBound.ilean	E793F8C42B01B86052A0E089B4F28849F581DBAD52E5F84797B70EA39EB5DDD3	_private.NumStability.Analysis.MatrixPowersBinomialBound.0.NumStability.opNorm_unitary	1	96	0	104	27	97	16	97	30	073814BBE0BD2775284C5A570F90AB765C07005AFB9DD74EAAB165220A6D3004
NumStability.Analysis.MatrixPowersBinomialBound	NumStability/Analysis/MatrixPowersBinomialBound.lean	1006de836f6d95cf7d3d00483370a347a8bcb93f	_private.NumStability.Analysis.MatrixPowersBinomialBound.0.NumStability.opNorm_unitary_conj	NumStability/Analysis/MatrixPowersBinomialBound.ilean	E793F8C42B01B86052A0E089B4F28849F581DBAD52E5F84797B70EA39EB5DDD3	_private.NumStability.Analysis.MatrixPowersBinomialBound.0.NumStability.opNorm_unitary_conj	2	106	0	128	27	108	16	108	35	A0B58607E1697B38302C819E0F38A6053E08313BC856AD0F75E6BA7EAE48BD82
NumStability.Analysis.MatrixPowersBinomialBound	NumStability/Analysis/MatrixPowersBinomialBound.lean	1006de836f6d95cf7d3d00483370a347a8bcb93f	NumStability.norm_pow_eq_norm_schur_pow	NumStability/Analysis/MatrixPowersBinomialBound.ilean	E793F8C42B01B86052A0E089B4F28849F581DBAD52E5F84797B70EA39EB5DDD3	NumStability.norm_pow_eq_norm_schur_pow	3	134	0	142	58	138	8	138	34	5434BE5066F98FF563A82E2F9E88367BCE3DD27052AD5BB21A6177780E1506A2
NumStability.Analysis.MatrixPowersBinomialBound	NumStability/Analysis/MatrixPowersBinomialBound.lean	1006de836f6d95cf7d3d00483370a347a8bcb93f	_private.NumStability.Analysis.MatrixPowersBinomialBound.0.NumStability.Ppiece	NumStability/Analysis/MatrixPowersBinomialBound.ilean	E793F8C42B01B86052A0E089B4F28849F581DBAD52E5F84797B70EA39EB5DDD3	_private.NumStability.Analysis.MatrixPowersBinomialBound.0.NumStability.Ppiece	4	185	0	191	65	187	12	187	18	6976996FD4BD3BE1AE17E06AB64AFC24E2A8B0F7EF4FD30E1EF0F3BE83EE4E3E
NumStability.Analysis.MatrixPowersBinomialBound	NumStability/Analysis/MatrixPowersBinomialBound.lean	1006de836f6d95cf7d3d00483370a347a8bcb93f	_private.NumStability.Analysis.MatrixPowersBinomialBound.0.NumStability.Ppiece_zero_zero	NumStability/Analysis/MatrixPowersBinomialBound.ilean	E793F8C42B01B86052A0E089B4F28849F581DBAD52E5F84797B70EA39EB5DDD3	_private.NumStability.Analysis.MatrixPowersBinomialBound.0.NumStability.Ppiece_zero_zero	5	193	0	194	29	193	24	193	40	7AEB80B33EEEA7B4D102AE4E268451A9703360A05A558B31385E15E137F9F4C5
NumStability.Analysis.MatrixPowersBinomialBound	NumStability/Analysis/MatrixPowersBinomialBound.lean	1006de836f6d95cf7d3d00483370a347a8bcb93f	_private.NumStability.Analysis.MatrixPowersBinomialBound.0.NumStability.Ppiece_zero_succ	NumStability/Analysis/MatrixPowersBinomialBound.ilean	E793F8C42B01B86052A0E089B4F28849F581DBAD52E5F84797B70EA39EB5DDD3	_private.NumStability.Analysis.MatrixPowersBinomialBound.0.NumStability.Ppiece_zero_succ	6	196	0	197	35	196	24	196	40	5A87EE9FBF95ADDED5A03020D737F004D36674EB309BB0741D76F88508BB8CA4
NumStability.Analysis.MatrixPowersBinomialBound	NumStability/Analysis/MatrixPowersBinomialBound.lean	1006de836f6d95cf7d3d00483370a347a8bcb93f	_private.NumStability.Analysis.MatrixPowersBinomialBound.0.NumStability.Ppiece_succ_zero	NumStability/Analysis/MatrixPowersBinomialBound.ilean	E793F8C42B01B86052A0E089B4F28849F581DBAD52E5F84797B70EA39EB5DDD3	_private.NumStability.Analysis.MatrixPowersBinomialBound.0.NumStability.Ppiece_succ_zero	7	199	0	200	52	199	16	199	32	6C56C493E9129B56587A8A24E9BF85A2C63EF75CBF3BB11306D163B6B64024E2
NumStability.Analysis.MatrixPowersBinomialBound	NumStability/Analysis/MatrixPowersBinomialBound.lean	1006de836f6d95cf7d3d00483370a347a8bcb93f	_private.NumStability.Analysis.MatrixPowersBinomialBound.0.NumStability.Ppiece_succ_succ	NumStability/Analysis/MatrixPowersBinomialBound.ilean	E793F8C42B01B86052A0E089B4F28849F581DBAD52E5F84797B70EA39EB5DDD3	_private.NumStability.Analysis.MatrixPowersBinomialBound.0.NumStability.Ppiece_succ_succ	8	202	0	203	85	202	16	202	32	F26E9892A24166A434511AFFC7AE6BE3936BC8866BC923B2363F5164E08F5E1E
NumStability.Analysis.MatrixPowersBinomialBound	NumStability/Analysis/MatrixPowersBinomialBound.lean	1006de836f6d95cf7d3d00483370a347a8bcb93f	_private.NumStability.Analysis.MatrixPowersBinomialBound.0.NumStability.Ppiece_eq_zero_of_lt	NumStability/Analysis/MatrixPowersBinomialBound.ilean	E793F8C42B01B86052A0E089B4F28849F581DBAD52E5F84797B70EA39EB5DDD3	_private.NumStability.Analysis.MatrixPowersBinomialBound.0.NumStability.Ppiece_eq_zero_of_lt	9	205	0	220	10	207	16	207	36	FB8CAB96AF66FA3A55A760B284328D6F253F4432F519B9FA0412A1EFAA8A6709
NumStability.Analysis.MatrixPowersBinomialBound	NumStability/Analysis/MatrixPowersBinomialBound.lean	1006de836f6d95cf7d3d00483370a347a8bcb93f	_private.NumStability.Analysis.MatrixPowersBinomialBound.0.NumStability.sum_Ppiece	NumStability/Analysis/MatrixPowersBinomialBound.ilean	E793F8C42B01B86052A0E089B4F28849F581DBAD52E5F84797B70EA39EB5DDD3	_private.NumStability.Analysis.MatrixPowersBinomialBound.0.NumStability.sum_Ppiece	10	222	0	252	8	224	16	224	26	D5B4846732547F316CBD9287942C5413594A0C695E93F1151D4D9439E2FDB64A
NumStability.Analysis.MatrixPowersBinomialBound	NumStability/Analysis/MatrixPowersBinomialBound.lean	1006de836f6d95cf7d3d00483370a347a8bcb93f	_private.NumStability.Analysis.MatrixPowersBinomialBound.0.NumStability.Ppiece_apply_eq_zero	NumStability/Analysis/MatrixPowersBinomialBound.ilean	E793F8C42B01B86052A0E089B4F28849F581DBAD52E5F84797B70EA39EB5DDD3	_private.NumStability.Analysis.MatrixPowersBinomialBound.0.NumStability.Ppiece_apply_eq_zero	11	265	0	312	35	267	16	267	36	A1078A170E8D087FDBD4F3898A4AF17CD11463F426411EB136ECF61F444B53F5
NumStability.Analysis.MatrixPowersBinomialBound	NumStability/Analysis/MatrixPowersBinomialBound.lean	1006de836f6d95cf7d3d00483370a347a8bcb93f	_private.NumStability.Analysis.MatrixPowersBinomialBound.0.NumStability.Ppiece_eq_zero_of_ge	NumStability/Analysis/MatrixPowersBinomialBound.ilean	E793F8C42B01B86052A0E089B4F28849F581DBAD52E5F84797B70EA39EB5DDD3	_private.NumStability.Analysis.MatrixPowersBinomialBound.0.NumStability.Ppiece_eq_zero_of_ge	12	314	0	327	7	319	16	319	36	2B3B8B910E97F1020B8B86804E7C7806E0AB52EE3E50EFD63BB07F90812BA6F5
NumStability.Analysis.MatrixPowersBinomialBound	NumStability/Analysis/MatrixPowersBinomialBound.lean	1006de836f6d95cf7d3d00483370a347a8bcb93f	_private.NumStability.Analysis.MatrixPowersBinomialBound.0.NumStability.norm_Ppiece_le	NumStability/Analysis/MatrixPowersBinomialBound.ilean	E793F8C42B01B86052A0E089B4F28849F581DBAD52E5F84797B70EA39EB5DDD3	_private.NumStability.Analysis.MatrixPowersBinomialBound.0.NumStability.norm_Ppiece_le	13	337	0	406	71	339	16	339	30	F0640389C164B753CF5BCD5E6FB2F63F5ACEA468D256315D3F42B5E44C73D958
NumStability.Analysis.MatrixPowersBinomialBound	NumStability/Analysis/MatrixPowersBinomialBound.lean	1006de836f6d95cf7d3d00483370a347a8bcb93f	NumStability.opNorm_schurpow_le_binomial	NumStability/Analysis/MatrixPowersBinomialBound.ilean	E793F8C42B01B86052A0E089B4F28849F581DBAD52E5F84797B70EA39EB5DDD3	NumStability.opNorm_schurpow_le_binomial	14	436	0	480	39	445	8	445	35	CE5876DF8F86BB88C00E484A41781611E1180DDF1C9355925A746843B8A886C1
NumStability.Analysis.MatrixPowersBinomialBound	NumStability/Analysis/MatrixPowersBinomialBound.lean	1006de836f6d95cf7d3d00483370a347a8bcb93f	NumStability.exists_schur_powerBounds	NumStability/Analysis/MatrixPowersBinomialBound.ilean	E793F8C42B01B86052A0E089B4F28849F581DBAD52E5F84797B70EA39EB5DDD3	NumStability.exists_schur_powerBounds	15	491	0	530	45	504	8	504	32	BFF3721203F760C6DAF142F905EFA1DE1AB372CACFDE370A1D7D71917A75BB69
NumStability.Analysis.MatrixPowersBinomialBound	NumStability/Analysis/MatrixPowersBinomialBound.lean	1006de836f6d95cf7d3d00483370a347a8bcb93f	NumStability.norm_pow_nilpotent	NumStability/Analysis/MatrixPowersBinomialBound.ilean	E793F8C42B01B86052A0E089B4F28849F581DBAD52E5F84797B70EA39EB5DDD3	NumStability.norm_pow_nilpotent	16	532	0	573	23	541	8	541	26	EA3B9C14A4BBF3B3F204AF484DE388351DDBED1CCEB8F1E362710AE75A485D09
NumStability.Analysis.MatrixPowersHenriciNormal	NumStability/Analysis/MatrixPowersHenriciNormal.lean	e8f693ba462480d2d36c3dbb5fad8525065e2205	NumStability.schurNormalImpliesStrictUpperZero_holds	NumStability/Analysis/MatrixPowersHenriciNormal.ilean	B41FAC798064E4529D554CBFBB5929CA06799E18D07139DE831ECC0F9A45E9E5	NumStability.schurNormalImpliesStrictUpperZero_holds	0	61	0	87	7	67	8	67	47	C006D07C0B015D88973EE4BF9A90EBC7D90D09C728B05B1042DCE3E82D0B0F34
NumStability.Analysis.MatrixPowersHenriciNormal	NumStability/Analysis/MatrixPowersHenriciNormal.lean	e8f693ba462480d2d36c3dbb5fad8525065e2205	NumStability.normal_iff_strictUpper_eq_zero_unconditional	NumStability/Analysis/MatrixPowersHenriciNormal.ilean	B41FAC798064E4529D554CBFBB5929CA06799E18D07139DE831ECC0F9A45E9E5	NumStability.normal_iff_strictUpper_eq_zero_unconditional	1	89	0	102	38	93	8	93	52	C84B3A3D9FD5F7D741A40A93BA2ABA3DBE1EB2659B78E0A871F5BC460FD3BE03
NumStability.Analysis.MatrixPowersSchur	NumStability/Analysis/MatrixPowersSchur.lean	7fd000f29e3c9baff1616476d8627f271d4fc6e8	_private.NumStability.Analysis.MatrixPowersSchur.0.NumStability.mul_conjTranspose_diag	NumStability/Analysis/MatrixPowersSchur.ilean	2EFB75B5C0A747FAC6ECCA7B24D20407098F2F4F1F6BE66A491A5E1E0914DAFF	_private.NumStability.Analysis.MatrixPowersSchur.0.NumStability.mul_conjTranspose_diag	0	187	0	193	11	188	16	188	38	D95E3F71D95DDC4285880E54D5B6E4BE210EE5DCA629533604917F111903262E
NumStability.Analysis.MatrixPowersSchur	NumStability/Analysis/MatrixPowersSchur.lean	7fd000f29e3c9baff1616476d8627f271d4fc6e8	_private.NumStability.Analysis.MatrixPowersSchur.0.NumStability.conjTranspose_mul_diag	NumStability/Analysis/MatrixPowersSchur.ilean	2EFB75B5C0A747FAC6ECCA7B24D20407098F2F4F1F6BE66A491A5E1E0914DAFF	_private.NumStability.Analysis.MatrixPowersSchur.0.NumStability.conjTranspose_mul_diag	1	195	0	201	11	196	16	196	38	75F3EFBA40653ED8F13C9C51635ECE5EF74BE72441851CD2F44E6ACD2530EF48
NumStability.Analysis.MatrixPowersSchur	NumStability/Analysis/MatrixPowersSchur.lean	7fd000f29e3c9baff1616476d8627f271d4fc6e8	NumStability.normal_upperTriangular_isDiag	NumStability/Analysis/MatrixPowersSchur.ilean	2EFB75B5C0A747FAC6ECCA7B24D20407098F2F4F1F6BE66A491A5E1E0914DAFF	NumStability.normal_upperTriangular_isDiag	2	203	0	270	31	213	8	213	37	3A9ABFEEF7712F3F6F88372E8E1BDD7C8400E71020AD24800FE593088378565A
NumStability.Analysis.MatrixPowersSchur	NumStability/Analysis/MatrixPowersSchur.lean	7fd000f29e3c9baff1616476d8627f271d4fc6e8	_private.NumStability.Analysis.MatrixPowersSchur.0.NumStability.pi_norm_pow	NumStability/Analysis/MatrixPowersSchur.ilean	2EFB75B5C0A747FAC6ECCA7B24D20407098F2F4F1F6BE66A491A5E1E0914DAFF	_private.NumStability.Analysis.MatrixPowersSchur.0.NumStability.pi_norm_pow	3	284	0	301	17	289	16	289	27	07958234A32B515CE22E392214FB9033FE3E22317828989BFD3796BF84713F9B
NumStability.Analysis.MatrixPowersSchur	NumStability/Analysis/MatrixPowersSchur.lean	7fd000f29e3c9baff1616476d8627f271d4fc6e8	NumStability.normal_schur_strictUpper_eq_zero	NumStability/Analysis/MatrixPowersSchur.ilean	2EFB75B5C0A747FAC6ECCA7B24D20407098F2F4F1F6BE66A491A5E1E0914DAFF	NumStability.normal_schur_strictUpper_eq_zero	4	303	0	349	61	309	8	309	40	418FBE54C909C1DF8185D362F5239131F8727AFF3A57A1709B564060A7767EDD
NumStability.Analysis.MatrixPowersSchur	NumStability/Analysis/MatrixPowersSchur.lean	7fd000f29e3c9baff1616476d8627f271d4fc6e8	_private.NumStability.Analysis.MatrixPowersSchur.0.NumStability.l2_opNorm_one	NumStability/Analysis/MatrixPowersSchur.ilean	2EFB75B5C0A747FAC6ECCA7B24D20407098F2F4F1F6BE66A491A5E1E0914DAFF	_private.NumStability.Analysis.MatrixPowersSchur.0.NumStability.l2_opNorm_one	5	351	0	358	6	353	16	353	29	D4E775F919A5B40F4E28E796EBFFA5E06AF0A18A45D2331C1E845EE49B0E2CD0
NumStability.Analysis.MatrixPowersSchur	NumStability/Analysis/MatrixPowersSchur.lean	7fd000f29e3c9baff1616476d8627f271d4fc6e8	_private.NumStability.Analysis.MatrixPowersSchur.0.NumStability.l2_opNorm_of_mem_unitaryGroup	NumStability/Analysis/MatrixPowersSchur.ilean	2EFB75B5C0A747FAC6ECCA7B24D20407098F2F4F1F6BE66A491A5E1E0914DAFF	_private.NumStability.Analysis.MatrixPowersSchur.0.NumStability.l2_opNorm_of_mem_unitaryGroup	6	360	0	370	27	363	16	363	45	1A167CAA8782CCD07060915FE6C64188F4BDEBF47FAB2913D3C2DC5EA329678D
NumStability.Analysis.MatrixPowersSchur	NumStability/Analysis/MatrixPowersSchur.lean	7fd000f29e3c9baff1616476d8627f271d4fc6e8	_private.NumStability.Analysis.MatrixPowersSchur.0.NumStability.l2_opNorm_unitary_conj	NumStability/Analysis/MatrixPowersSchur.ilean	2EFB75B5C0A747FAC6ECCA7B24D20407098F2F4F1F6BE66A491A5E1E0914DAFF	_private.NumStability.Analysis.MatrixPowersSchur.0.NumStability.l2_opNorm_unitary_conj	7	372	0	401	27	377	16	377	38	01827684B9D3E14428EF455C6CCB27ADC8697E546DF73467EF7FFB4C3DD57A21
NumStability.Analysis.MatrixPowersSchur	NumStability/Analysis/MatrixPowersSchur.lean	7fd000f29e3c9baff1616476d8627f271d4fc6e8	NumStability.norm_pow_normal_eq	NumStability/Analysis/MatrixPowersSchur.ilean	2EFB75B5C0A747FAC6ECCA7B24D20407098F2F4F1F6BE66A491A5E1E0914DAFF	NumStability.norm_pow_normal_eq	8	403	0	429	23	417	8	417	26	E6D44C409599FED984336BFE98298ECBA70A8F95AE852E5179C81F1F9A7DCA9F
NumStability.Analysis.MatrixPowersSpijkerClosure	NumStability/Analysis/MatrixPowersSpijkerClosure.lean	da61bf24b8fc11d83eb001fca9e12d600dd669c5	NumStability.norm_pow_le_exp_mul_dim_proved	NumStability/Analysis/MatrixPowersSpijkerClosure.ilean	0127BBE8293C5EF24D2D58CF777363EAAA23E867625178F46BA54DA819FA620D	NumStability.norm_pow_le_exp_mul_dim_proved	0	25	0	32	43	26	8	26	38	FC3C52762CB217C0B46D849044FF288038430EE9EE74E01174408973D427BBE1
NumStability.Analysis.MatrixPowersSpijkerClosure	NumStability/Analysis/MatrixPowersSpijkerClosure.lean	da61bf24b8fc11d83eb001fca9e12d600dd669c5	NumStability.powerBound_exp_mul_dim_proved	NumStability/Analysis/MatrixPowersSpijkerClosure.ilean	0127BBE8293C5EF24D2D58CF777363EAAA23E867625178F46BA54DA819FA620D	NumStability.powerBound_exp_mul_dim_proved	1	34	0	41	41	35	8	35	37	5C0B8A8AF23EC4F7B98229D63A1C019C160FCF8CC2D12BEBCEE8144768EE8C4B
NumStability.Analysis.MatrixPowersSpijkerClosure	NumStability/Analysis/MatrixPowersSpijkerClosure.lean	da61bf24b8fc11d83eb001fca9e12d600dd669c5	NumStability.higham18_kreiss_upper_proved	NumStability/Analysis/MatrixPowersSpijkerClosure.ilean	0127BBE8293C5EF24D2D58CF777363EAAA23E867625178F46BA54DA819FA620D	NumStability.higham18_kreiss_upper_proved	2	43	0	52	48	44	8	44	36	E7923B33D8FA75B176F7408FF38EA144C6A38094CB6EA1C4402954890FB4073A
NumStability.Analysis.MatrixPowersSpijkerClosure	NumStability/Analysis/MatrixPowersSpijkerClosure.lean	da61bf24b8fc11d83eb001fca9e12d600dd669c5	NumStability.higham18_kreiss_two_sided_proved	NumStability/Analysis/MatrixPowersSpijkerClosure.ilean	0127BBE8293C5EF24D2D58CF777363EAAA23E867625178F46BA54DA819FA620D	NumStability.higham18_kreiss_two_sided_proved	3	54	0	64	48	56	8	56	40	146768C2F0B03B6C9E8F2634F7CCF676BB643E0356F40DE74F9A976CBF63221C
NumStability.Analysis.MatrixPowersSpijkerPlanar	NumStability/Analysis/MatrixPowersSpijkerPlanar.lean	8bd4f4db31165196dbc6839c0fe4046d0fe14d69	_private.NumStability.Analysis.MatrixPowersSpijkerPlanar.0.NumStability.natDegree_C_mul_mul_le_two_mul	NumStability/Analysis/MatrixPowersSpijkerPlanar.ilean	9C5F7953B45738AD04A8D529389C7F210BBAB7173ECFED9FFB03C29F0A743EBB	_private.NumStability.Analysis.MatrixPowersSpijkerPlanar.0.NumStability.natDegree_C_mul_mul_le_two_mul	0	98	0	111	25	98	14	98	44	F5F66108DE0FB728D21DF3B3E4EB605B26C1C54EFB49607E53A6851D2E523B2F
NumStability.Analysis.MatrixPowersSpijkerPlanar	NumStability/Analysis/MatrixPowersSpijkerPlanar.lean	8bd4f4db31165196dbc6839c0fe4046d0fe14d69	NumStability.spijkerProjectionCrossingPolynomial_natDegree_le	NumStability/Analysis/MatrixPowersSpijkerPlanar.ilean	9C5F7953B45738AD04A8D529389C7F210BBAB7173ECFED9FFB03C29F0A743EBB	NumStability.spijkerProjectionCrossingPolynomial_natDegree_le	1	113	0	125	61	113	6	113	54	D3490FF4D90F29EFBDD09C03CF1FE3BFFC306BD79697207C555256C4F856DDDC
NumStability.Analysis.MatrixPowersSpijkerPlanar	NumStability/Analysis/MatrixPowersSpijkerPlanar.lean	8bd4f4db31165196dbc6839c0fe4046d0fe14d69	NumStability.spijker_projection_crossing_finset_card_le_two_mul	NumStability/Analysis/MatrixPowersSpijkerPlanar.ilean	9C5F7953B45738AD04A8D529389C7F210BBAB7173ECFED9FFB03C29F0A743EBB	NumStability.spijker_projection_crossing_finset_card_le_two_mul	2	238	0	278	75	242	8	242	58	A8C9F53FF36705E2893CAE4F9DCFF2F435DFA10D3B98B1FA122410477C0B2EDB
NumStability.Analysis.MatrixPowersSpijkerPlanar	NumStability/Analysis/MatrixPowersSpijkerPlanar.lean	8bd4f4db31165196dbc6839c0fe4046d0fe14d69	NumStability.RationalOrderCertificate.projection_crossing_finset_card_le_two_mul	NumStability/Analysis/MatrixPowersSpijkerPlanar.ilean	9C5F7953B45738AD04A8D529389C7F210BBAB7173ECFED9FFB03C29F0A743EBB	NumStability.RationalOrderCertificate.projection_crossing_finset_card_le_two_mul	3	280	0	334	26	283	8	283	75	214856C3C4202D757EF30211B9ABE76D54770A9340843EA1F916E595D028C496
NumStability.Analysis.MatrixPowersSpijkerPlanar	NumStability/Analysis/MatrixPowersSpijkerPlanar.lean	8bd4f4db31165196dbc6839c0fe4046d0fe14d69	NumStability.RationalOrderCertificate.arcLength_le_of_planar_analyticBridge	NumStability/Analysis/MatrixPowersSpijkerPlanar.ilean	9C5F7953B45738AD04A8D529389C7F210BBAB7173ECFED9FFB03C29F0A743EBB	NumStability.RationalOrderCertificate.arcLength_le_of_planar_analyticBridge	4	410	0	474	10	415	8	415	70	82CD03011BA1B5A88FEE0A1C710CC3F01C007EE4BB3FC62F559F687B4FC98403
NumStability.Analysis.MatrixPowersSpijkerPlanarAnalysis	NumStability/Analysis/MatrixPowersSpijkerPlanarAnalysis.lean	66e975322b75385adf7eb55429e6de3715b9f262	_private.NumStability.Analysis.MatrixPowersSpijkerPlanarAnalysis.0.NumStability.spijkerLevelInterval	NumStability/Analysis/MatrixPowersSpijkerPlanarAnalysis.ilean	5C5535C3FC9A0395961E2D6071B83937B53864134C63D5DE8C108DFD8287537C	_private.NumStability.Analysis.MatrixPowersSpijkerPlanarAnalysis.0.NumStability.spijkerLevelInterval	0	178	0	180	36	178	12	178	32	24130A9C669709B9786B1F411CDD06CB8E283F66837A35ABA25B04C6A6265BE1
NumStability.Analysis.MatrixPowersSpijkerPlanarAnalysis	NumStability/Analysis/MatrixPowersSpijkerPlanarAnalysis.lean	66e975322b75385adf7eb55429e6de3715b9f262	_private.NumStability.Analysis.MatrixPowersSpijkerPlanarAnalysis.0.NumStability.exists_spijkerPartitionCrossing	NumStability/Analysis/MatrixPowersSpijkerPlanarAnalysis.ilean	5C5535C3FC9A0395961E2D6071B83937B53864134C63D5DE8C108DFD8287537C	_private.NumStability.Analysis.MatrixPowersSpijkerPlanarAnalysis.0.NumStability.exists_spijkerPartitionCrossing	1	182	0	198	74	182	14	182	45	263FD867DD864BA82A4EA79457271ECE4B512CCEDAE682EE8EC02CE0B0E7462E
NumStability.Analysis.MatrixPowersSpijkerPlanarAnalysis	NumStability/Analysis/MatrixPowersSpijkerPlanarAnalysis.lean	66e975322b75385adf7eb55429e6de3715b9f262	_private.NumStability.Analysis.MatrixPowersSpijkerPlanarAnalysis.0.NumStability.spijkerPartitionEndpointValues	NumStability/Analysis/MatrixPowersSpijkerPlanarAnalysis.ilean	5C5535C3FC9A0395961E2D6071B83937B53864134C63D5DE8C108DFD8287537C	_private.NumStability.Analysis.MatrixPowersSpijkerPlanarAnalysis.0.NumStability.spijkerPartitionEndpointValues	2	200	0	202	49	200	12	200	42	A8323E0EF29803983E7C4772BFD1AF92EF973FCC2E5D3334B483AB596D7D8924
NumStability.Analysis.MatrixPowersSpijkerPlanarAnalysis	NumStability/Analysis/MatrixPowersSpijkerPlanarAnalysis.lean	66e975322b75385adf7eb55429e6de3715b9f262	_private.NumStability.Analysis.MatrixPowersSpijkerPlanarAnalysis.0.NumStability.spijkerActiveIncrements	NumStability/Analysis/MatrixPowersSpijkerPlanarAnalysis.ilean	5C5535C3FC9A0395961E2D6071B83937B53864134C63D5DE8C108DFD8287537C	_private.NumStability.Analysis.MatrixPowersSpijkerPlanarAnalysis.0.NumStability.spijkerActiveIncrements	3	204	0	208	75	204	12	204	35	396853038EC5D1307B2B1E4CDFB5E5D31FFB45A0DCA545C58D879AF785013568
NumStability.Analysis.MatrixPowersSpijkerPlanarAnalysis	NumStability/Analysis/MatrixPowersSpijkerPlanarAnalysis.lean	66e975322b75385adf7eb55429e6de3715b9f262	_private.NumStability.Analysis.MatrixPowersSpijkerPlanarAnalysis.0.NumStability.spijkerActiveIncrements_card_le_of_crossing_bound	NumStability/Analysis/MatrixPowersSpijkerPlanarAnalysis.ilean	5C5535C3FC9A0395961E2D6071B83937B53864134C63D5DE8C108DFD8287537C	_private.NumStability.Analysis.MatrixPowersSpijkerPlanarAnalysis.0.NumStability.spijkerActiveIncrements_card_le_of_crossing_bound	4	210	0	297	36	210	14	210	63	2AE4B20DB7679D3205172E6BD91FC68EFECBFE9E12E9B56367990FBE02AAECCC
NumStability.Analysis.MatrixPowersSpijkerPlanarAnalysis	NumStability/Analysis/MatrixPowersSpijkerPlanarAnalysis.lean	66e975322b75385adf7eb55429e6de3715b9f262	_private.NumStability.Analysis.MatrixPowersSpijkerPlanarAnalysis.0.NumStability.spijkerPartitionLevelMultiplicity	NumStability/Analysis/MatrixPowersSpijkerPlanarAnalysis.ilean	5C5535C3FC9A0395961E2D6071B83937B53864134C63D5DE8C108DFD8287537C	_private.NumStability.Analysis.MatrixPowersSpijkerPlanarAnalysis.0.NumStability.spijkerPartitionLevelMultiplicity	5	299	0	302	69	299	12	299	45	4B12A9C96980CD40C2AC6E64F54674F80815CB683295533D84110DFA5AEB780E
NumStability.Analysis.MatrixPowersSpijkerPlanarAnalysis	NumStability/Analysis/MatrixPowersSpijkerPlanarAnalysis.lean	66e975322b75385adf7eb55429e6de3715b9f262	_private.NumStability.Analysis.MatrixPowersSpijkerPlanarAnalysis.0.NumStability.spijkerPartitionLevelMultiplicity_eq_card	NumStability/Analysis/MatrixPowersSpijkerPlanarAnalysis.ilean	5C5535C3FC9A0395961E2D6071B83937B53864134C63D5DE8C108DFD8287537C	_private.NumStability.Analysis.MatrixPowersSpijkerPlanarAnalysis.0.NumStability.spijkerPartitionLevelMultiplicity_eq_card	6	304	0	312	77	304	14	304	55	19B24BD3EF3F0B92D79C7D1BEC1A037B1984BCBDEB5217FDD76633249EAB174D
NumStability.Analysis.MatrixPowersSpijkerPlanarAnalysis	NumStability/Analysis/MatrixPowersSpijkerPlanarAnalysis.lean	66e975322b75385adf7eb55429e6de3715b9f262	_private.NumStability.Analysis.MatrixPowersSpijkerPlanarAnalysis.0.NumStability.spijkerPartitionLevelMultiplicity_le	NumStability/Analysis/MatrixPowersSpijkerPlanarAnalysis.ilean	5C5535C3FC9A0395961E2D6071B83937B53864134C63D5DE8C108DFD8287537C	_private.NumStability.Analysis.MatrixPowersSpijkerPlanarAnalysis.0.NumStability.spijkerPartitionLevelMultiplicity_le	7	314	0	349	37	314	14	314	50	80F5D949E78FD01DA2764BBC0EE44C67A143E75E26A024A82D0FEFE80CC70604
NumStability.Analysis.MatrixPowersSpijkerPlanarAnalysis	NumStability/Analysis/MatrixPowersSpijkerPlanarAnalysis.lean	66e975322b75385adf7eb55429e6de3715b9f262	_private.NumStability.Analysis.MatrixPowersSpijkerPlanarAnalysis.0.NumStability.measurable_spijkerPartitionLevelMultiplicity	NumStability/Analysis/MatrixPowersSpijkerPlanarAnalysis.ilean	5C5535C3FC9A0395961E2D6071B83937B53864134C63D5DE8C108DFD8287537C	_private.NumStability.Analysis.MatrixPowersSpijkerPlanarAnalysis.0.NumStability.measurable_spijkerPartitionLevelMultiplicity	8	351	0	358	53	351	14	351	58	2A7E13B2271A913ABDE5BB82050A5AF5520C6C6C4A80804944191D7533412350
NumStability.Analysis.MatrixPowersSpijkerPlanarAnalysis	NumStability/Analysis/MatrixPowersSpijkerPlanarAnalysis.lean	66e975322b75385adf7eb55429e6de3715b9f262	_private.NumStability.Analysis.MatrixPowersSpijkerPlanarAnalysis.0.NumStability.lintegral_spijkerPartitionLevelMultiplicity	NumStability/Analysis/MatrixPowersSpijkerPlanarAnalysis.ilean	5C5535C3FC9A0395961E2D6071B83937B53864134C63D5DE8C108DFD8287537C	_private.NumStability.Analysis.MatrixPowersSpijkerPlanarAnalysis.0.NumStability.lintegral_spijkerPartitionLevelMultiplicity	9	360	0	382	55	360	14	360	57	3C0C6ED5A4109E37C8733AAC803B0B7D79AF864E82ACE5183282A0AADCBC9E86
NumStability.Analysis.MatrixPowersSpijkerPlanarAnalysis	NumStability/Analysis/MatrixPowersSpijkerPlanarAnalysis.lean	66e975322b75385adf7eb55429e6de3715b9f262	_private.NumStability.Analysis.MatrixPowersSpijkerPlanarAnalysis.0.NumStability.spijkerPartition_edist_sum_le	NumStability/Analysis/MatrixPowersSpijkerPlanarAnalysis.ilean	5C5535C3FC9A0395961E2D6071B83937B53864134C63D5DE8C108DFD8287537C	_private.NumStability.Analysis.MatrixPowersSpijkerPlanarAnalysis.0.NumStability.spijkerPartition_edist_sum_le	10	384	0	414	10	384	14	384	43	24460E7EC08DCFFACCC33E45B90C892F52B017671E19B29B68ECE7A17487CDE8
NumStability.Analysis.MatrixPowersSpijkerPlanarAnalysis	NumStability/Analysis/MatrixPowersSpijkerPlanarAnalysis.lean	66e975322b75385adf7eb55429e6de3715b9f262	_private.NumStability.Analysis.MatrixPowersSpijkerPlanarAnalysis.0.NumStability.spijker_eVariationOn_le	NumStability/Analysis/MatrixPowersSpijkerPlanarAnalysis.ilean	5C5535C3FC9A0395961E2D6071B83937B53864134C63D5DE8C108DFD8287537C	_private.NumStability.Analysis.MatrixPowersSpijkerPlanarAnalysis.0.NumStability.spijker_eVariationOn_le	11	416	0	430	72	416	14	416	37	344CE8040C007A78A7767D1D7A53365198C39034BA3A88E34DB8D59C47F2FEDE
NumStability.Analysis.MatrixPowersSpijkerPlanarAnalysis	NumStability/Analysis/MatrixPowersSpijkerPlanarAnalysis.lean	66e975322b75385adf7eb55429e6de3715b9f262	_private.NumStability.Analysis.MatrixPowersSpijkerPlanarAnalysis.0.NumStability.integral_abs_deriv_le_eVariationOn	NumStability/Analysis/MatrixPowersSpijkerPlanarAnalysis.ilean	5C5535C3FC9A0395961E2D6071B83937B53864134C63D5DE8C108DFD8287537C	_private.NumStability.Analysis.MatrixPowersSpijkerPlanarAnalysis.0.NumStability.integral_abs_deriv_le_eVariationOn	12	432	0	556	10	432	14	432	48	1AC9521F827ECB8F86B8BC33ACCD16E0D39993F7282C04675B5D12742E1C0553
NumStability.Analysis.MatrixPowersSpijkerPlanarAnalysis	NumStability/Analysis/MatrixPowersSpijkerPlanarAnalysis.lean	66e975322b75385adf7eb55429e6de3715b9f262	NumStability.spijker_crossing_variation	NumStability/Analysis/MatrixPowersSpijkerPlanarAnalysis.ilean	5C5535C3FC9A0395961E2D6071B83937B53864134C63D5DE8C108DFD8287537C	NumStability.spijker_crossing_variation	13	558	0	584	10	558	8	558	34	8F2F4346115038AD9C06B607A8410E08D553BEDDE4EA77E94F1229A3CF0B00B6
NumStability.Analysis.MatrixPowersSpijkerPlanarAnalysis	NumStability/Analysis/MatrixPowersSpijkerPlanarAnalysis.lean	66e975322b75385adf7eb55429e6de3715b9f262	NumStability.spijkerPlanarAnalyticBridge	NumStability/Analysis/MatrixPowersSpijkerPlanarAnalysis.ilean	5C5535C3FC9A0395961E2D6071B83937B53864134C63D5DE8C108DFD8287537C	NumStability.spijkerPlanarAnalyticBridge	14	597	0	601	50	599	4	599	31	00ECD559CEC09EB6695B50F09A3139BE4D011C5C1DF002B7EEAEC84D8B741BDE
NumStability.Analysis.MatrixPowersSpijkerPlanarAnalysis	NumStability/Analysis/MatrixPowersSpijkerPlanarAnalysis.lean	66e975322b75385adf7eb55429e6de3715b9f262	NumStability.RationalOrderCertificate.arcLength_le	NumStability/Analysis/MatrixPowersSpijkerPlanarAnalysis.ilean	5C5535C3FC9A0395961E2D6071B83937B53864134C63D5DE8C108DFD8287537C	NumStability.RationalOrderCertificate.arcLength_le	15	603	0	616	72	605	8	605	45	26E55137BFD495680CB7479318ED81238BEDE2A401D15E0B228E323E7306CCD7
NumStability.Analysis.MatrixPowersSpijkerPlanarAnalysis	NumStability/Analysis/MatrixPowersSpijkerPlanarAnalysis.lean	66e975322b75385adf7eb55429e6de3715b9f262	NumStability.spijkerArcLengthBound_proved	NumStability/Analysis/MatrixPowersSpijkerPlanarAnalysis.ilean	5C5535C3FC9A0395961E2D6071B83937B53864134C63D5DE8C108DFD8287537C	NumStability.spijkerArcLengthBound_proved	16	620	0	640	48	623	8	623	36	4392B46DBB97BC709A958B15A7C40CDDC004992FC09DA5894F1F9AD00871F8FD
NumStability.Analysis.NumericalRadius	NumStability/Analysis/NumericalRadius.lean	df20cb0021acdf3021f333d6a39a775d52322c85	_private.NumStability.Analysis.NumericalRadius.0.NumStability.term𝔼	NumStability/Analysis/NumericalRadius.ilean	D324F7F6AEF36291AF1E9AFD58B06A1FB3CF446A6DA1CEF65EAB5378851A362F	_private.NumStability.Analysis.NumericalRadius.0.NumStability._aux_NumStability_Analysis_NumericalRadius___macroRules__private_NumStability_Analysis_NumericalRadius_0_NumStability_term𝔼_1	0	71	0	73	47	71	0	73	47	CF48147A02AF66EB9668EDCD7896530CE8E068F514A4DBB1713F705020D198FD
NumStability.Analysis.PseudospectralResolvent	NumStability/Analysis/PseudospectralResolvent.lean	7c305d48544c689d658f178edce6cd0808bd431d	_private.NumStability.Analysis.PseudospectralResolvent.0.NumStability.«term↑ₐ»	NumStability/Analysis/PseudospectralResolvent.ilean	D2EA3D928EAB6DD4C14AD9E6AF14E1DE3FD3CCE98C93AD65468487903EE441A9	_private.NumStability.Analysis.PseudospectralResolvent.0.NumStability.«_aux_NumStability_Analysis_PseudospectralResolvent___macroRules__private_NumStability_Analysis_PseudospectralResolvent_0_NumStability_term↑ₐ_1»	0	68	0	68	38	68	0	68	38	F397B6564C3A871A7F346F2EDBA147F75D91F70B5DDBF0BE4C34EF497BECEF8F
