declaration	kind	visibility	historical_owner	destination_module	tier	disposition	command_root	start_line
NumStability.AG_eq_HA	theorem	public	NumStability.Algorithms.StationaryIteration	NumStability.Algorithms.LinearSystems.Iterative.Stationary.Splittings.Core.Definitions	reusable	relocated	NumStability.AG_eq_HA	283
NumStability.A_matMul_Minv_eq_sub	theorem	public	NumStability.Algorithms.StationaryIteration	NumStability.Algorithms.LinearSystems.Iterative.Stationary.ErrorAnalysis.Residual.Identities	reusable	relocated	NumStability.A_matMul_Minv_eq_sub	2860
NumStability.A_matPow_G_eq_matPow_H_A	theorem	public	NumStability.Algorithms.StationaryIteration	NumStability.Algorithms.LinearSystems.Iterative.Stationary.Splittings.Core.Definitions	reusable	relocated	NumStability.A_matPow_G_eq_matPow_H_A	318
NumStability.ComponentwiseIterateGrowthBound	definition	public	NumStability.Algorithms.StationaryIteration	NumStability.Source.Higham.Chapter17.Equation09.ComponentwiseGrowth.Results	source	relocated	NumStability.ComponentwiseIterateGrowthBound	1938
NumStability.ComponentwiseIterateGrowthValues	definition	public	NumStability.Algorithms.StationaryIteration	NumStability.Source.Higham.Chapter17.Equation09.ComponentwiseGrowth.Results	source	relocated	NumStability.ComponentwiseIterateGrowthValues	1922
NumStability.ComputedIteration	inductive	public	NumStability.Algorithms.StationaryIteration	NumStability.Algorithms.LinearSystems.Iterative.Stationary.Execution.Computed.Model	reusable	relocated	NumStability.ComputedIteration	576
NumStability.ComputedIteration.casesOn	definition	public	NumStability.Algorithms.StationaryIteration	NumStability.Algorithms.LinearSystems.Iterative.Stationary.Execution.Computed.Model	reusable	relocated	NumStability.ComputedIteration	576
NumStability.ComputedIteration.mk	constructor	public	NumStability.Algorithms.StationaryIteration	NumStability.Algorithms.LinearSystems.Iterative.Stationary.Execution.Computed.Model	reusable	relocated	NumStability.ComputedIteration	576
NumStability.ComputedIteration.rec	recursor	public	NumStability.Algorithms.StationaryIteration	NumStability.Algorithms.LinearSystems.Iterative.Stationary.Execution.Computed.Model	reusable	relocated	NumStability.ComputedIteration	576
NumStability.ComputedIteration.recOn	definition	public	NumStability.Algorithms.StationaryIteration	NumStability.Algorithms.LinearSystems.Iterative.Stationary.Execution.Computed.Model	reusable	relocated	NumStability.ComputedIteration	576
NumStability.ComputedIteration.step	theorem	public	NumStability.Algorithms.StationaryIteration	NumStability.Algorithms.LinearSystems.Iterative.Stationary.Execution.Computed.Model	reusable	relocated	NumStability.ComputedIteration	576
NumStability.G_fixes_oneEigenProjector_apply	theorem	public	NumStability.Algorithms.StationaryIterationSemiconvergent	NumStability.Algorithms.StationaryIterationSemiconvergent	unclassified-review	retained_classify_only	NumStability.G_fixes_oneEigenProjector_apply	233
NumStability.G_mul_oneEigenProjector_eq	theorem	public	NumStability.Algorithms.StationaryIterationSemiconvergent	NumStability.Algorithms.StationaryIterationSemiconvergent	unclassified-review	retained_classify_only	NumStability.G_mul_oneEigenProjector_eq	215
NumStability.IndexOneDrazinInverse	inductive	public	NumStability.Algorithms.StationaryIteration	NumStability.Algorithms.LinearSystems.Iterative.Stationary.Projectors.Drazin.Algebra	reusable	relocated	NumStability.IndexOneDrazinInverse	1010
NumStability.IndexOneDrazinInverse.casesOn	definition	public	NumStability.Algorithms.StationaryIteration	NumStability.Algorithms.LinearSystems.Iterative.Stationary.Projectors.Drazin.Algebra	reusable	relocated	NumStability.IndexOneDrazinInverse	1010
NumStability.IndexOneDrazinInverse.comm	theorem	public	NumStability.Algorithms.StationaryIteration	NumStability.Algorithms.LinearSystems.Iterative.Stationary.Projectors.Drazin.Algebra	reusable	relocated	NumStability.IndexOneDrazinInverse	1010
NumStability.IndexOneDrazinInverse.index_one	theorem	public	NumStability.Algorithms.StationaryIteration	NumStability.Algorithms.LinearSystems.Iterative.Stationary.Projectors.Drazin.Algebra	reusable	relocated	NumStability.IndexOneDrazinInverse	1010
NumStability.IndexOneDrazinInverse.mk	constructor	public	NumStability.Algorithms.StationaryIteration	NumStability.Algorithms.LinearSystems.Iterative.Stationary.Projectors.Drazin.Algebra	reusable	relocated	NumStability.IndexOneDrazinInverse	1010
NumStability.IndexOneDrazinInverse.rec	recursor	public	NumStability.Algorithms.StationaryIteration	NumStability.Algorithms.LinearSystems.Iterative.Stationary.Projectors.Drazin.Algebra	reusable	relocated	NumStability.IndexOneDrazinInverse	1010
NumStability.IndexOneDrazinInverse.recOn	definition	public	NumStability.Algorithms.StationaryIteration	NumStability.Algorithms.LinearSystems.Iterative.Stationary.Projectors.Drazin.Algebra	reusable	relocated	NumStability.IndexOneDrazinInverse	1010
NumStability.IndexOneDrazinInverse.reflexive	theorem	public	NumStability.Algorithms.StationaryIteration	NumStability.Algorithms.LinearSystems.Iterative.Stationary.Projectors.Drazin.Algebra	reusable	relocated	NumStability.IndexOneDrazinInverse	1010
NumStability.J_mul_topProjector	theorem	public	NumStability.Algorithms.StationaryIterationSemiconvergent	NumStability.Algorithms.StationaryIterationSemiconvergent	unclassified-review	retained_classify_only	NumStability.J_mul_topProjector	79
NumStability.LocalErrorBound	definition	public	NumStability.Algorithms.StationaryIteration	NumStability.Source.Higham.Chapter17.Equation02.LocalError.Results	source	relocated	NumStability.LocalErrorBound	1977
NumStability.NormwiseIterateGrowthBound	definition	public	NumStability.Algorithms.StationaryIteration	NumStability.Source.Higham.Chapter17.Equation07.NormwiseGrowth.Results	source	relocated	NumStability.NormwiseIterateGrowthBound	1891
NumStability.NormwiseIterateGrowthValues	definition	public	NumStability.Algorithms.StationaryIteration	NumStability.Source.Higham.Chapter17.Equation07.NormwiseGrowth.Results	source	relocated	NumStability.NormwiseIterateGrowthValues	1878
NumStability.PartialSumBound	definition	public	NumStability.Algorithms.StationaryIteration	NumStability.Source.Higham.Chapter17.Equation12.PartialSumBound.Results	source	relocated	NumStability.PartialSumBound	2223
NumStability.ResidualSigmaValues	definition	public	NumStability.Algorithms.StationaryIteration	NumStability.Source.Higham.Chapter17.Equation20.ResidualSigma.Results	source	relocated	NumStability.ResidualSigmaValues	2433
NumStability.RoundedStationarySolveCertificate	definition	public	NumStability.Algorithms.StationaryIterationRounded	NumStability.Algorithms.StationaryIterationRounded	unclassified-review	retained_classify_only	NumStability.RoundedStationarySolveCertificate	42
NumStability.SourceComputedIteration	inductive	public	NumStability.Algorithms.StationaryIteration	NumStability.Source.Higham.Chapter17.Equation01.ComputedIteration.Results	source	relocated	NumStability.SourceComputedIteration	583
NumStability.SourceComputedIteration.casesOn	definition	public	NumStability.Algorithms.StationaryIteration	NumStability.Source.Higham.Chapter17.Equation01.ComputedIteration.Results	source	relocated	NumStability.SourceComputedIteration	583
NumStability.SourceComputedIteration.mk	constructor	public	NumStability.Algorithms.StationaryIteration	NumStability.Source.Higham.Chapter17.Equation01.ComputedIteration.Results	source	relocated	NumStability.SourceComputedIteration	583
NumStability.SourceComputedIteration.rec	recursor	public	NumStability.Algorithms.StationaryIteration	NumStability.Source.Higham.Chapter17.Equation01.ComputedIteration.Results	source	relocated	NumStability.SourceComputedIteration	583
NumStability.SourceComputedIteration.recOn	definition	public	NumStability.Algorithms.StationaryIteration	NumStability.Source.Higham.Chapter17.Equation01.ComputedIteration.Results	source	relocated	NumStability.SourceComputedIteration	583
NumStability.SourceComputedIteration.step	theorem	public	NumStability.Algorithms.StationaryIteration	NumStability.Source.Higham.Chapter17.Equation01.ComputedIteration.Results	source	relocated	NumStability.SourceComputedIteration	583
NumStability.SplittingSpec	inductive	public	NumStability.Algorithms.StationaryIteration	NumStability.Algorithms.LinearSystems.Iterative.Stationary.Splittings.Core.Definitions	reusable	relocated	NumStability.SplittingSpec	29
NumStability.SplittingSpec.casesOn	definition	public	NumStability.Algorithms.StationaryIteration	NumStability.Algorithms.LinearSystems.Iterative.Stationary.Splittings.Core.Definitions	reusable	relocated	NumStability.SplittingSpec	29
NumStability.SplittingSpec.inv_left	theorem	public	NumStability.Algorithms.StationaryIteration	NumStability.Algorithms.LinearSystems.Iterative.Stationary.Splittings.Core.Definitions	reusable	relocated	NumStability.SplittingSpec	29
NumStability.SplittingSpec.inv_right	theorem	public	NumStability.Algorithms.StationaryIteration	NumStability.Algorithms.LinearSystems.Iterative.Stationary.Splittings.Core.Definitions	reusable	relocated	NumStability.SplittingSpec	29
NumStability.SplittingSpec.mk	constructor	public	NumStability.Algorithms.StationaryIteration	NumStability.Algorithms.LinearSystems.Iterative.Stationary.Splittings.Core.Definitions	reusable	relocated	NumStability.SplittingSpec	29
NumStability.SplittingSpec.rec	recursor	public	NumStability.Algorithms.StationaryIteration	NumStability.Algorithms.LinearSystems.Iterative.Stationary.Splittings.Core.Definitions	reusable	relocated	NumStability.SplittingSpec	29
NumStability.SplittingSpec.recOn	definition	public	NumStability.Algorithms.StationaryIteration	NumStability.Algorithms.LinearSystems.Iterative.Stationary.Splittings.Core.Definitions	reusable	relocated	NumStability.SplittingSpec	29
NumStability.SplittingSpec.splitting	theorem	public	NumStability.Algorithms.StationaryIteration	NumStability.Algorithms.LinearSystems.Iterative.Stationary.Splittings.Core.Definitions	reusable	relocated	NumStability.SplittingSpec	29
NumStability.W_mul_bottomProjector	theorem	public	NumStability.Algorithms.StationaryIterationDrazin	NumStability.Algorithms.StationaryIterationDrazin	unclassified-review	retained_classify_only	NumStability.W_mul_bottomProjector	257
NumStability.X_inv_G_X_eq_blockJ	theorem	public	NumStability.Algorithms.StationaryIterationSemiconvergentExistence	NumStability.Algorithms.StationaryIterationSemiconvergentExistence	unclassified-review	retained_classify_only	NumStability.X_inv_G_X_eq_blockJ	227
NumStability.affine_fixed_point_unroll	theorem	public	NumStability.Algorithms.StationaryIteration	NumStability.Algorithms.LinearSystems.Iterative.Stationary.Recurrences.Affine.Unrolling	reusable	relocated	NumStability.affine_fixed_point_unroll	381
NumStability.affine_recurrence_unroll	theorem	public	NumStability.Algorithms.StationaryIteration	NumStability.Algorithms.LinearSystems.Iterative.Stationary.Recurrences.Affine.Unrolling	reusable	relocated	NumStability.affine_recurrence_unroll	466
NumStability.blockJ	definition	public	NumStability.Algorithms.StationaryIterationSemiconvergentExistence	NumStability.Algorithms.StationaryIterationSemiconvergentExistence	unclassified-review	retained_classify_only	NumStability.blockJ	83
NumStability.blockJ_bottom	theorem	public	NumStability.Algorithms.StationaryIterationSemiconvergentExistence	NumStability.Algorithms.StationaryIterationSemiconvergentExistence	unclassified-review	retained_classify_only	NumStability.blockJ_bottom	113
NumStability.blockJ_bottom_row_sum_le	theorem	public	NumStability.Algorithms.StationaryIterationSemiconvergentExistence	NumStability.Algorithms.StationaryIterationSemiconvergentExistence	unclassified-review	retained_classify_only	NumStability.blockJ_bottom_row_sum_le	121
NumStability.blockJ_cross	theorem	public	NumStability.Algorithms.StationaryIterationSemiconvergentExistence	NumStability.Algorithms.StationaryIterationSemiconvergentExistence	unclassified-review	retained_classify_only	NumStability.blockJ_cross	105
NumStability.blockJ_top	theorem	public	NumStability.Algorithms.StationaryIterationSemiconvergentExistence	NumStability.Algorithms.StationaryIterationSemiconvergentExistence	unclassified-review	retained_classify_only	NumStability.blockJ_top	97
NumStability.bottomProjector	definition	public	NumStability.Algorithms.StationaryIterationDrazin	NumStability.Algorithms.StationaryIterationDrazin	unclassified-review	retained_classify_only	NumStability.bottomProjector	55
NumStability.bottomProjector_apply_bottom	theorem	public	NumStability.Algorithms.StationaryIterationDrazin	NumStability.Algorithms.StationaryIterationDrazin	unclassified-review	retained_classify_only	NumStability.bottomProjector_apply_bottom	62
NumStability.bottomProjector_apply_top	theorem	public	NumStability.Algorithms.StationaryIterationDrazin	NumStability.Algorithms.StationaryIterationDrazin	unclassified-review	retained_classify_only	NumStability.bottomProjector_apply_top	71
NumStability.bottomProjector_idempotent	theorem	public	NumStability.Algorithms.StationaryIterationDrazin	NumStability.Algorithms.StationaryIterationDrazin	unclassified-review	retained_classify_only	NumStability.bottomProjector_idempotent	131
NumStability.bottomProjector_matPow_J_comm	theorem	public	NumStability.Algorithms.StationaryIterationDrazin	NumStability.Algorithms.StationaryIterationDrazin	unclassified-review	retained_classify_only	NumStability.bottomProjector_matPow_J_comm	614
NumStability.componentwiseIterateGrowth	definition	public	NumStability.Algorithms.StationaryIteration	NumStability.Source.Higham.Chapter17.Equation09.ComponentwiseGrowth.Results	source	relocated	NumStability.componentwiseIterateGrowth	1931
NumStability.componentwiseIterateGrowthBound_of_sSup	theorem	public	NumStability.Algorithms.StationaryIteration	NumStability.Source.Higham.Chapter17.Equation09.ComponentwiseGrowth.Results	source	relocated	NumStability.componentwiseIterateGrowthBound_of_sSup	1954
NumStability.componentwiseIterateGrowth_ratio_le	theorem	public	NumStability.Algorithms.StationaryIteration	NumStability.Source.Higham.Chapter17.Equation09.ComponentwiseGrowth.Results	source	relocated	NumStability.componentwiseIterateGrowth_ratio_le	1944
NumStability.componentwise_forward_bound	theorem	public	NumStability.Algorithms.StationaryIteration	NumStability.Source.Higham.Chapter17.Equation06.ComponentwiseForward.Results	source	relocated	NumStability.componentwise_forward_bound	1836
NumStability.computedIteration_of_sourceComputedIteration	theorem	public	NumStability.Algorithms.StationaryIteration	NumStability.Source.Higham.Chapter17.Equation01.ComputedIteration.Results	source	relocated	NumStability.computedIteration_of_sourceComputedIteration	591
NumStability.conjugate_matMul	theorem	public	NumStability.Algorithms.StationaryIterationSemiconvergent	NumStability.Algorithms.StationaryIterationSemiconvergent	unclassified-review	retained_classify_only	NumStability.conjugate_matMul	162
NumStability.conjugated_bottomProjector_eq_semiconvergentE	theorem	public	NumStability.Algorithms.StationaryIterationDrazin	NumStability.Algorithms.StationaryIterationDrazin	unclassified-review	retained_classify_only	NumStability.conjugated_bottomProjector_eq_semiconvergentE	332
NumStability.diagMatrix_mul_diagMatrix_eq_id	theorem	public	NumStability.Algorithms.StationaryIteration	NumStability.Algorithms.LinearSystems.Iterative.Stationary.Splittings.Scaling.Diagonal	reusable	relocated	NumStability.diagMatrix_mul_diagMatrix_eq_id	58
NumStability.diagonalResidualRatioMax	definition	public	NumStability.Algorithms.StationaryIteration	NumStability.Source.Higham.Chapter17.Equation20.ResidualSigma.Results	source	relocated	NumStability.diagonalResidualRatioMax	2459
NumStability.diagonalResidualRatioMax_nonneg	theorem	public	NumStability.Algorithms.StationaryIteration	NumStability.Source.Higham.Chapter17.Equation20.ResidualSigma.Results	source	relocated	NumStability.diagonalResidualRatioMax_nonneg	2476
NumStability.diagonalResidualRatio_le_max	theorem	public	NumStability.Algorithms.StationaryIteration	NumStability.Source.Higham.Chapter17.Equation20.ResidualSigma.Results	source	relocated	NumStability.diagonalResidualRatio_le_max	2468
NumStability.drazinIG	definition	public	NumStability.Algorithms.StationaryIterationDrazin	NumStability.Algorithms.StationaryIterationDrazin	unclassified-review	retained_classify_only	NumStability.drazinIG	245
NumStability.drazinIG_mul_matSub_id_G_eq_semiconvergentE	theorem	public	NumStability.Algorithms.StationaryIterationDrazin	NumStability.Algorithms.StationaryIterationDrazin	unclassified-review	retained_classify_only	NumStability.drazinIG_mul_matSub_id_G_eq_semiconvergentE	391
NumStability.drazinIG_spec	theorem	public	NumStability.Algorithms.StationaryIterationDrazin	NumStability.Algorithms.StationaryIterationDrazin	unclassified-review	retained_classify_only	NumStability.drazinIG_spec	284
NumStability.dualIterMatrix	definition	public	NumStability.Algorithms.StationaryIteration	NumStability.Algorithms.LinearSystems.Iterative.Stationary.Splittings.Core.Definitions	reusable	relocated	NumStability.dualIterMatrix	39
NumStability.eq_17_23_block	theorem	public	NumStability.Algorithms.StationaryIterationDrazin	NumStability.Algorithms.StationaryIterationDrazin	unclassified-review	retained_classify_only	NumStability.eq_17_23_block	190
NumStability.eq_17_25_limit	theorem	public	NumStability.Algorithms.StationaryIterationDrazin	NumStability.Algorithms.StationaryIterationDrazin	unclassified-review	retained_classify_only	NumStability.eq_17_25_limit	426
NumStability.eq_17_26_stationary_limit	theorem	public	NumStability.Algorithms.StationaryIterationDrazin	NumStability.Algorithms.StationaryIterationDrazin	unclassified-review	retained_classify_only	NumStability.eq_17_26_stationary_limit	469
NumStability.eq_17_30_block	theorem	public	NumStability.Algorithms.StationaryIterationDrazin	NumStability.Algorithms.StationaryIterationDrazin	unclassified-review	retained_classify_only	NumStability.eq_17_30_block	637
NumStability.eq_17_30_pow	theorem	public	NumStability.Algorithms.StationaryIterationDrazin	NumStability.Algorithms.StationaryIterationDrazin	unclassified-review	retained_classify_only	NumStability.eq_17_30_pow	651
NumStability.eq_17_31_normwise_bound	theorem	public	NumStability.Algorithms.StationaryIterationDrazin	NumStability.Algorithms.StationaryIterationDrazin	unclassified-review	retained_private_closure	NumStability.eq_17_31_normwise_bound	884
NumStability.eq_17_32_componentwise_bound	theorem	public	NumStability.Algorithms.StationaryIterationDrazin	NumStability.Algorithms.StationaryIterationDrazin	unclassified-review	retained_private_closure	NumStability.eq_17_32_componentwise_bound	1344
NumStability.eq_conjugate_of_similarity	theorem	public	NumStability.Algorithms.StationaryIterationSemiconvergent	NumStability.Algorithms.StationaryIterationSemiconvergent	unclassified-review	retained_classify_only	NumStability.eq_conjugate_of_similarity	145
NumStability.finiteForwardCorrection	definition	public	NumStability.Algorithms.StationaryIteration	NumStability.Source.Higham.Chapter17.Equation13.ComponentwiseForward.Results	source	relocated	NumStability.finiteForwardCorrection	3190
NumStability.finiteForwardCorrection_le_mainForwardBoundVector	theorem	public	NumStability.Algorithms.StationaryIteration	NumStability.Source.Higham.Chapter17.Equation13.ComponentwiseForward.Results	source	relocated	NumStability.finiteForwardCorrection_le_mainForwardBoundVector	3243
NumStability.finiteForwardCorrection_nonneg	theorem	public	NumStability.Algorithms.StationaryIteration	NumStability.Source.Higham.Chapter17.Equation13.ComponentwiseForward.Results	source	relocated	NumStability.finiteForwardCorrection_nonneg	3221
NumStability.finiteForwardCorrection_norm_bound	theorem	public	NumStability.Algorithms.StationaryIteration	NumStability.Source.Higham.Chapter17.Equation13.ComponentwiseForward.Results	source	relocated	NumStability.finiteForwardCorrection_norm_bound	3255
NumStability.finiteResidualSigma	definition	public	NumStability.Algorithms.StationaryIteration	NumStability.Source.Higham.Chapter17.Equation20.ResidualSigma.Results	source	relocated	NumStability.finiteResidualSigma	2373
NumStability.finiteResidualSigmaMatrix	definition	public	NumStability.Algorithms.StationaryIteration	NumStability.Source.Higham.Chapter17.Equation20.ResidualSigma.Results	source	relocated	NumStability.finiteResidualSigmaMatrix	2364
NumStability.finiteResidualSigma_le_diagonalizable_bound	theorem	public	NumStability.Algorithms.StationaryIteration	NumStability.Algorithms.StationaryIteration	historical-closure	retained_private_closure	NumStability.finiteResidualSigma_le_diagonalizable_bound	2572
NumStability.finiteResidualSigma_le_diagonalizable_max_bound	theorem	public	NumStability.Algorithms.StationaryIteration	NumStability.Algorithms.StationaryIteration	historical-closure	retained_private_closure	NumStability.finiteResidualSigma_le_diagonalizable_max_bound	2669
NumStability.finite_norm_form_forward_bound	theorem	public	NumStability.Algorithms.StationaryIteration	NumStability.Source.Higham.Chapter17.Equation15.NormwiseForward.Results	source	relocated	NumStability.finite_norm_form_forward_bound	3292
NumStability.finite_norm_form_gaussSeidel_forward_bound	theorem	public	NumStability.Algorithms.StationaryIteration	NumStability.Source.Higham.Chapter17.Equation17.SOR.Results	source	relocated	NumStability.finite_norm_form_gaussSeidel_forward_bound	3529
NumStability.finite_norm_form_jacobi_forward_bound	theorem	public	NumStability.Algorithms.StationaryIteration	NumStability.Source.Higham.Chapter17.Equation16.Jacobi.Results	source	relocated	NumStability.finite_norm_form_jacobi_forward_bound	3355
NumStability.finite_norm_form_sor_forward_bound	theorem	public	NumStability.Algorithms.StationaryIteration	NumStability.Source.Higham.Chapter17.Equation17.SOR.Results	source	relocated	NumStability.finite_norm_form_sor_forward_bound	3491
NumStability.flStationaryIterationLower	definition	public	NumStability.Algorithms.StationaryIterationRounded	NumStability.Algorithms.StationaryIterationRounded	unclassified-review	retained_classify_only	NumStability.flStationaryIterationLower	210
NumStability.flStationaryIterationLower_actual_forward_bound	theorem	public	NumStability.Algorithms.StationaryIterationRounded	NumStability.Algorithms.StationaryIterationRounded	unclassified-review	retained_classify_only	NumStability.flStationaryIterationLower_actual_forward_bound	503
NumStability.flStationaryIterationLower_localErrorBound	theorem	public	NumStability.Algorithms.StationaryIterationRounded	NumStability.Algorithms.StationaryIterationRounded	unclassified-review	retained_classify_only	NumStability.flStationaryIterationLower_localErrorBound	262
NumStability.flStationaryIterationLower_solveCertificate	theorem	public	NumStability.Algorithms.StationaryIterationRounded	NumStability.Algorithms.StationaryIterationRounded	unclassified-review	retained_classify_only	NumStability.flStationaryIterationLower_solveCertificate	230
NumStability.flStationaryIterationUpper	definition	public	NumStability.Algorithms.StationaryIterationRounded	NumStability.Algorithms.StationaryIterationRounded	unclassified-review	retained_classify_only	NumStability.flStationaryIterationUpper	220
NumStability.flStationaryIterationUpper_actual_forward_bound	theorem	public	NumStability.Algorithms.StationaryIterationRounded	NumStability.Algorithms.StationaryIterationRounded	unclassified-review	retained_classify_only	NumStability.flStationaryIterationUpper_actual_forward_bound	536
NumStability.flStationaryIterationUpper_localErrorBound	theorem	public	NumStability.Algorithms.StationaryIterationRounded	NumStability.Algorithms.StationaryIterationRounded	unclassified-review	retained_classify_only	NumStability.flStationaryIterationUpper_localErrorBound	277
NumStability.flStationaryIterationUpper_solveCertificate	theorem	public	NumStability.Algorithms.StationaryIterationRounded	NumStability.Algorithms.StationaryIterationRounded	unclassified-review	retained_classify_only	NumStability.flStationaryIterationUpper_solveCertificate	246
NumStability.hasSum_GiE_entry_drazinIG	theorem	public	NumStability.Algorithms.StationaryIterationDrazin	NumStability.Algorithms.StationaryIterationDrazin	unclassified-review	retained_classify_only	NumStability.hasSum_GiE_entry_drazinIG	1216
NumStability.indexOneDrazinInverse_eq_drazinIG	theorem	public	NumStability.Algorithms.StationaryIterationDrazin	NumStability.Algorithms.StationaryIterationDrazin	unclassified-review	retained_classify_only	NumStability.indexOneDrazinInverse_eq_drazinIG	1654
NumStability.indexOneDrazinInverse_unique	theorem	public	NumStability.Algorithms.StationaryIterationDrazin	NumStability.Algorithms.StationaryIterationDrazin	unclassified-review	retained_classify_only	NumStability.indexOneDrazinInverse_unique	1601
NumStability.infNorm_GiE_Minv_le	theorem	public	NumStability.Algorithms.StationaryIterationDrazin	NumStability.Algorithms.StationaryIterationDrazin	unclassified-review	retained_classify_only	NumStability.infNorm_GiE_Minv_le	768
NumStability.infNorm_matPow_J_bottomProjector_le	theorem	public	NumStability.Algorithms.StationaryIterationDrazin	NumStability.Algorithms.StationaryIterationDrazin	unclassified-review	retained_classify_only	NumStability.infNorm_matPow_J_bottomProjector_le	730
NumStability.iterMatrix	definition	public	NumStability.Algorithms.StationaryIteration	NumStability.Algorithms.LinearSystems.Iterative.Stationary.Splittings.Core.Definitions	reusable	relocated	NumStability.iterMatrix	35
NumStability.jacobiForwardBoundVector	definition	public	NumStability.Algorithms.StationaryIteration	NumStability.Source.Higham.Chapter17.Equation16.Jacobi.Results	source	relocated	NumStability.jacobiForwardBoundVector	3331
NumStability.jacobiForwardBoundVector_nonneg	theorem	public	NumStability.Algorithms.StationaryIteration	NumStability.Source.Higham.Chapter17.Equation16.Jacobi.Results	source	relocated	NumStability.jacobiForwardBoundVector_nonneg	3388
NumStability.jacobi_splitting_abs	theorem	public	NumStability.Algorithms.StationaryIteration	NumStability.Source.Higham.Chapter17.Equation16.Jacobi.Results	source	relocated	NumStability.jacobi_splitting_abs	2233
NumStability.localErrorBound_of_roundedStationarySolveCertificate	theorem	public	NumStability.Algorithms.StationaryIterationRounded	NumStability.Algorithms.StationaryIterationRounded	unclassified-review	retained_classify_only	NumStability.localErrorBound_of_roundedStationarySolveCertificate	125
NumStability.local_error_normwise_simplified	theorem	public	NumStability.Algorithms.StationaryIteration	NumStability.Source.Higham.Chapter17.Equation10.LocalErrorSimplification.Results	source	relocated	NumStability.local_error_normwise_simplified	2034
NumStability.local_error_simplified	theorem	public	NumStability.Algorithms.StationaryIteration	NumStability.Source.Higham.Chapter17.Equation10.LocalErrorSimplification.Results	source	relocated	NumStability.local_error_simplified	1984
NumStability.mainForwardBoundVector	definition	public	NumStability.Algorithms.StationaryIteration	NumStability.Source.Higham.Chapter17.Equation13.ComponentwiseForward.Results	source	relocated	NumStability.mainForwardBoundVector	3200
NumStability.mainForwardBoundVector_eq_jacobiForwardBoundVector	theorem	public	NumStability.Algorithms.StationaryIteration	NumStability.Source.Higham.Chapter17.Equation16.Jacobi.Results	source	relocated	NumStability.mainForwardBoundVector_eq_jacobiForwardBoundVector	3337
NumStability.mainForwardBoundVector_le_sorForwardBoundVector	theorem	public	NumStability.Algorithms.StationaryIteration	NumStability.Source.Higham.Chapter17.Equation17.SOR.Results	source	relocated	NumStability.mainForwardBoundVector_le_sorForwardBoundVector	3402
NumStability.mainForwardBoundVector_nonneg	theorem	public	NumStability.Algorithms.StationaryIteration	NumStability.Source.Higham.Chapter17.Equation13.ComponentwiseForward.Results	source	relocated	NumStability.mainForwardBoundVector_nonneg	3208
NumStability.mainForwardBoundVector_norm_le_sorForwardBoundVector	theorem	public	NumStability.Algorithms.StationaryIteration	NumStability.Source.Higham.Chapter17.Equation17.SOR.Results	source	relocated	NumStability.mainForwardBoundVector_norm_le_sorForwardBoundVector	3452
NumStability.main_forward_bound	theorem	public	NumStability.Algorithms.StationaryIteration	NumStability.Source.Higham.Chapter17.Equation13.ComponentwiseForward.Results	source	relocated	NumStability.main_forward_bound	3155
NumStability.matMulVec_add_complement_apply	theorem	public	NumStability.Algorithms.StationaryIteration	NumStability.Algorithms.LinearSystems.Iterative.Stationary.ErrorAnalysis.Forward.ComplementDecomposition	reusable	relocated	NumStability.matMulVec_add_complement_apply	917
NumStability.matMulVec_finset_sum_right	theorem	public	NumStability.Algorithms.StationaryIteration	NumStability.Algorithms.LinearSystems.Iterative.Stationary.Recurrences.Affine.Unrolling	reusable	relocated	NumStability.matMulVec_finset_sum_right	451
NumStability.matMulVec_neumannSum_range	theorem	public	NumStability.Algorithms.StationaryIteration	NumStability.Source.Higham.Chapter17.Equation21.SingularIteration.Results	source	relocated	NumStability.matMulVec_neumannSum_range	694
NumStability.matMul_G_X_eq_X_blockJ	theorem	public	NumStability.Algorithms.StationaryIterationSemiconvergentExistence	NumStability.Algorithms.StationaryIterationSemiconvergentExistence	unclassified-review	retained_classify_only	NumStability.matMul_G_X_eq_X_blockJ	159
NumStability.matMul_bottomProjector_left	theorem	public	NumStability.Algorithms.StationaryIterationDrazin	NumStability.Algorithms.StationaryIterationDrazin	unclassified-review	retained_classify_only	NumStability.matMul_bottomProjector_left	118
NumStability.matMul_bottomProjector_right	theorem	public	NumStability.Algorithms.StationaryIterationDrazin	NumStability.Algorithms.StationaryIterationDrazin	unclassified-review	retained_classify_only	NumStability.matMul_bottomProjector_right	92
NumStability.matMul_matSub_id_apply	theorem	public	NumStability.Algorithms.StationaryIterationDrazin	NumStability.Algorithms.StationaryIterationDrazin	unclassified-review	retained_classify_only	NumStability.matMul_matSub_id_apply	166
NumStability.matMul_row_id	theorem	public	NumStability.Algorithms.StationaryIterationSemiconvergent	NumStability.Algorithms.StationaryIterationSemiconvergent	unclassified-review	retained_classify_only	NumStability.matMul_row_id	56
NumStability.matMul_row_zero	theorem	public	NumStability.Algorithms.StationaryIterationSemiconvergent	NumStability.Algorithms.StationaryIterationSemiconvergent	unclassified-review	retained_classify_only	NumStability.matMul_row_zero	68
NumStability.matPow_G_tendsto_limit_drazin	theorem	public	NumStability.Algorithms.StationaryIterationDrazin	NumStability.Algorithms.StationaryIterationDrazin	unclassified-review	retained_classify_only	NumStability.matPow_G_tendsto_limit_drazin	440
NumStability.matPow_G_tendsto_oneEigenProjector	theorem	public	NumStability.Algorithms.StationaryIterationSemiconvergent	NumStability.Algorithms.StationaryIterationSemiconvergent	unclassified-review	retained_classify_only	NumStability.matPow_G_tendsto_oneEigenProjector	419
NumStability.matPow_G_tendsto_oneEigenProjector_of_block_data	theorem	public	NumStability.Algorithms.StationaryIterationSemiconvergentExistence	NumStability.Algorithms.StationaryIterationSemiconvergentExistence	unclassified-review	retained_classify_only	NumStability.matPow_G_tendsto_oneEigenProjector_of_block_data	349
NumStability.matPow_J_bottom_row_sum	theorem	public	NumStability.Algorithms.StationaryIterationSemiconvergent	NumStability.Algorithms.StationaryIterationSemiconvergent	unclassified-review	retained_classify_only	NumStability.matPow_J_bottom_row_sum	369
NumStability.matPow_J_cross	theorem	public	NumStability.Algorithms.StationaryIterationDrazin	NumStability.Algorithms.StationaryIterationDrazin	unclassified-review	retained_classify_only	NumStability.matPow_J_cross	592
NumStability.matPow_J_mul_W_entry_tendsto_zero	theorem	public	NumStability.Algorithms.StationaryIterationDrazin	NumStability.Algorithms.StationaryIterationDrazin	unclassified-review	retained_classify_only	NumStability.matPow_J_mul_W_entry_tendsto_zero	1163
NumStability.matPow_J_top_entry	theorem	public	NumStability.Algorithms.StationaryIterationSemiconvergent	NumStability.Algorithms.StationaryIterationSemiconvergent	unclassified-review	retained_classify_only	NumStability.matPow_J_top_entry	345
NumStability.matPow_comm_of_matMul_comm	theorem	public	NumStability.Algorithms.StationaryIteration	NumStability.Algorithms.LinearSystems.Iterative.Stationary.Convergence.Singular.FixedSubspaces	reusable	relocated	NumStability.matPow_comm_of_matMul_comm	978
NumStability.matPow_fixed_of_matMulVec_fixed	theorem	public	NumStability.Algorithms.StationaryIteration	NumStability.Algorithms.LinearSystems.Iterative.Stationary.Convergence.Singular.FixedSubspaces	reusable	relocated	NumStability.matPow_fixed_of_matMulVec_fixed	935
NumStability.matPow_mul_fixed_of_matMul_fixed	theorem	public	NumStability.Algorithms.StationaryIteration	NumStability.Algorithms.LinearSystems.Iterative.Stationary.Convergence.Singular.FixedSubspaces	reusable	relocated	NumStability.matPow_mul_fixed_of_matMul_fixed	957
NumStability.matSub_id_G_mul_drazinIG_eq_semiconvergentE	theorem	public	NumStability.Algorithms.StationaryIterationDrazin	NumStability.Algorithms.StationaryIterationDrazin	unclassified-review	retained_classify_only	NumStability.matSub_id_G_mul_drazinIG_eq_semiconvergentE	375
NumStability.matSub_id_J_cross	theorem	public	NumStability.Algorithms.StationaryIterationDrazin	NumStability.Algorithms.StationaryIterationDrazin	unclassified-review	retained_classify_only	NumStability.matSub_id_J_cross	229
NumStability.matSub_id_J_mul_bottomProjector	theorem	public	NumStability.Algorithms.StationaryIterationDrazin	NumStability.Algorithms.StationaryIterationDrazin	unclassified-review	retained_classify_only	NumStability.matSub_id_J_mul_bottomProjector	269
NumStability.matSub_id_J_top_row	theorem	public	NumStability.Algorithms.StationaryIterationDrazin	NumStability.Algorithms.StationaryIterationDrazin	unclassified-review	retained_classify_only	NumStability.matSub_id_J_top_row	219
NumStability.matSub_id_matMul_apply	theorem	public	NumStability.Algorithms.StationaryIterationDrazin	NumStability.Algorithms.StationaryIterationDrazin	unclassified-review	retained_classify_only	NumStability.matSub_id_matMul_apply	146
NumStability.matSub_id_semiconvergentE	theorem	public	NumStability.Algorithms.StationaryIterationSemiconvergent	NumStability.Algorithms.StationaryIterationSemiconvergent	unclassified-review	retained_classify_only	NumStability.matSub_id_semiconvergentE	267
NumStability.normwiseIterateGrowth	definition	public	NumStability.Algorithms.StationaryIteration	NumStability.Source.Higham.Chapter17.Equation07.NormwiseGrowth.Results	source	relocated	NumStability.normwiseIterateGrowth	1885
NumStability.normwiseIterateGrowthBound_of_sSup	theorem	public	NumStability.Algorithms.StationaryIteration	NumStability.Source.Higham.Chapter17.Equation07.NormwiseGrowth.Results	source	relocated	NumStability.normwiseIterateGrowthBound_of_sSup	1906
NumStability.normwiseIterateGrowth_ratio_le	theorem	public	NumStability.Algorithms.StationaryIteration	NumStability.Source.Higham.Chapter17.Equation07.NormwiseGrowth.Results	source	relocated	NumStability.normwiseIterateGrowth_ratio_le	1896
NumStability.normwise_forward_bound	theorem	public	NumStability.Algorithms.StationaryIteration	NumStability.Source.Higham.Chapter17.Equation08.NormwiseForward.Results	source	relocated	NumStability.normwise_forward_bound	3092
NumStability.normwise_one_step_bound	theorem	public	NumStability.Algorithms.StationaryIteration	NumStability.Source.Higham.Chapter17.Equation05.ErrorExpansion.Results	source	relocated	NumStability.normwise_one_step_bound	3030
NumStability.normwise_one_step_residual_bound	theorem	public	NumStability.Algorithms.StationaryIteration	NumStability.Source.Higham.Chapter17.Equation19.ResidualBound.Results	source	relocated	NumStability.normwise_one_step_residual_bound	3569
NumStability.normwise_residual_bound	theorem	public	NumStability.Algorithms.StationaryIteration	NumStability.Source.Higham.Chapter17.Equation19.ResidualBound.Results	source	relocated	NumStability.normwise_residual_bound	3644
NumStability.normwise_residual_sigma_finite_bound	theorem	public	NumStability.Algorithms.StationaryIteration	NumStability.Source.Higham.Chapter17.Equation20.ResidualSigma.Results	source	relocated	NumStability.normwise_residual_sigma_finite_bound	2951
NumStability.oneEigenProjector	definition	public	NumStability.Algorithms.StationaryIterationSemiconvergent	NumStability.Algorithms.StationaryIterationSemiconvergent	unclassified-review	retained_classify_only	NumStability.oneEigenProjector	192
NumStability.oneEigenProjector_idempotent	theorem	public	NumStability.Algorithms.StationaryIterationSemiconvergent	NumStability.Algorithms.StationaryIterationSemiconvergent	unclassified-review	retained_classify_only	NumStability.oneEigenProjector_idempotent	202
NumStability.one_step_error	theorem	public	NumStability.Algorithms.StationaryIteration	NumStability.Algorithms.LinearSystems.Iterative.Stationary.ErrorAnalysis.Local.OneStep	reusable	relocated	NumStability.one_step_error	802
NumStability.one_step_error_source	theorem	public	NumStability.Algorithms.StationaryIteration	NumStability.Source.Higham.Chapter17.Equation05.ErrorExpansion.Results	source	relocated	NumStability.one_step_error_source	866
NumStability.one_step_residual	theorem	public	NumStability.Algorithms.StationaryIteration	NumStability.Source.Higham.Chapter17.Equation18.ResidualRecurrence.Results	source	relocated	NumStability.one_step_residual	2869
NumStability.residualSigmaSup	definition	public	NumStability.Algorithms.StationaryIteration	NumStability.Source.Higham.Chapter17.Equation20.ResidualSigma.Results	source	relocated	NumStability.residualSigmaSup	2440
NumStability.residualSigmaSup_le_diagonalizable_max_bound	theorem	public	NumStability.Algorithms.StationaryIteration	NumStability.Algorithms.StationaryIteration	historical-closure	retained_private_closure	NumStability.residualSigmaSup_le_diagonalizable_max_bound	2838
NumStability.residualSigmaSup_le_of_finiteResidualSigma_le	theorem	public	NumStability.Algorithms.StationaryIteration	NumStability.Source.Higham.Chapter17.Equation20.ResidualSigma.Results	source	relocated	NumStability.residualSigmaSup_le_of_finiteResidualSigma_le	2446
NumStability.residualSigmaTsum	definition	public	NumStability.Algorithms.StationaryIteration	NumStability.Source.Higham.Chapter17.Equation20.ResidualSigma.Results	source	relocated	NumStability.residualSigmaTsum	2388
NumStability.residualSigmaTsumMatrix	definition	public	NumStability.Algorithms.StationaryIteration	NumStability.Source.Higham.Chapter17.Equation20.ResidualSigma.Results	source	relocated	NumStability.residualSigmaTsumMatrix	2378
NumStability.residualSigmaTsumMatrix_apply	theorem	public	NumStability.Algorithms.StationaryIteration	NumStability.Source.Higham.Chapter17.Equation20.ResidualSigma.Results	source	relocated	NumStability.residualSigmaTsumMatrix_apply	2394
NumStability.residualSigmaTsumMatrix_eq_of_hasSum	theorem	public	NumStability.Algorithms.StationaryIteration	NumStability.Source.Higham.Chapter17.Equation20.ResidualSigma.Results	source	relocated	NumStability.residualSigmaTsumMatrix_eq_of_hasSum	2401
NumStability.residualSigmaTsum_eq_infNorm_of_hasSum	theorem	public	NumStability.Algorithms.StationaryIteration	NumStability.Source.Higham.Chapter17.Equation20.ResidualSigma.Results	source	relocated	NumStability.residualSigmaTsum_eq_infNorm_of_hasSum	2413
NumStability.residualSigmaTsum_le_diagonalizable_bound	theorem	public	NumStability.Algorithms.StationaryIteration	NumStability.Algorithms.StationaryIteration	historical-closure	retained_private_closure	NumStability.residualSigmaTsum_le_diagonalizable_bound	2764
NumStability.residualSigmaTsum_le_diagonalizable_max_bound_direct	theorem	public	NumStability.Algorithms.StationaryIteration	NumStability.Algorithms.StationaryIteration	historical-closure	retained_private_closure	NumStability.residualSigmaTsum_le_diagonalizable_max_bound_direct	2822
NumStability.residualSigmaTsum_le_of_row_sum_le	theorem	public	NumStability.Algorithms.StationaryIteration	NumStability.Source.Higham.Chapter17.Equation20.ResidualSigma.Results	source	relocated	NumStability.residualSigmaTsum_le_of_row_sum_le	2423
NumStability.residual_eq_A_error	theorem	public	NumStability.Algorithms.StationaryIteration	NumStability.Algorithms.LinearSystems.Iterative.Stationary.ErrorAnalysis.Residual.Identities	reusable	relocated	NumStability.residual_eq_A_error	2312
NumStability.residual_finite_sum	theorem	public	NumStability.Algorithms.StationaryIteration	NumStability.Source.Higham.Chapter17.Equation18.ResidualRecurrence.Results	source	relocated	NumStability.residual_finite_sum	2903
NumStability.semiconvergentE	definition	public	NumStability.Algorithms.StationaryIterationSemiconvergent	NumStability.Algorithms.StationaryIterationSemiconvergent	unclassified-review	retained_classify_only	NumStability.semiconvergentE	259
NumStability.semiconvergent_block_form_exists	theorem	public	NumStability.Algorithms.StationaryIterationSemiconvergentExistence	NumStability.Algorithms.StationaryIterationSemiconvergentExistence	unclassified-review	retained_classify_only	NumStability.semiconvergent_block_form_exists	247
NumStability.sigma_bound	theorem	public	NumStability.Algorithms.StationaryIteration	NumStability.Algorithms.StationaryIteration	historical-closure	retained_private_closure	NumStability.sigma_bound	2337
NumStability.singularErrorSourceComponentBound	definition	public	NumStability.Algorithms.StationaryIteration	NumStability.Source.Higham.Chapter17.Equation29.SingularSource.Results	source	relocated	NumStability.singularErrorSourceComponentBound	1692
NumStability.singularErrorSourceNormSum	definition	public	NumStability.Algorithms.StationaryIteration	NumStability.Source.Higham.Chapter17.Equation29.SingularSource.Results	source	relocated	NumStability.singularErrorSourceNormSum	1684
NumStability.singularErrorSourceNormSum_le_tsum	theorem	public	NumStability.Algorithms.StationaryIterationDrazin	NumStability.Algorithms.StationaryIterationDrazin	unclassified-review	retained_classify_only	NumStability.singularErrorSourceNormSum_le_tsum	861
NumStability.singularErrorSourceTerm	definition	public	NumStability.Algorithms.StationaryIteration	NumStability.Source.Higham.Chapter17.Equation28.SingularErrorSplit.Results	source	relocated	NumStability.singularErrorSourceTerm	1470
NumStability.singularErrorSourceTerm_componentwise_bound	theorem	public	NumStability.Algorithms.StationaryIteration	NumStability.Algorithms.StationaryIteration	historical-closure	retained_private_closure	NumStability.singularErrorSourceTerm_componentwise_bound	1774
NumStability.singularErrorSourceTerm_componentwise_bound_of_local_error	theorem	public	NumStability.Algorithms.StationaryIteration	NumStability.Algorithms.StationaryIteration	historical-closure	retained_private_closure	NumStability.singularErrorSourceTerm_componentwise_bound_of_local_error	2193
NumStability.singularErrorSourceTerm_norm_bound	theorem	public	NumStability.Algorithms.StationaryIteration	NumStability.Algorithms.StationaryIteration	historical-closure	retained_private_closure	NumStability.singularErrorSourceTerm_norm_bound	1725
NumStability.singularErrorSourceTerm_norm_bound_of_local_error	theorem	public	NumStability.Algorithms.StationaryIteration	NumStability.Algorithms.StationaryIteration	historical-closure	retained_private_closure	NumStability.singularErrorSourceTerm_norm_bound_of_local_error	2163
NumStability.singular_consistent_second_term_telescope	theorem	public	NumStability.Algorithms.StationaryIteration	NumStability.Source.Higham.Chapter17.Section04.PrintedConclusions.Results	source	relocated	NumStability.singular_consistent_second_term_telescope	737
NumStability.singular_consistent_source_term_eq_I_sub_G	theorem	public	NumStability.Algorithms.StationaryIteration	NumStability.Source.Higham.Chapter17.Section04.PrintedConclusions.Results	source	relocated	NumStability.singular_consistent_source_term_eq_I_sub_G	714
NumStability.singular_error_split_finite	theorem	public	NumStability.Algorithms.StationaryIteration	NumStability.Source.Higham.Chapter17.Equation27.SingularErrorSplit.Results	source	relocated	NumStability.singular_error_split_finite	1480
NumStability.singular_error_split_finite_of_indexOneDrazin_projector	theorem	public	NumStability.Algorithms.StationaryIteration	NumStability.Algorithms.StationaryIteration	historical-closure	retained_private_closure	NumStability.singular_error_split_finite_of_indexOneDrazin_projector	1632
NumStability.singular_error_split_semiconvergent	theorem	public	NumStability.Algorithms.StationaryIterationSemiconvergent	NumStability.Algorithms.StationaryIterationSemiconvergent	unclassified-review	retained_classify_only	NumStability.singular_error_split_semiconvergent	283
NumStability.singular_error_split_semiconvergent_of_block_data	theorem	public	NumStability.Algorithms.StationaryIterationSemiconvergentExistence	NumStability.Algorithms.StationaryIterationSemiconvergentExistence	unclassified-review	retained_classify_only	NumStability.singular_error_split_semiconvergent_of_block_data	304
NumStability.singular_stationary_iterate_consistent_split	theorem	public	NumStability.Algorithms.StationaryIteration	NumStability.Source.Higham.Chapter17.Section04.PrintedConclusions.Results	source	relocated	NumStability.singular_stationary_iterate_consistent_split	783
NumStability.singular_stationary_iterate_finite_sum	theorem	public	NumStability.Algorithms.StationaryIteration	NumStability.Source.Higham.Chapter17.Equation21.SingularIteration.Results	source	relocated	NumStability.singular_stationary_iterate_finite_sum	670
NumStability.sorForwardFactor	definition	public	NumStability.Algorithms.StationaryIteration	NumStability.Source.Higham.Chapter17.Equation17.SOR.Results	source	relocated	NumStability.sorForwardFactor	3374
NumStability.sorForwardFactor_nonneg	theorem	public	NumStability.Algorithms.StationaryIteration	NumStability.Source.Higham.Chapter17.Equation17.SOR.Results	source	relocated	NumStability.sorForwardFactor_nonneg	3379
NumStability.sorForwardFactor_one	theorem	public	NumStability.Algorithms.StationaryIteration	NumStability.Source.Higham.Chapter17.Equation17.SOR.Results	source	relocated	NumStability.sorForwardFactor_one	3523
NumStability.sor_splitting_bound	theorem	public	NumStability.Algorithms.StationaryIteration	NumStability.Source.Higham.Chapter17.Equation17.SOR.Results	source	relocated	NumStability.sor_splitting_bound	2249
NumStability.sourceComputedIteration_actual_forward_bound	theorem	public	NumStability.Algorithms.StationaryIterationRounded	NumStability.Algorithms.StationaryIterationRounded	unclassified-review	retained_classify_only	NumStability.sourceComputedIteration_actual_forward_bound	296
NumStability.sourceComputedIteration_actual_norm_forward_bound	theorem	public	NumStability.Algorithms.StationaryIterationRounded	NumStability.Algorithms.StationaryIterationRounded	unclassified-review	retained_classify_only	NumStability.sourceComputedIteration_actual_norm_forward_bound	435
NumStability.sourceComputedIteration_error_finite_sum	theorem	public	NumStability.Algorithms.StationaryIteration	NumStability.Source.Higham.Chapter17.Equation05.ErrorExpansion.Results	source	relocated	NumStability.sourceComputedIteration_error_finite_sum	891
NumStability.sourceComputedIteration_finite_sum	theorem	public	NumStability.Algorithms.StationaryIteration	NumStability.Source.Higham.Chapter17.Equation03.ComputedRecurrence.Results	source	relocated	NumStability.sourceComputedIteration_finite_sum	650
NumStability.sourceComputedIteration_step_affine	theorem	public	NumStability.Algorithms.StationaryIteration	NumStability.Source.Higham.Chapter17.Equation01.ComputedIteration.Results	source	relocated	NumStability.sourceComputedIteration_step_affine	602
NumStability.stationaryDrazinFixedProjector	definition	public	NumStability.Algorithms.StationaryIteration	NumStability.Algorithms.LinearSystems.Iterative.Stationary.Projectors.Drazin.Algebra	reusable	relocated	NumStability.stationaryDrazinFixedProjector	1029
NumStability.stationaryDrazinFixedProjector_fixed_by_G	theorem	public	NumStability.Algorithms.StationaryIteration	NumStability.Algorithms.StationaryIteration	historical-closure	retained_private_closure	NumStability.stationaryDrazinFixedProjector_fixed_by_G	1302
NumStability.stationaryDrazinFixedProjector_idempotent	theorem	public	NumStability.Algorithms.StationaryIteration	NumStability.Algorithms.StationaryIteration	historical-closure	retained_private_closure	NumStability.stationaryDrazinFixedProjector_idempotent	1280
NumStability.stationaryDrazinFixedProjector_matMulVec_fixed	theorem	public	NumStability.Algorithms.StationaryIteration	NumStability.Algorithms.StationaryIteration	historical-closure	retained_private_closure	NumStability.stationaryDrazinFixedProjector_matMulVec_fixed	1437
NumStability.stationaryDrazinFixedProjector_matPow_fixed	theorem	public	NumStability.Algorithms.StationaryIteration	NumStability.Algorithms.StationaryIteration	historical-closure	retained_private_closure	NumStability.stationaryDrazinFixedProjector_matPow_fixed	1337
NumStability.stationaryDrazinFixedProjector_mul_rangeProjector_eq_zero	theorem	public	NumStability.Algorithms.StationaryIteration	NumStability.Algorithms.LinearSystems.Iterative.Stationary.Projectors.Drazin.Algebra	reusable	relocated	NumStability.stationaryDrazinFixedProjector_mul_rangeProjector_eq_zero	1245
NumStability.stationaryDrazinRangeProjector	definition	public	NumStability.Algorithms.StationaryIteration	NumStability.Algorithms.LinearSystems.Iterative.Stationary.Projectors.Drazin.Algebra	reusable	relocated	NumStability.stationaryDrazinRangeProjector	1022
NumStability.stationaryDrazinRangeProjector_commutes_with_G	theorem	public	NumStability.Algorithms.StationaryIteration	NumStability.Algorithms.StationaryIteration	historical-closure	retained_private_closure	NumStability.stationaryDrazinRangeProjector_commutes_with_G	1135
NumStability.stationaryDrazinRangeProjector_commutes_with_matPow	theorem	public	NumStability.Algorithms.StationaryIteration	NumStability.Algorithms.StationaryIteration	historical-closure	retained_private_closure	NumStability.stationaryDrazinRangeProjector_commutes_with_matPow	1171
NumStability.stationaryDrazinRangeProjector_drazinIG_eq_semiconvergentE	theorem	public	NumStability.Algorithms.StationaryIterationDrazin	NumStability.Algorithms.StationaryIterationDrazin	unclassified-review	retained_classify_only	NumStability.stationaryDrazinRangeProjector_drazinIG_eq_semiconvergentE	406
NumStability.stationaryDrazinRangeProjector_idempotent	theorem	public	NumStability.Algorithms.StationaryIteration	NumStability.Algorithms.LinearSystems.Iterative.Stationary.Projectors.Drazin.Algebra	reusable	relocated	NumStability.stationaryDrazinRangeProjector_idempotent	1093
NumStability.stationaryDrazinRangeProjector_matPow_sandwich	theorem	public	NumStability.Algorithms.StationaryIteration	NumStability.Algorithms.StationaryIteration	historical-closure	retained_private_closure	NumStability.stationaryDrazinRangeProjector_matPow_sandwich	1181
NumStability.stationaryDrazinRangeProjector_matSub_id_mul_left	theorem	public	NumStability.Algorithms.StationaryIteration	NumStability.Algorithms.LinearSystems.Iterative.Stationary.Projectors.Drazin.Algebra	reusable	relocated	NumStability.stationaryDrazinRangeProjector_matSub_id_mul_left	1106
NumStability.stationaryDrazinRangeProjector_matSub_id_mul_right	theorem	public	NumStability.Algorithms.StationaryIteration	NumStability.Algorithms.LinearSystems.Iterative.Stationary.Projectors.Drazin.Algebra	reusable	relocated	NumStability.stationaryDrazinRangeProjector_matSub_id_mul_right	1117
NumStability.stationaryDrazinRangeProjector_mul_fixedProjector_eq_zero	theorem	public	NumStability.Algorithms.StationaryIteration	NumStability.Algorithms.LinearSystems.Iterative.Stationary.Projectors.Drazin.Algebra	reusable	relocated	NumStability.stationaryDrazinRangeProjector_mul_fixedProjector_eq_zero	1210
NumStability.stationaryDrazinRangeProjector_null_component_fixed	theorem	public	NumStability.Algorithms.StationaryIteration	NumStability.Algorithms.StationaryIteration	historical-closure	retained_private_closure	NumStability.stationaryDrazinRangeProjector_null_component_fixed	1454
NumStability.stationaryDrazin_matPow_vec_split	theorem	public	NumStability.Algorithms.StationaryIteration	NumStability.Algorithms.StationaryIteration	historical-closure	retained_private_closure	NumStability.stationaryDrazin_matPow_vec_split	1349
NumStability.stationaryDrazin_matPow_vec_tendsto_fixedProjector_of_range_tendsto_zero	theorem	public	NumStability.Algorithms.StationaryIteration	NumStability.Algorithms.StationaryIteration	historical-closure	retained_private_closure	NumStability.stationaryDrazin_matPow_vec_tendsto_fixedProjector_of_range_tendsto_zero	1392
NumStability.stationaryLocalError	definition	public	NumStability.Algorithms.StationaryIterationRounded	NumStability.Algorithms.StationaryIterationRounded	unclassified-review	retained_classify_only	NumStability.stationaryLocalError	22
NumStability.stationaryLocalErrorSourceVector	definition	public	NumStability.Algorithms.StationaryIteration	NumStability.Source.Higham.Chapter17.Equation29.SingularSource.Results	source	relocated	NumStability.stationaryLocalErrorSourceVector	1678
NumStability.stationaryLocalError_sourceComputedIteration	theorem	public	NumStability.Algorithms.StationaryIterationRounded	NumStability.Algorithms.StationaryIterationRounded	unclassified-review	retained_classify_only	NumStability.stationaryLocalError_sourceComputedIteration	30
NumStability.stationaryRoundedRhs	definition	public	NumStability.Algorithms.StationaryIterationRounded	NumStability.Algorithms.StationaryIterationRounded	unclassified-review	retained_classify_only	NumStability.stationaryRoundedRhs	16
NumStability.stationaryRoundedRhs_error_bound	theorem	public	NumStability.Algorithms.StationaryIterationRounded	NumStability.Algorithms.StationaryIterationRounded	unclassified-review	retained_classify_only	NumStability.stationaryRoundedRhs_error_bound	53
NumStability.stationaryRowColumnScale	definition	public	NumStability.Algorithms.StationaryIteration	NumStability.Algorithms.LinearSystems.Iterative.Stationary.Splittings.Scaling.Diagonal	reusable	relocated	NumStability.stationaryRowColumnScale	43
NumStability.stationaryRowColumnScale_apply	theorem	public	NumStability.Algorithms.StationaryIteration	NumStability.Algorithms.LinearSystems.Iterative.Stationary.Splittings.Scaling.Diagonal	reusable	relocated	NumStability.stationaryRowColumnScale_apply	69
NumStability.stationaryRowColumnScale_splittingSpec	theorem	public	NumStability.Algorithms.StationaryIteration	NumStability.Source.Higham.Chapter17.Section02.ScaleIndependence.Results	source	relocated	NumStability.stationaryRowColumnScale_splittingSpec	80
NumStability.stationaryScaledInverse	definition	public	NumStability.Algorithms.StationaryIteration	NumStability.Algorithms.LinearSystems.Iterative.Stationary.Splittings.Scaling.Diagonal	reusable	relocated	NumStability.stationaryScaledInverse	51
NumStability.stationaryScaledIterMatrix_charpoly_eq	theorem	public	NumStability.Algorithms.StationaryIteration	NumStability.Source.Higham.Chapter17.Section02.ScaleIndependence.Results	source	relocated	NumStability.stationaryScaledIterMatrix_charpoly_eq	227
NumStability.stationaryScaledIterMatrix_similarity	theorem	public	NumStability.Algorithms.StationaryIteration	NumStability.Source.Higham.Chapter17.Section02.ScaleIndependence.Results	source	relocated	NumStability.stationaryScaledIterMatrix_similarity	186
NumStability.stationary_solution_finite_sum	theorem	public	NumStability.Algorithms.StationaryIteration	NumStability.Source.Higham.Chapter17.Equation04.FixedPoint.Results	source	relocated	NumStability.stationary_solution_finite_sum	432
NumStability.stationary_solution_fixed_point	theorem	public	NumStability.Algorithms.StationaryIteration	NumStability.Source.Higham.Chapter17.Equation04.FixedPoint.Results	source	relocated	NumStability.stationary_solution_fixed_point	334
NumStability.stopping_test_matrix_backward_componentwise	theorem	public	NumStability.Algorithms.StationaryIteration	NumStability.Source.Higham.Chapter17.Equation33.StoppingTests.Results	source	relocated	NumStability.stopping_test_matrix_backward_componentwise	3867
NumStability.stopping_test_matrix_backward_subordinate	theorem	public	NumStability.Algorithms.StationaryIteration	NumStability.Source.Higham.Chapter17.Equation33.StoppingTests.Results	source	relocated	NumStability.stopping_test_matrix_backward_subordinate	3763
NumStability.stopping_test_mixed_backward_componentwise	theorem	public	NumStability.Algorithms.StationaryIteration	NumStability.Source.Higham.Chapter17.Equation33.StoppingTests.Results	source	relocated	NumStability.stopping_test_mixed_backward_componentwise	3926
NumStability.stopping_test_mixed_backward_subordinate	theorem	public	NumStability.Algorithms.StationaryIteration	NumStability.Source.Higham.Chapter17.Equation33.StoppingTests.Results	source	relocated	NumStability.stopping_test_mixed_backward_subordinate	3816
NumStability.stopping_test_rhs_backward_componentwise	theorem	public	NumStability.Algorithms.StationaryIteration	NumStability.Source.Higham.Chapter17.Equation33.StoppingTests.Results	source	relocated	NumStability.stopping_test_rhs_backward_componentwise	3835
NumStability.stopping_test_rhs_backward_subordinate	theorem	public	NumStability.Algorithms.StationaryIteration	NumStability.Source.Higham.Chapter17.Equation33.StoppingTests.Results	source	relocated	NumStability.stopping_test_rhs_backward_subordinate	3722
NumStability.sum_range_matPow_J_bottomProjector_entry	theorem	public	NumStability.Algorithms.StationaryIterationDrazin	NumStability.Algorithms.StationaryIterationDrazin	unclassified-review	retained_classify_only	NumStability.sum_range_matPow_J_bottomProjector_entry	1117
NumStability.summable_abs_GiE_Minv_entry	theorem	public	NumStability.Algorithms.StationaryIterationDrazin	NumStability.Algorithms.StationaryIterationDrazin	unclassified-review	retained_classify_only	NumStability.summable_abs_GiE_Minv_entry	1312
NumStability.summable_infNorm_GiE_Minv	theorem	public	NumStability.Algorithms.StationaryIterationDrazin	NumStability.Algorithms.StationaryIterationDrazin	unclassified-review	retained_classify_only	NumStability.summable_infNorm_GiE_Minv	811
NumStability.topProjector	definition	public	NumStability.Algorithms.StationaryIterationSemiconvergent	NumStability.Algorithms.StationaryIterationSemiconvergent	unclassified-review	retained_classify_only	NumStability.topProjector	35
NumStability.topProjector_add_bottomProjector	theorem	public	NumStability.Algorithms.StationaryIterationDrazin	NumStability.Algorithms.StationaryIterationDrazin	unclassified-review	retained_classify_only	NumStability.topProjector_add_bottomProjector	78
NumStability.topProjector_apply_bottom	theorem	public	NumStability.Algorithms.StationaryIterationSemiconvergent	NumStability.Algorithms.StationaryIterationSemiconvergent	unclassified-review	retained_classify_only	NumStability.topProjector_apply_bottom	50
NumStability.topProjector_apply_top	theorem	public	NumStability.Algorithms.StationaryIterationSemiconvergent	NumStability.Algorithms.StationaryIterationSemiconvergent	unclassified-review	retained_classify_only	NumStability.topProjector_apply_top	42
NumStability.topProjector_idempotent	theorem	public	NumStability.Algorithms.StationaryIterationSemiconvergent	NumStability.Algorithms.StationaryIterationSemiconvergent	unclassified-review	retained_classify_only	NumStability.topProjector_idempotent	134
NumStability.topProjector_mul_J	theorem	public	NumStability.Algorithms.StationaryIterationSemiconvergent	NumStability.Algorithms.StationaryIterationSemiconvergent	unclassified-review	retained_classify_only	NumStability.topProjector_mul_J	119
NumStability.tsum_GiE_entry_eq_drazinIG	theorem	public	NumStability.Algorithms.StationaryIterationDrazin	NumStability.Algorithms.StationaryIterationDrazin	unclassified-review	retained_classify_only	NumStability.tsum_GiE_entry_eq_drazinIG	1289
NumStability.tsum_infNorm_GiE_Minv_le	theorem	public	NumStability.Algorithms.StationaryIterationDrazin	NumStability.Algorithms.StationaryIterationDrazin	unclassified-review	retained_classify_only	NumStability.tsum_infNorm_GiE_Minv_le	833
_private.NumStability.Algorithms.StationaryIteration.0.NumStability.geom_partial_sum_le	theorem	private	NumStability.Algorithms.StationaryIteration	NumStability.Algorithms.StationaryIteration	historical-closure	retained_private_closure	_private.NumStability.Algorithms.StationaryIteration.0.NumStability.geom_partial_sum_le	2322
_private.NumStability.Algorithms.StationaryIteration.0.NumStability.matMul_matSub_id_left	theorem	private	NumStability.Algorithms.StationaryIteration	NumStability.Algorithms.StationaryIteration	historical-closure	retained_private_closure	_private.NumStability.Algorithms.StationaryIteration.0.NumStability.matMul_matSub_id_left	1063
_private.NumStability.Algorithms.StationaryIteration.0.NumStability.matMul_matSub_id_matSub_id	theorem	private	NumStability.Algorithms.StationaryIteration	NumStability.Algorithms.StationaryIteration	historical-closure	retained_private_closure	_private.NumStability.Algorithms.StationaryIteration.0.NumStability.matMul_matSub_id_matSub_id	1036
_private.NumStability.Algorithms.StationaryIteration.0.NumStability.matMul_matSub_id_right	theorem	private	NumStability.Algorithms.StationaryIteration	NumStability.Algorithms.StationaryIteration	historical-closure	retained_private_closure	_private.NumStability.Algorithms.StationaryIteration.0.NumStability.matMul_matSub_id_right	1078
_private.NumStability.Algorithms.StationaryIteration.0.NumStability.residualSigmaTsum_entry_le_of_real_diagonalization	theorem	private	NumStability.Algorithms.StationaryIteration	NumStability.Algorithms.StationaryIteration	historical-closure	retained_private_closure	_private.NumStability.Algorithms.StationaryIteration.0.NumStability.residualSigmaTsum_entry_le_of_real_diagonalization	2687
_private.NumStability.Algorithms.StationaryIteration.0.NumStability.residual_geometric_partial_le_ratio	theorem	private	NumStability.Algorithms.StationaryIteration	NumStability.Algorithms.StationaryIteration	historical-closure	retained_private_closure	_private.NumStability.Algorithms.StationaryIteration.0.NumStability.residual_geometric_partial_le_ratio	2489
_private.NumStability.Algorithms.StationaryIteration.0.NumStability.residual_term_entry_abs_le_of_real_diagonalization	theorem	private	NumStability.Algorithms.StationaryIteration	NumStability.Algorithms.StationaryIteration	historical-closure	retained_private_closure	_private.NumStability.Algorithms.StationaryIteration.0.NumStability.residual_term_entry_abs_le_of_real_diagonalization	2505
_private.NumStability.Algorithms.StationaryIteration.0.NumStability.singularErrorSourceTerm_term_eq	theorem	private	NumStability.Algorithms.StationaryIteration	NumStability.Algorithms.StationaryIteration	historical-closure	retained_private_closure	_private.NumStability.Algorithms.StationaryIteration.0.NumStability.singularErrorSourceTerm_term_eq	1705
