declaration	owner_module	visibility	selected_owner	closure_role
NumStability.Higham10KahanSharpnessSourceCertificate.of_theta	NumStability.Algorithms.Ch10KahanSharpnessSource	public	yes	reverse_dependent
NumStability.cholesky_existence	NumStability.Algorithms.Cholesky.CholeskySpec	public	yes	reverse_dependent
NumStability.cholesky_succeeds_of_scaled_perturbation	NumStability.Algorithms.Cholesky.CholeskyDemmel	public	yes	reverse_dependent
NumStability.cholesky_uniqueness	NumStability.Algorithms.Cholesky.CholeskySpec	public	yes	reverse_dependent
NumStability.finiteMaxEigenvalue_leading_principal_le	NumStability.Algorithms.HighamChapter10	public	yes	reverse_dependent
NumStability.finiteMinEigenvalue_leading_principal_ge	NumStability.Algorithms.HighamChapter10	public	yes	reverse_dependent
NumStability.fl_chol_diag_solve_form	NumStability.Algorithms.Cholesky.CholeskyFl	public	yes	reverse_dependent
NumStability.fl_chol_offdiag_solve_form	NumStability.Algorithms.Cholesky.CholeskyFl	public	yes	reverse_dependent
NumStability.fl_choleskyTrunc_backward_error	NumStability.Algorithms.Cholesky.CholeskyFl	public	yes	reverse_dependent
NumStability.fl_cholesky_backward_error	NumStability.Algorithms.Cholesky.CholeskyFl	public	yes	reverse_dependent
NumStability.fl_cholesky_block_certificate	NumStability.Algorithms.Cholesky.CholeskyFl	public	yes	reverse_dependent
NumStability.fl_cholesky_border_bound	NumStability.Algorithms.Cholesky.CholeskyFl	public	yes	reverse_dependent
NumStability.fl_cholesky_colNormSq_le_stage	NumStability.Algorithms.Cholesky.CholeskyFl	public	yes	reverse_dependent
NumStability.fl_cholesky_diag_pos_of_floor	NumStability.Algorithms.Cholesky.CholeskyFl	public	yes	reverse_dependent
NumStability.fl_cholesky_entry_bound_stage	NumStability.Algorithms.Cholesky.CholeskyFl	public	yes	reverse_dependent
NumStability.fl_cholesky_pivot_pos_step	NumStability.Algorithms.Cholesky.CholeskyFl	public	yes	reverse_dependent
NumStability.fl_cholesky_pivot_pos_step_sharp	NumStability.Algorithms.Cholesky.CholeskyFl	public	yes	reverse_dependent
NumStability.fl_cholesky_pivots_pos	NumStability.Algorithms.Cholesky.CholeskyFl	public	yes	reverse_dependent
NumStability.fl_cholesky_pivots_pos_sharp	NumStability.Algorithms.Cholesky.CholeskyFl	public	yes	reverse_dependent
NumStability.fl_cholesky_pivots_pos_sharp_certified	NumStability.Algorithms.HighamChapter10	public	yes	reverse_dependent
NumStability.fl_cholesky_truncated_border_demmel	NumStability.Algorithms.Cholesky.CholeskyFl	public	yes	reverse_dependent
NumStability.fl_cholesky_truncated_bound	NumStability.Algorithms.Cholesky.CholeskyFl	public	yes	reverse_dependent
NumStability.fl_cholesky_truncated_demmel	NumStability.Algorithms.Cholesky.CholeskyFl	public	yes	reverse_dependent
NumStability.fl_cpFactor_rows_dominated	NumStability.Algorithms.Cholesky.CholeskyPSD	public	yes	reverse_dependent
NumStability.fl_cp_termination_trailing_bound	NumStability.Algorithms.Cholesky.CholeskyPSD	public	yes	reverse_dependent
NumStability.fl_factor_row_dominated	NumStability.Algorithms.Cholesky.CholeskyPSD	public	yes	reverse_dependent
NumStability.higham10KahanFullR_tail_le	NumStability.Algorithms.Ch10KahanSharpnessSource	public	yes	reverse_dependent
NumStability.higham10KahanR_tail_le	NumStability.Algorithms.Ch10KahanSharpnessSource	public	yes	reverse_dependent
NumStability.higham10KahanW_op2_eq_frobenius	NumStability.Algorithms.Ch10KahanSharpnessSource	public	yes	reverse_dependent
NumStability.higham10KahanW_op2_eq_product	NumStability.Algorithms.Ch10KahanSharpnessSource	public	yes	reverse_dependent
NumStability.higham10KahanW_op2_sq	NumStability.Algorithms.Ch10KahanSharpnessSource	public	yes	reverse_dependent
NumStability.higham10_12_w_action_trace_bound	NumStability.Algorithms.HighamChapter10	public	yes	reverse_dependent
NumStability.higham10_13_kahan_source_closed	NumStability.Algorithms.Ch10KahanSharpnessSource	public	yes	reverse_dependent
NumStability.higham10_13_kahan_theta_op2_tendsto	NumStability.Algorithms.Ch10KahanSharpnessSource	public	yes	reverse_dependent
NumStability.higham10_14_actualSchur_quadratic_bound	NumStability.Algorithms.Cholesky.Higham1014Equation1022	public	yes	reverse_dependent
NumStability.higham10_14_actual_componentwise	NumStability.Algorithms.Ch10PivotedPSDSourceClosure	public	yes	reverse_dependent
NumStability.higham10_14_actual_schur_perturbation_exact	NumStability.Algorithms.Cholesky.Higham1014Equation1022	public	yes	reverse_dependent
NumStability.higham10_14_as_run_backward_error	NumStability.Algorithms.Cholesky.CholeskyPSD	public	yes	reverse_dependent
NumStability.higham10_14_completePivotedPSD_actual_of_noTies	NumStability.Algorithms.Ch10PivotedPSDSourceClosure	public	yes	reverse_dependent
NumStability.higham10_14_completePivotedPSD_actual_source_closed	NumStability.Algorithms.Ch10PivotedPSDSourceClosure	public	yes	reverse_dependent
NumStability.higham10_14_equation_10_22_family	NumStability.Algorithms.Cholesky.Higham1014Equation1022	public	yes	reverse_dependent
NumStability.higham10_14_equation_10_22_family_of_success	NumStability.Algorithms.Cholesky.Higham1014Equation1022	public	yes	reverse_dependent
NumStability.higham10_14_equation_10_24	NumStability.Algorithms.Cholesky.Higham1014SourceError	public	yes	reverse_dependent
NumStability.higham10_14_equation_10_25	NumStability.Algorithms.Cholesky.Higham1014SourceError	public	yes	reverse_dependent
NumStability.higham10_14_fl_cholesky_success_source	NumStability.Source.Higham.Chapter10.Theorem14.CompletePivotedPSD.SourceSuccess	public	no	reverse_dependent
NumStability.higham10_14_fl_psd_cholesky_backward_error	NumStability.Algorithms.HighamChapter10	public	yes	reverse_dependent
NumStability.higham10_14_linearSchur_opNorm2Le	NumStability.Algorithms.Cholesky.Higham1014Equation1022	public	yes	reverse_dependent
NumStability.higham10_14_psd_rank_schur_zero	NumStability.Algorithms.Cholesky.Higham1014Equation1022	public	yes	reverse_dependent
NumStability.higham10_14_source_determinate_endpoint	NumStability.Algorithms.Cholesky.Higham1014SourceError	public	yes	reverse_dependent
NumStability.higham10_14_source_success_and_error	NumStability.Algorithms.Cholesky.Higham1014SourceError	public	yes	reverse_dependent
NumStability.higham10_18_isPosSemiDef	NumStability.Algorithms.HighamChapter10	public	yes	reverse_dependent
NumStability.higham10_18_w_arbitrarily_large	NumStability.Algorithms.HighamChapter10	public	yes	reverse_dependent
NumStability.higham10_1_cholesky_existence	NumStability.Algorithms.HighamChapter10	public	yes	reverse_dependent
NumStability.higham10_1_cholesky_uniqueness	NumStability.Algorithms.HighamChapter10	public	yes	reverse_dependent
NumStability.higham10_21_fl_cholesky_leading_pivots_pos	NumStability.Algorithms.HighamChapter10	public	yes	reverse_dependent
NumStability.higham10_21_fl_cholesky_success	NumStability.Algorithms.HighamChapter10	public	yes	reverse_dependent
NumStability.higham10_21_stage_border_mass	NumStability.Algorithms.HighamChapter10	public	yes	reverse_dependent
NumStability.higham10_21_stage_interior_mass	NumStability.Algorithms.HighamChapter10	public	yes	reverse_dependent
NumStability.higham10_23_25_actual_trailing_from_stop	NumStability.Algorithms.Ch10PivotedPSDSourceClosure	public	yes	reverse_dependent
NumStability.higham10_25_actual_backwardError_opNorm2	NumStability.Algorithms.Ch10PivotedPSDSourceClosure	public	yes	reverse_dependent
NumStability.higham10_25_rank_sensitive_bridge	NumStability.Algorithms.Cholesky.Higham1014SourceError	public	yes	reverse_dependent
NumStability.higham10_28_implies_10_27_actual_residualNorm	NumStability.Algorithms.Ch10PivotedPSDSourceClosure	public	yes	reverse_dependent
NumStability.higham10_29_lu_growth_aux	NumStability.Algorithms.Cholesky.Higham1029Source	public	yes	reverse_dependent
NumStability.higham10_29_lu_growth_bound_gram	NumStability.Algorithms.Cholesky.Higham1029Source	public	yes	reverse_dependent
NumStability.higham10_29_source_lu_growth_bound	NumStability.Algorithms.Cholesky.Higham1029Source	public	yes	reverse_dependent
NumStability.higham10_29_source_lu_growth_bound_opNorm2	NumStability.Algorithms.Cholesky.HighamMathiasSource	public	yes	reverse_dependent
NumStability.higham10_29_stage_operator_le	NumStability.Algorithms.HighamChapter10	public	yes	reverse_dependent
NumStability.higham10_29_stage_operator_le_exists	NumStability.Algorithms.HighamChapter10	public	yes	reverse_dependent
NumStability.higham10_29_stage_quadForm_le	NumStability.Algorithms.HighamChapter10	public	yes	reverse_dependent
NumStability.higham10_30_SourceGETrace	NumStability.Algorithms.Ch10ComplexPositiveDefiniteSourceClosure	public	yes	reverse_dependent
NumStability.higham10_30_SourceSchurDiagonalRep	NumStability.Algorithms.Ch10ComplexPositiveDefiniteSourceClosure	public	yes	reverse_dependent
NumStability.higham10_30_SourceUpperEntryRep	NumStability.Algorithms.Ch10ComplexPositiveDefiniteSourceClosure	public	yes	reverse_dependent
NumStability.higham10_30_complexPositiveDefinite_GE_backward_error_source	NumStability.Algorithms.Ch10ComplexPositiveDefiniteSourceClosure	public	yes	reverse_dependent
NumStability.higham10_30_complexPositiveDefinite_exists_noPivotLU	NumStability.Algorithms.Ch10ComplexPositiveDefiniteSourceClosure	public	yes	reverse_dependent
NumStability.higham10_30_complexPositiveDefinite_exists_noPivotLU_growth_lt_three	NumStability.Algorithms.Ch10ComplexPositiveDefiniteSourceClosure	public	yes	reverse_dependent
NumStability.higham10_30_complexPositiveDefinite_growth_lt_three	NumStability.Algorithms.Ch10ComplexPositiveDefiniteSourceClosure	public	yes	reverse_dependent
NumStability.higham10_30_complexPositiveDefinite_sourceGETrace	NumStability.Algorithms.Ch10ComplexPositiveDefiniteSourceClosure	public	yes	reverse_dependent
NumStability.higham10_30_complexQuadForm_im	NumStability.Algorithms.Ch10ComplexPositiveDefiniteSourceClosure	public	yes	reverse_dependent
NumStability.higham10_30_complexQuadForm_re	NumStability.Algorithms.Ch10ComplexPositiveDefiniteSourceClosure	public	yes	reverse_dependent
NumStability.higham10_30_complex_entry_norm_le_max_diagonal	NumStability.Algorithms.Ch10ComplexPositiveDefiniteSourceClosure	public	yes	reverse_dependent
NumStability.higham10_30_det_ne_zero_of_real_spd	NumStability.Algorithms.Ch10ComplexPositiveDefiniteSourceClosure	public	yes	reverse_dependent
NumStability.higham10_30_leadingComplexBlock_det_ne_zero	NumStability.Algorithms.Ch10ComplexPositiveDefiniteSourceClosure	public	yes	reverse_dependent
NumStability.higham10_30_leadingRealBlock_spd	NumStability.Algorithms.Ch10ComplexPositiveDefiniteSourceClosure	public	yes	reverse_dependent
NumStability.higham10_30_literalComplexGE_gamma_n_certificate_source_discrepancy	NumStability.Algorithms.Ch10ComplexPositiveDefiniteSourceClosure	public	yes	reverse_dependent
NumStability.higham10_30_source_schur_diagonal_growth_sq_lt_nine	NumStability.Algorithms.Ch10ComplexPositiveDefiniteSourceClosure	public	yes	reverse_dependent
NumStability.higham10_30_source_schur_diagonal_norm_lt_three	NumStability.Algorithms.Ch10ComplexPositiveDefiniteSourceClosure	public	yes	reverse_dependent
NumStability.higham10_3_fl_cholesky_backward_error	NumStability.Algorithms.HighamChapter10	public	yes	reverse_dependent
NumStability.higham10_3_fl_cholesky_certificate	NumStability.Algorithms.HighamChapter10	public	yes	reverse_dependent
NumStability.higham10_4_fl_cholesky_solve_backward_error	NumStability.Algorithms.HighamChapter10	public	yes	reverse_dependent
NumStability.higham10_4_nonsym_pd_leading_principal	NumStability.Algorithms.HighamChapter10	public	yes	reverse_dependent
NumStability.higham10_5_fl_cholesky_demmel_bound	NumStability.Algorithms.HighamChapter10	public	yes	reverse_dependent
NumStability.higham10_6_actual_source_closed	NumStability.Algorithms.Ch10ActualSourceClosure	public	yes	reverse_dependent
NumStability.higham10_7_actual_algorithm_source_closed	NumStability.Source.Higham.Chapter10.Theorem07	public	yes	reverse_dependent
NumStability.higham10_7_fl_cholesky_pivot_pos_source_step	NumStability.Source.Higham.Chapter10.Theorem07	public	yes	reverse_dependent
NumStability.higham10_7_fl_cholesky_success	NumStability.Algorithms.HighamChapter10	public	yes	reverse_dependent
NumStability.higham10_7_fl_cholesky_success_sharp	NumStability.Algorithms.HighamChapter10	public	yes	reverse_dependent
NumStability.higham10_7_fl_cholesky_success_source	NumStability.Source.Higham.Chapter10.Theorem07	public	yes	reverse_dependent
NumStability.higham10_7_stage_border_certificate_native	NumStability.Source.Higham.Chapter10.Theorem07	public	yes	reverse_dependent
NumStability.higham10_7_stage_border_mass_commonDenom	NumStability.Source.Higham.Chapter10.Theorem07	public	yes	reverse_dependent
NumStability.higham10_7_stage_interior_mass_native	NumStability.Source.Higham.Chapter10.Theorem07	public	yes	reverse_dependent
NumStability.higham10_7_success_factorization	NumStability.Algorithms.HighamChapter10	public	yes	reverse_dependent
NumStability.higham10_7_success_factorization_min_eig	NumStability.Algorithms.HighamChapter10	public	yes	reverse_dependent
NumStability.higham10_7_success_factorization_spectral	NumStability.Algorithms.HighamChapter10	public	yes	reverse_dependent
NumStability.higham10_8_componentwise_source	NumStability.Algorithms.Ch10Theorem108Componentwise	public	yes	reverse_dependent
NumStability.higham10_8_componentwise_source_nonsingInv	NumStability.Algorithms.Ch10Theorem108Componentwise	public	yes	reverse_dependent
NumStability.higham10_8_componentwise_source_of_normalized_certificate	NumStability.Algorithms.Ch10Theorem108Componentwise	public	yes	reverse_dependent
NumStability.higham10_8_counterRhat_unique	NumStability.Algorithms.Ch10Theorem108Source	public	yes	reverse_dependent
NumStability.higham10_8_normalized_componentwise_resolvent	NumStability.Algorithms.Ch10Theorem108Componentwise	public	yes	reverse_dependent
NumStability.higham10_9_pivoted_cholesky_unique	NumStability.Algorithms.HighamChapter10	public	yes	reverse_dependent
NumStability.higham10_9_psd_cholesky_existence	NumStability.Algorithms.HighamChapter10	public	yes	reverse_dependent
NumStability.higham10_9_psd_pivoted_cholesky_rank	NumStability.Algorithms.HighamChapter10	public	yes	reverse_dependent
NumStability.higham10_9_psd_pivoted_cholesky_rank_unique	NumStability.Algorithms.HighamChapter10	public	yes	reverse_dependent
NumStability.higham10_9_scaled_cond_bound	NumStability.Algorithms.HighamChapter10	public	yes	reverse_dependent
NumStability.higham10_9_spd_pivoted_cholesky_full_rank	NumStability.Algorithms.HighamChapter10	public	yes	reverse_dependent
NumStability.higham10_9_unit_diag_cond_bound	NumStability.Algorithms.HighamChapter10	public	yes	reverse_dependent
NumStability.higham10_9_van_der_sluis	NumStability.Algorithms.HighamChapter10	public	yes	reverse_dependent
NumStability.higham10_mathias_firstRoundedSchur_sourceCondition_exists	NumStability.Algorithms.Cholesky.HighamMathiasSource	public	yes	reverse_dependent
NumStability.higham10_mathias_flSchur_runsToCompletion	NumStability.Algorithms.Cholesky.HighamMathiasSource	public	yes	reverse_dependent
NumStability.higham10_mathias_luSchur_kappaH_le	NumStability.Algorithms.Cholesky.HighamMathiasSource	public	yes	reverse_dependent
NumStability.higham10_mathias_luSchur_symPartInv_opNorm2_le	NumStability.Algorithms.Cholesky.HighamMathiasSource	public	yes	reverse_dependent
NumStability.higham10_problem_10_4_first_ge_entry_abs_le_initial_max	NumStability.Algorithms.HighamChapter10	public	yes	reverse_dependent
NumStability.higham10_problem_10_4_first_ge_maxEntryNorm_le	NumStability.Algorithms.HighamChapter10	public	yes	reverse_dependent
NumStability.higham10_problem_10_4_first_ge_reduced_submatrix_spd	NumStability.Algorithms.HighamChapter10	public	yes	reverse_dependent
NumStability.higham10_problem_10_4_unpivoted_ge_positive_pivots_and_growth	NumStability.Algorithms.HighamChapter10	public	yes	reverse_dependent
NumStability.higham13_algorithm13_3_spd_factor_norm_certificates	NumStability.Source.Higham.Chapter13.Section03.SPDFactorBounds	public	no	reverse_dependent
NumStability.higham13_eq13_24_algorithm13_3_spd	NumStability.Source.Higham.Chapter13.Section03.SPDFactorBounds	public	no	reverse_dependent
NumStability.higham13_eq13_25_algorithm13_3_spd	NumStability.Source.Higham.Chapter13.Equation25.Factorization	public	no	reverse_dependent
NumStability.higham13_eq13_25_algorithm13_3_spd_family_actual_factor_and_solve	NumStability.Source.Higham.Chapter13.Equation25.Families	public	no	reverse_dependent
NumStability.higham13_eq13_25_algorithm13_3_spd_family_actual_matrices	NumStability.Source.Higham.Chapter13.Equation25.Families	public	no	reverse_dependent
NumStability.higham13_eq13_25_algorithm13_3_spd_family_from_theorem13_6_and_product_transfer	NumStability.Source.Higham.Chapter13.Equation25.Families	public	no	reverse_dependent
NumStability.higham13_eq13_25_implementation1_spd_family_from_partitioned_computation	NumStability.Source.Higham.Chapter13.Equation25.PartitionedComputation.Implementation1	public	no	reverse_dependent
NumStability.higham13_lemma13_9_cholesky_block_equations_exists_of_spd_equiv	NumStability.Source.Higham.Chapter13.Lemma09	public	no	reverse_dependent
NumStability.higham13_lemma13_9_cholesky_block_equations_exists_of_spd_fin_sum	NumStability.Source.Higham.Chapter13.Lemma09	public	no	reverse_dependent
NumStability.higham13_lemma13_9_cholesky_route_rectOpNorm2Le_from_spd_leading_nonsingInv_kappa2	NumStability.Source.Higham.Chapter13.Lemma09	public	no	reverse_dependent
NumStability.higham13_lemma13_9_exists_cholesky_route_rectOpNorm2Le_from_spd_kappa2_nonsingInv	NumStability.Source.Higham.Chapter13.Lemma09	public	no	reverse_dependent
NumStability.higham13_spd_first_step_source_certificates	NumStability.Source.Higham.Chapter13.Section03.SPDFactorBounds	public	no	reverse_dependent
NumStability.higham20_eq20_11_fl_cholesky	NumStability.Source.Higham.Chapter20.Remaining	public	no	reverse_dependent
NumStability.higham20_eq20_12_fl_gram_fl_cholesky_gamma3n1	NumStability.Source.Higham.Chapter20.Remaining	public	no	reverse_dependent
NumStability.higham20_eq20_13a_b_fl_gram_fl_cholesky_source_closed	NumStability.Source.Higham.Chapter20.NormalEquations	public	no	reverse_dependent
NumStability.kahanR_tail_eq	NumStability.Algorithms.HighamChapter10	public	yes	reverse_dependent
NumStability.min_eig_scaled_bordered_floor	NumStability.Algorithms.HighamChapter10	public	yes	reverse_dependent
NumStability.nonsymPosDef_leading_principal	NumStability.Algorithms.Cholesky.CholeskyNonsym	public	yes	reverse_dependent
NumStability.psd_abs_entry_le_maxdiag	NumStability.Algorithms.Cholesky.CholeskyPSD	public	yes	reverse_dependent
NumStability.psd_abs_entry_le_sqrt_diag	NumStability.Algorithms.Cholesky.CholeskyPSD	public	yes	reverse_dependent
NumStability.psd_all_diag_zero	NumStability.Algorithms.Cholesky.CholeskyPSD	public	yes	reverse_dependent
NumStability.psd_cholesky_existence	NumStability.Algorithms.Cholesky.CholeskyPSD	public	yes	reverse_dependent
NumStability.psd_pivoted_cholesky_exists	NumStability.Algorithms.Cholesky.CholeskyPSD	public	yes	reverse_dependent
NumStability.psd_pivoted_cholesky_exists_cp	NumStability.Algorithms.Cholesky.CholeskyPSD	public	yes	reverse_dependent
NumStability.psd_pivoted_cholesky_exists_tail	NumStability.Algorithms.Cholesky.CholeskyPSD	public	yes	reverse_dependent
NumStability.psd_quadForm_le_card_maxdiag	NumStability.Algorithms.Cholesky.CholeskyPSD	public	yes	reverse_dependent
NumStability.psd_quadForm_le_trace	NumStability.Algorithms.Cholesky.CholeskyPSD	public	yes	reverse_dependent
NumStability.quadForm_zero_pad_eq	NumStability.Algorithms.Cholesky.CholeskyNonsym	public	yes	reverse_dependent
NumStability.spd_pivoted_cholesky	NumStability.Algorithms.Cholesky.CholeskyPSD	public	yes	reverse_dependent
NumStability.spd_schur_complement_isSymPosDef	NumStability.Algorithms.Cholesky.CholeskySpec	public	yes	reverse_dependent
NumStability.stage_interior_mass_from_full	NumStability.Algorithms.HighamChapter10	public	yes	reverse_dependent
NumStability.sum_sq_zero_pad_eq	NumStability.Algorithms.Cholesky.CholeskyNonsym	public	yes	reverse_dependent
NumStability.unit_diag_psd_maxEigenvalue_bounds	NumStability.Algorithms.HighamChapter10	public	yes	reverse_dependent
_private.NumStability.Algorithms.Ch10ComplexPositiveDefiniteSourceClosure.0.NumStability.higham10_30_borderedRealMatrix	NumStability.Algorithms.Ch10ComplexPositiveDefiniteSourceClosure	private	yes	private_seed
_private.NumStability.Algorithms.Ch10ComplexPositiveDefiniteSourceClosure.0.NumStability.higham10_30_bordered_inverse_energy_lt	NumStability.Algorithms.Ch10ComplexPositiveDefiniteSourceClosure	private	yes	private_seed
_private.NumStability.Algorithms.Ch10ComplexPositiveDefiniteSourceClosure.0.NumStability.higham10_30_complexBlockSchur_re_im_posDef	NumStability.Algorithms.Ch10ComplexPositiveDefiniteSourceClosure	private	yes	private_seed
_private.NumStability.Algorithms.Ch10ComplexPositiveDefiniteSourceClosure.0.NumStability.higham10_30_complexEnergy_im_fintype	NumStability.Algorithms.Ch10ComplexPositiveDefiniteSourceClosure	private	yes	private_seed
_private.NumStability.Algorithms.Ch10ComplexPositiveDefiniteSourceClosure.0.NumStability.higham10_30_complexEnergy_re_fintype	NumStability.Algorithms.Ch10ComplexPositiveDefiniteSourceClosure	private	yes	private_seed
_private.NumStability.Algorithms.Ch10ComplexPositiveDefiniteSourceClosure.0.NumStability.higham10_30_complexGammaCounterA	NumStability.Algorithms.Ch10ComplexPositiveDefiniteSourceClosure	private	yes	private_seed
_private.NumStability.Algorithms.Ch10ComplexPositiveDefiniteSourceClosure.0.NumStability.higham10_30_complexGammaCounterB	NumStability.Algorithms.Ch10ComplexPositiveDefiniteSourceClosure	private	yes	private_seed
_private.NumStability.Algorithms.Ch10ComplexPositiveDefiniteSourceClosure.0.NumStability.higham10_30_complexGammaCounterB_spd	NumStability.Algorithms.Ch10ComplexPositiveDefiniteSourceClosure	private	yes	private_seed
_private.NumStability.Algorithms.Ch10ComplexPositiveDefiniteSourceClosure.0.NumStability.higham10_30_complexGammaCounterC	NumStability.Algorithms.Ch10ComplexPositiveDefiniteSourceClosure	private	yes	private_seed
_private.NumStability.Algorithms.Ch10ComplexPositiveDefiniteSourceClosure.0.NumStability.higham10_30_complexGammaCounterC_spd	NumStability.Algorithms.Ch10ComplexPositiveDefiniteSourceClosure	private	yes	private_seed
_private.NumStability.Algorithms.Ch10ComplexPositiveDefiniteSourceClosure.0.NumStability.higham10_30_complexGammaCounterFP	NumStability.Algorithms.Ch10ComplexPositiveDefiniteSourceClosure	private	yes	private_seed
_private.NumStability.Algorithms.Ch10ComplexPositiveDefiniteSourceClosure.0.NumStability.higham10_30_complexGammaCounter_L10	NumStability.Algorithms.Ch10ComplexPositiveDefiniteSourceClosure	private	yes	private_seed
_private.NumStability.Algorithms.Ch10ComplexPositiveDefiniteSourceClosure.0.NumStability.higham10_30_complexGammaCounter_U00	NumStability.Algorithms.Ch10ComplexPositiveDefiniteSourceClosure	private	yes	private_seed
_private.NumStability.Algorithms.Ch10ComplexPositiveDefiniteSourceClosure.0.NumStability.higham10_30_complexGammaCounter_U10	NumStability.Algorithms.Ch10ComplexPositiveDefiniteSourceClosure	private	yes	private_seed
_private.NumStability.Algorithms.Ch10ComplexPositiveDefiniteSourceClosure.0.NumStability.higham10_30_complexGammaCounter_gamma	NumStability.Algorithms.Ch10ComplexPositiveDefiniteSourceClosure	private	yes	private_seed
_private.NumStability.Algorithms.Ch10ComplexPositiveDefiniteSourceClosure.0.NumStability.higham10_30_complexGammaCounter_gammaValid	NumStability.Algorithms.Ch10ComplexPositiveDefiniteSourceClosure	private	yes	private_seed
_private.NumStability.Algorithms.Ch10ComplexPositiveDefiniteSourceClosure.0.NumStability.higham10_30_complexGammaCounter_radius_lower_bound	NumStability.Algorithms.Ch10ComplexPositiveDefiniteSourceClosure	private	yes	private_seed
_private.NumStability.Algorithms.Ch10ComplexPositiveDefiniteSourceClosure.0.NumStability.higham10_30_complexVector_re_or_im_nonzero	NumStability.Algorithms.Ch10ComplexPositiveDefiniteSourceClosure	private	yes	private_seed
_private.NumStability.Algorithms.Ch10ComplexPositiveDefiniteSourceClosure.0.NumStability.higham10_30_complex_U_entry_eq_leading_schur	NumStability.Algorithms.Ch10ComplexPositiveDefiniteSourceClosure	private	yes	private_seed
_private.NumStability.Algorithms.Ch10ComplexPositiveDefiniteSourceClosure.0.NumStability.higham10_30_complex_borderedMinor_eq_pivots_mul_U	NumStability.Algorithms.Ch10ComplexPositiveDefiniteSourceClosure	private	yes	private_seed
_private.NumStability.Algorithms.Ch10ComplexPositiveDefiniteSourceClosure.0.NumStability.higham10_30_complex_borderedU_det	NumStability.Algorithms.Ch10ComplexPositiveDefiniteSourceClosure	private	yes	private_seed
_private.NumStability.Algorithms.Ch10ComplexPositiveDefiniteSourceClosure.0.NumStability.higham10_30_complex_inverse_eq_X_minus_iY	NumStability.Algorithms.Ch10ComplexPositiveDefiniteSourceClosure	private	yes	private_seed
_private.NumStability.Algorithms.Ch10ComplexPositiveDefiniteSourceClosure.0.NumStability.higham10_30_complex_leadingRows_mul_of_lower_left	NumStability.Algorithms.Ch10ComplexPositiveDefiniteSourceClosure	private	yes	private_seed
_private.NumStability.Algorithms.Ch10ComplexPositiveDefiniteSourceClosure.0.NumStability.higham10_30_complex_leading_det_eq_prod_U_diag	NumStability.Algorithms.Ch10ComplexPositiveDefiniteSourceClosure	private	yes	private_seed
_private.NumStability.Algorithms.Ch10ComplexPositiveDefiniteSourceClosure.0.NumStability.higham10_30_imag_schur_scalar_pos	NumStability.Algorithms.Ch10ComplexPositiveDefiniteSourceClosure	private	yes	private_seed
_private.NumStability.Algorithms.Ch10ComplexPositiveDefiniteSourceClosure.0.NumStability.higham10_30_input_complexMaxEntryNorm_pos	NumStability.Algorithms.Ch10ComplexPositiveDefiniteSourceClosure	private	yes	private_seed
_private.NumStability.Algorithms.Ch10ComplexPositiveDefiniteSourceClosure.0.NumStability.higham10_30_inverseX	NumStability.Algorithms.Ch10ComplexPositiveDefiniteSourceClosure	private	yes	private_seed
_private.NumStability.Algorithms.Ch10ComplexPositiveDefiniteSourceClosure.0.NumStability.higham10_30_inverseX_energy_two_lt_border	NumStability.Algorithms.Ch10ComplexPositiveDefiniteSourceClosure	private	yes	private_seed
_private.NumStability.Algorithms.Ch10ComplexPositiveDefiniteSourceClosure.0.NumStability.higham10_30_inverseX_posDef	NumStability.Algorithms.Ch10ComplexPositiveDefiniteSourceClosure	private	yes	private_seed
_private.NumStability.Algorithms.Ch10ComplexPositiveDefiniteSourceClosure.0.NumStability.higham10_30_inverseY	NumStability.Algorithms.Ch10ComplexPositiveDefiniteSourceClosure	private	yes	private_seed
_private.NumStability.Algorithms.Ch10ComplexPositiveDefiniteSourceClosure.0.NumStability.higham10_30_inverseY_energy_two_lt_border	NumStability.Algorithms.Ch10ComplexPositiveDefiniteSourceClosure	private	yes	private_seed
_private.NumStability.Algorithms.Ch10ComplexPositiveDefiniteSourceClosure.0.NumStability.higham10_30_inverseY_eq_swappedX	NumStability.Algorithms.Ch10ComplexPositiveDefiniteSourceClosure	private	yes	private_seed
_private.NumStability.Algorithms.Ch10ComplexPositiveDefiniteSourceClosure.0.NumStability.higham10_30_inverseY_posDef	NumStability.Algorithms.Ch10ComplexPositiveDefiniteSourceClosure	private	yes	private_seed
_private.NumStability.Algorithms.Ch10ComplexPositiveDefiniteSourceClosure.0.NumStability.higham10_30_inverse_real_part_upper	NumStability.Algorithms.Ch10ComplexPositiveDefiniteSourceClosure	private	yes	private_seed
_private.NumStability.Algorithms.Ch10ComplexPositiveDefiniteSourceClosure.0.NumStability.higham10_30_inverse_split_equations	NumStability.Algorithms.Ch10ComplexPositiveDefiniteSourceClosure	private	yes	private_seed
_private.NumStability.Algorithms.Ch10ComplexPositiveDefiniteSourceClosure.0.NumStability.higham10_30_matrixPosDef_to_isSymPosDef	NumStability.Algorithms.Ch10ComplexPositiveDefiniteSourceClosure	private	yes	private_seed
_private.NumStability.Algorithms.Ch10ComplexPositiveDefiniteSourceClosure.0.NumStability.higham10_30_posDef_entry_sq_le_diag_mul_diag	NumStability.Algorithms.Ch10ComplexPositiveDefiniteSourceClosure	private	yes	private_seed
_private.NumStability.Algorithms.Ch10ComplexPositiveDefiniteSourceClosure.0.NumStability.higham10_30_posDef_inverse_anti	NumStability.Algorithms.Ch10ComplexPositiveDefiniteSourceClosure	private	yes	private_seed
_private.NumStability.Algorithms.Ch10ComplexPositiveDefiniteSourceClosure.0.NumStability.higham10_30_principal_border_at_posDef	NumStability.Algorithms.Ch10ComplexPositiveDefiniteSourceClosure	private	yes	private_seed
_private.NumStability.Algorithms.Ch10ComplexPositiveDefiniteSourceClosure.0.NumStability.higham10_30_principal_border_posDef	NumStability.Algorithms.Ch10ComplexPositiveDefiniteSourceClosure	private	yes	private_seed
_private.NumStability.Algorithms.Ch10ComplexPositiveDefiniteSourceClosure.0.NumStability.higham10_30_realQuadForm_nonneg_of_spd	NumStability.Algorithms.Ch10ComplexPositiveDefiniteSourceClosure	private	yes	private_seed
_private.NumStability.Algorithms.Ch10ComplexPositiveDefiniteSourceClosure.0.NumStability.higham10_30_real_schur_scalar_pos	NumStability.Algorithms.Ch10ComplexPositiveDefiniteSourceClosure	private	yes	private_seed
_private.NumStability.Algorithms.Ch10ComplexPositiveDefiniteSourceClosure.0.NumStability.higham10_30_sourceDiagonalRep_norm_lt_three_max	NumStability.Algorithms.Ch10ComplexPositiveDefiniteSourceClosure	private	yes	private_seed
_private.NumStability.Algorithms.Ch10ComplexPositiveDefiniteSourceClosure.0.NumStability.higham10_30_sourceSchurDiagonalRep_of_leading	NumStability.Algorithms.Ch10ComplexPositiveDefiniteSourceClosure	private	yes	private_seed
_private.NumStability.Algorithms.Ch10ComplexPositiveDefiniteSourceClosure.0.NumStability.higham10_30_sourceUpperEntryRep_norm_lt_three_max	NumStability.Algorithms.Ch10ComplexPositiveDefiniteSourceClosure	private	yes	private_seed
_private.NumStability.Algorithms.Ch10ComplexPositiveDefiniteSourceClosure.0.NumStability.higham10_30_sourceUpperEntryRep_of_exactLU	NumStability.Algorithms.Ch10ComplexPositiveDefiniteSourceClosure	private	yes	private_seed
_private.NumStability.Algorithms.Ch10ComplexPositiveDefiniteSourceClosure.0.NumStability.higham10_30_symmetric_cross_sum_eq	NumStability.Algorithms.Ch10ComplexPositiveDefiniteSourceClosure	private	yes	private_seed
_private.NumStability.Algorithms.Ch10ComplexPositiveDefiniteSourceClosure.0.NumStability.higham10_30_symmetric_cross_sum_sub_eq_zero	NumStability.Algorithms.Ch10ComplexPositiveDefiniteSourceClosure	private	yes	private_seed
_private.NumStability.Algorithms.Ch10ComplexPositiveDefiniteSourceClosure.0.NumStability.higham10_30_symmetric_cross_sum_sub_eq_zero_fintype	NumStability.Algorithms.Ch10ComplexPositiveDefiniteSourceClosure	private	yes	private_seed
_private.NumStability.Algorithms.Ch10ComplexPositiveDefiniteSourceClosure.0.NumStability.higham10_30_symmetric_mulVec_cross_eq	NumStability.Algorithms.Ch10ComplexPositiveDefiniteSourceClosure	private	yes	private_seed
_private.NumStability.Algorithms.Ch10ComplexPositiveDefiniteSourceClosure.0.NumStability.higham10_30_symmetric_mulVec_cross_eq_fintype	NumStability.Algorithms.Ch10ComplexPositiveDefiniteSourceClosure	private	yes	private_seed
_private.NumStability.Algorithms.Ch10ComplexPositiveDefiniteSourceClosure.0.NumStability.higham10_30_twoTrailingPrincipal_posDef	NumStability.Algorithms.Ch10ComplexPositiveDefiniteSourceClosure	private	yes	private_seed
_private.NumStability.Algorithms.Ch10KahanSharpnessSource.0.NumStability.complexMatrixOp2_vecMulVec	NumStability.Algorithms.Ch10KahanSharpnessSource	private	yes	private_seed
_private.NumStability.Algorithms.Ch10KahanSharpnessSource.0.NumStability.higham10Kahan_geometric_segment	NumStability.Algorithms.Ch10KahanSharpnessSource	private	yes	private_seed
_private.NumStability.Algorithms.Ch10Theorem108Componentwise.0.NumStability.higham10_8_absMatrix_symmetric_of_symmetric	NumStability.Algorithms.Ch10Theorem108Componentwise	private	yes	private_seed
_private.NumStability.Algorithms.Ch10Theorem108Componentwise.0.NumStability.higham10_8_matSub_id_symmetric	NumStability.Algorithms.Ch10Theorem108Componentwise	private	yes	private_seed
_private.NumStability.Algorithms.Ch10Theorem108Componentwise.0.NumStability.higham10_8_one_sub_le_recip_sub_abs	NumStability.Algorithms.Ch10Theorem108Componentwise	private	yes	private_seed
_private.NumStability.Algorithms.Ch10Theorem108Componentwise.0.NumStability.higham10_8_recip_abs_le_one_add_gap	NumStability.Algorithms.Ch10Theorem108Componentwise	private	yes	private_seed
_private.NumStability.Algorithms.Ch10Theorem108Componentwise.0.NumStability.higham10_8_resolvent_commutes	NumStability.Algorithms.Ch10Theorem108Componentwise	private	yes	private_seed
_private.NumStability.Algorithms.Ch10Theorem108Componentwise.0.NumStability.higham10_8_right_resolvent_majorant_id	NumStability.Algorithms.Ch10Theorem108Componentwise	private	yes	private_seed
_private.NumStability.Algorithms.Cholesky.CholeskyFl.0.NumStability.chol_cert_core	NumStability.Algorithms.Cholesky.CholeskyFl	private	yes	private_seed
_private.NumStability.Algorithms.Cholesky.CholeskyFl.0.NumStability.chol_term_factor_bound	NumStability.Algorithms.Cholesky.CholeskyFl	private	yes	private_seed
_private.NumStability.Algorithms.Cholesky.CholeskyFl.0.NumStability.counter_one	NumStability.Algorithms.Cholesky.CholeskyFl	private	yes	private_seed
_private.NumStability.Algorithms.Cholesky.CholeskyFl.0.NumStability.counter_plain_prod	NumStability.Algorithms.Cholesky.CholeskyFl	private	yes	private_seed
_private.NumStability.Algorithms.Cholesky.CholeskyFl.0.NumStability.fl_cholesky_entry_bound	NumStability.Algorithms.Cholesky.CholeskyFl	private	yes	private_seed
_private.NumStability.Algorithms.Cholesky.CholeskyFl.0.NumStability.one_add_pos_of_abs_le_u	NumStability.Algorithms.Cholesky.CholeskyFl	private	yes	private_seed
_private.NumStability.Algorithms.Cholesky.CholeskyFl.0.NumStability.suffix_mul_prefix_eq_prod	NumStability.Algorithms.Cholesky.CholeskyFl	private	yes	private_seed
_private.NumStability.Algorithms.Cholesky.CholeskyFl.0.NumStability.sum_truncate_at	NumStability.Algorithms.Cholesky.CholeskyFl	private	yes	private_seed
_private.NumStability.Algorithms.Cholesky.CholeskyFl.0.NumStability.u_lt_one_of_gammaValid_succ	NumStability.Algorithms.Cholesky.CholeskyFl	private	yes	private_seed
_private.NumStability.Algorithms.Cholesky.CholeskyNonsym.0.NumStability.sum_zero_off_lt	NumStability.Algorithms.Cholesky.CholeskyNonsym	private	yes	private_seed
_private.NumStability.Algorithms.Cholesky.CholeskyPSD.0.NumStability.psd_diag_nonneg	NumStability.Algorithms.Cholesky.CholeskyPSD	private	yes	private_seed
_private.NumStability.Algorithms.Cholesky.CholeskyPSD.0.NumStability.psd_zero_diag_row_zero	NumStability.Algorithms.Cholesky.CholeskyPSD	private	yes	private_seed
_private.NumStability.Algorithms.Cholesky.CholeskyPSD.0.NumStability.quadForm_two_point	NumStability.Algorithms.Cholesky.CholeskyPSD	private	yes	private_seed
_private.NumStability.Algorithms.Cholesky.CholeskyPSD.0.NumStability.sum_filter_succ_tail	NumStability.Algorithms.Cholesky.CholeskyPSD	private	yes	private_seed
_private.NumStability.Algorithms.Cholesky.CholeskySpec.0.NumStability.cholesky_factor_uniqueness	NumStability.Algorithms.Cholesky.CholeskySpec	private	yes	private_seed
_private.NumStability.Algorithms.Cholesky.CholeskySpec.0.NumStability.schur_pd	NumStability.Algorithms.Cholesky.CholeskySpec	private	yes	private_seed
_private.NumStability.Algorithms.Cholesky.CholeskySpec.0.NumStability.schur_sym	NumStability.Algorithms.Cholesky.CholeskySpec	private	yes	private_seed
_private.NumStability.Algorithms.Cholesky.CholeskySpec.0.NumStability.spd_diag_pos	NumStability.Algorithms.Cholesky.CholeskySpec	private	yes	private_seed
_private.NumStability.Algorithms.Cholesky.Higham1014Equation1022.0.NumStability.higham10_14_abs_entry_le_of_rectOpNorm2Le	NumStability.Algorithms.Cholesky.Higham1014Equation1022	private	yes	private_seed
_private.NumStability.Algorithms.Cholesky.Higham1014Equation1022.0.NumStability.higham10_14_rectOpNorm2Le_add	NumStability.Algorithms.Cholesky.Higham1014Equation1022	private	yes	private_seed
_private.NumStability.Algorithms.Cholesky.Higham1014Equation1022.0.NumStability.higham10_14_rectOpNorm2Le_neg	NumStability.Algorithms.Cholesky.Higham1014Equation1022	private	yes	private_seed
_private.NumStability.Algorithms.Cholesky.Higham1014SourceError.0.NumStability.higham10_14_cert_core	NumStability.Algorithms.Cholesky.Higham1014SourceError	private	yes	private_seed
_private.NumStability.Algorithms.Cholesky.Higham1014SourceError.0.NumStability.higham10_14_entry_bound	NumStability.Algorithms.Cholesky.Higham1014SourceError	private	yes	private_seed
_private.NumStability.Algorithms.Cholesky.Higham1014SourceError.0.NumStability.higham10_14_opNorm2Le_neg	NumStability.Algorithms.Cholesky.Higham1014SourceError	private	yes	private_seed
_private.NumStability.Algorithms.Cholesky.Higham1014SourceError.0.NumStability.higham10_14_sqrt_nat_le_nat	NumStability.Algorithms.Cholesky.Higham1014SourceError	private	yes	private_seed
_private.NumStability.Algorithms.Cholesky.Higham1014SourceError.0.NumStability.higham10_14_sum_truncate_at	NumStability.Algorithms.Cholesky.Higham1014SourceError	private	yes	private_seed
_private.NumStability.Algorithms.Cholesky.Higham1014SourceError.0.NumStability.higham10_14_trunc_abs_gram	NumStability.Algorithms.Cholesky.Higham1014SourceError	private	yes	private_seed
_private.NumStability.Algorithms.Cholesky.Higham1014SourceError.0.NumStability.higham10_14_trunc_abs_gram_computed	NumStability.Algorithms.Cholesky.Higham1014SourceError	private	yes	private_seed
_private.NumStability.Algorithms.Cholesky.Higham1014SourceError.0.NumStability.higham10_14_zeroRowPad_opNorm2Le	NumStability.Algorithms.Cholesky.Higham1014SourceError	private	yes	private_seed
_private.NumStability.Algorithms.HighamChapter10.0.NumStability.higham10_18_row_cast	NumStability.Algorithms.HighamChapter10	private	yes	private_seed
_private.NumStability.Algorithms.HighamChapter10.0.NumStability.higham10_18_row_nat	NumStability.Algorithms.HighamChapter10	private	yes	private_seed
_private.NumStability.Algorithms.HighamChapter10.0.NumStability.higham10_9_upper_product_sum_split	NumStability.Algorithms.HighamChapter10	private	yes	private_seed
_private.NumStability.Algorithms.HighamChapter10.0.NumStability.kahan_telescope	NumStability.Algorithms.HighamChapter10	private	yes	private_seed
_private.NumStability.Source.Higham.Chapter10.Theorem07.0.NumStability.bordered_perturbation_floor_sqrt	NumStability.Source.Higham.Chapter10.Theorem07	private	yes	private_seed
_private.NumStability.Source.Higham.Chapter10.Theorem07.0.NumStability.solved_border_mass_le	NumStability.Source.Higham.Chapter10.Theorem07	private	yes	private_seed
_private.NumStability.Source.Higham.Chapter10.Theorem07.0.NumStability.sourceB	NumStability.Source.Higham.Chapter10.Theorem07	private	yes	private_seed
_private.NumStability.Source.Higham.Chapter10.Theorem07.0.NumStability.sourceC	NumStability.Source.Higham.Chapter10.Theorem07	private	yes	private_seed
_private.NumStability.Source.Higham.Chapter10.Theorem07.0.NumStability.sourceD	NumStability.Source.Higham.Chapter10.Theorem07	private	yes	private_seed
_private.NumStability.Source.Higham.Chapter10.Theorem07.0.NumStability.sourceD_pos_of_gamma_lt_one	NumStability.Source.Higham.Chapter10.Theorem07	private	yes	private_seed
_private.NumStability.Source.Higham.Chapter10.Theorem07.0.NumStability.sourceE	NumStability.Source.Higham.Chapter10.Theorem07	private	yes	private_seed
_private.NumStability.Source.Higham.Chapter10.Theorem07.0.NumStability.sourceI	NumStability.Source.Higham.Chapter10.Theorem07	private	yes	private_seed
_private.NumStability.Source.Higham.Chapter10.Theorem07.0.NumStability.sourceP	NumStability.Source.Higham.Chapter10.Theorem07	private	yes	private_seed
_private.NumStability.Source.Higham.Chapter10.Theorem07.0.NumStability.sourceP_formula	NumStability.Source.Higham.Chapter10.Theorem07	private	yes	private_seed
_private.NumStability.Source.Higham.Chapter10.Theorem07.0.NumStability.sourceP_sub_B_formula	NumStability.Source.Higham.Chapter10.Theorem07	private	yes	private_seed
_private.NumStability.Source.Higham.Chapter10.Theorem07.0.NumStability.sourceP_sub_B_two_formula	NumStability.Source.Higham.Chapter10.Theorem07	private	yes	private_seed
_private.NumStability.Source.Higham.Chapter10.Theorem07.0.NumStability.sourceQ	NumStability.Source.Higham.Chapter10.Theorem07	private	yes	private_seed
_private.NumStability.Source.Higham.Chapter10.Theorem07.0.NumStability.sourceQ_formula	NumStability.Source.Higham.Chapter10.Theorem07	private	yes	private_seed
_private.NumStability.Source.Higham.Chapter10.Theorem07.0.NumStability.sourceR	NumStability.Source.Higham.Chapter10.Theorem07	private	yes	private_seed
_private.NumStability.Source.Higham.Chapter10.Theorem07.0.NumStability.source_boundary_two_formula	NumStability.Source.Higham.Chapter10.Theorem07	private	yes	private_seed
_private.NumStability.Source.Higham.Chapter10.Theorem07.0.NumStability.source_common_coefficients	NumStability.Source.Higham.Chapter10.Theorem07	private	yes	private_seed
_private.NumStability.Source.Higham.Chapter10.Theorem07.0.NumStability.source_common_product_core	NumStability.Source.Higham.Chapter10.Theorem07	private	yes	private_seed
_private.NumStability.Source.Higham.Chapter10.Theorem07.0.NumStability.source_product_diff_formula	NumStability.Source.Higham.Chapter10.Theorem07	private	yes	private_seed
_private.NumStability.Source.Higham.Chapter10.Theorem07.0.NumStability.source_product_two_formula	NumStability.Source.Higham.Chapter10.Theorem07	private	yes	private_seed
_private.NumStability.Source.Higham.Chapter10.Theorem07.0.NumStability.source_stage_interior_coeff_le	NumStability.Source.Higham.Chapter10.Theorem07	private	yes	private_seed
_private.NumStability.Source.Higham.Chapter10.Theorem07.0.NumStability.source_stage_recip_le	NumStability.Source.Higham.Chapter10.Theorem07	private	yes	private_seed
