gate	command	status	exit_code	stdout_sha256	artifact_sha256	notes
production_build	lake build NumStability	passed	0	D24314D76AFEF9908B30C8E86013FF0651C460EFA9D735A4A9C13213C150C263	D62CAF8DAC747AEE902D4A6D532F1A5E451D764A126A9410754D10202B10542F	live worker production build; 723.166 s; production bytes are identical in final materialization 05C73804
focused_destinations	lake build <30 R07 destination modules>	passed	0	F819B56DD815EB493682A3AFCCEBE0B752198140B94328C6D44C758ADEE2E420	788DC7987191EBF9325F8DE253DC793FAF3BF8AB1119F201B5E0918971C194E1	exact 30-module canonical destination roster
focused_canonical_tests	lake build <30 R07 canonical-only test modules>	passed	0	D0E53583E6D3688B5FB027A342D52912C8EB93729EF2E594BB63FEF290890C49	60CDF737B207BF571176378D40BF484004D8E61DF252C84C37CD8885830E804F	exact canonical_only class
focused_old_tests	lake build <45 R07 old-only test modules>	passed	0	1802152FEECF93FC48517E0D2B44D9522EDE4973BEB70BBC631A1C628294BFC4	60CDF737B207BF571176378D40BF484004D8E61DF252C84C37CD8885830E804F	exact old_only class
focused_consumer_tests	lake build <24 R07 consumer test modules>	passed	0	1D8498A43885B3CCE081DC97D4D8517B1F8C62866C66FB6D2D86262D29E92B2B	60CDF737B207BF571176378D40BF484004D8E61DF252C84C37CD8885830E804F	exact consumer class
focused_private_boundary_tests	lake build <R07 private-normalization and dependency-boundary modules>	passed	0	84D8D74752C0684476D97B37107041801C05ED15E48B2200EBBB3EC6904C7195	3D7B5DFFCEEE3C4F9AEB3AD6F3793F7457A7BE66BBF09F0C973D8195C7494C56	44 normalized private names plus 33 public closure witnesses
focused_test_aggregate	lake build NumStabilityTest.Reorganization.R07.All	passed	0	7C411E22EEDDEFE60BCA20B5445209E6B5673F82A9FD0DEFC0FB6213E10B0720	60CDF737B207BF571176378D40BF484004D8E61DF252C84C37CD8885830E804F	one aggregate over 101 isolated targets
full_build	lake build NumStability NumStabilityTest	passed	0	D8CDD754839D8912B6C72BB7AAB9E3A6C7EC24D36550F84B99FF6C26A02CF444	D62CAF8DAC747AEE902D4A6D532F1A5E451D764A126A9410754D10202B10542F	live worker full build; 15266.762 s; precedes terminal-blank normalization bridged below
lake_test	lake test	passed	0	B43D0C4D82B614B5F3F9099C7D971D8642AEC9061F7D2CEADC20C0C393AEB6C4	D62CAF8DAC747AEE902D4A6D532F1A5E451D764A126A9410754D10202B10542F	live worker test target; 95.514 s; precedes terminal-blank normalization bridged below
projection_materialization	python -B docs/architecture/deliveries/R07/CHECK_PROJECTION.py --control-root <control> --materialize-candidate	passed	0	A5B346057844216FF9F1F0DC19BBE86BCF4AA370326ECE906CF5115462AAD88D	07A3213243A770AE68C1DB76C7A9F120E65FDCDD00ADBFDCB354B785E5171376	117168449-byte four-root graph; JSON 0C8D7E65; Markdown 5954EF0D
projection_replay	python -B docs/architecture/deliveries/R07/CHECK_PROJECTION.py --control-root <control>	passed	0	71936608D60B62C3084ED4BFA881D3C58A384AD1321C161428A5306024607AA7	27313A98B70A8BFEC7F6DF1F2CBE796D4B420A03EE91D7BF136E8AF4F93E8A90	P0010 exact 194/243/752/775 replay; full 56903/1713/266387/382872/424082 census
static_delivery	python -B docs/architecture/deliveries/R07/CHECK_STATIC.py --control-root <control> --candidate benchmark-results/R07-candidate.tsv	passed	0	8CDA0E07C9DFD8173D9DB9D53177117EBB42F974D295B59D4DBF321AC0A1D63A	05C738043A6D990B7E2BBBE9B200E2A4B54AB8B042AFE9A308A6ACD1FF71A5FA	145 final postimages; 45 owners; 194 routes; 77 closure rows; 760 imports
request_replay_structural	python -B docs/architecture/deliveries/R07/CHECK_REQUEST_REPLAY.py --control-root <control> --full	passed	0	82F494EA1A9CF308F0BED4D0F6842DCB20CC373B5D95E7B40484F0239070163E	DFF0256BCDAB3DA2A3248D85A5A390E345AE5C49D45C6E099E26E315CF03B909	final materialization; checker 8A60B049; immutable R0011 forward/reverse; separate correction; layout compatibility provenance strict-source all pass; 2860/2770/90/0
request_replay_full_attempt1	python -B docs/architecture/deliveries/R07/CHECK_REQUEST_REPLAY.py --control-root <control> --full --full-build	harness_failed	1	BAAC9A78B18D4A4D85917719823402097D8094FCBFAAADAC24E388D9ADD19BF1	FB72273EEEF3EA45FDBB5AD99C3B54C75ACE38E91B8027D2D419984D8BE71682	cold build completed but Python decoded captured Lean UTF-8 as CP1252 and raised UnicodeDecodeError; 34313.747 s; no Lean failure reported; superseded by explicit UTF-8 checker
request_replay_full_attempt2	python -B docs/architecture/deliveries/R07/CHECK_REQUEST_REPLAY.py --control-root <control> --full --full-build	superseded	1	E3B0C44298FC1C149AFBF4C8996FB92427AE41E4649B934CA495991B7852B855	4B2446D306823FAC9371591D3E9E5B0BBFCDFF52C23C5F2599E1B712E50E6748	operator-terminated early during cold dependency rebuild once the independently audited cache-isolated route was available; empty captured transcript; no gate result
request_replay_full_attempt3	python -B docs/architecture/deliveries/R07/CHECK_REQUEST_REPLAY.py --control-root <control> --full --full-build	harness_failed	1	D746DF068164826C5E42715D129491AD294198D7B0C0FB671B28EE842B6F3474	916FD0739A60AB22A506EBEB3F9638DEE0B51210CD9B2124039E8345D91285D4	structural gates and isolated cache fetch completed, but CP1252 stdout emission raised UnicodeEncodeError before the full build; 438.657 s; no Lean failure reported; superseded by strict UTF-8 output checker
request_replay_full_attempt4	python -B docs/architecture/deliveries/R07/CHECK_REQUEST_REPLAY.py --control-root <control> --full --full-build	build_failed	1	9875C01033BA36F8922473F2C805D89F947587F137B18F33616266C2B8CCA54D	5E8852200CD8DD37F443D4349F36F41B38FAF16E9EA0DF4F2AC2D7B4F4B600F6	structural and isolated-cache gates passed; full build reached 12036/12038 but ten longest Windows test-output paths crossed legacy MAX_PATH; 116708151-byte transcript; 25787.953 s; independent path audit and focused R07 build isolate the cause; superseded by short-root guarded checker
request_replay_full_pre_whitespace_normalization	python -B docs/architecture/deliveries/R07/CHECK_REQUEST_REPLAY.py --control-root <control> --full --full-build	passed	0	72F9E0EE8612E724CDD2DC2CD2A1719EBEDE75FDB35B5AD6D0F252D45E260C3A	3CB016BFD47123252222C3821004B7B774C0DC30A04AAD5944B8D1FE4C6DA103	disposable-clone replay of D62CAF8D under short temp root; MAX_PATH/cache/isolation audits, full build and lake test passed; final delta is one terminal blank-line deletion in each of 48 tests and is bridged by the exact final-byte build below; 25580.922 s
post_whitespace_targeted_tests	lake build <48 terminal-blank-normalized R07 test modules>	passed	0	E51564268739D08081E48344B7AFCEBA62B988AEE9E01B60607855F738847BB3	05C738043A6D990B7E2BBBE9B200E2A4B54AB8B042AFE9A308A6ACD1FF71A5FA	exact 48-file final delta; each test deletes one terminal blank line; all 48 modules, including the R07 aggregate, passed across 6123 jobs; 7528.974 s
post_whitespace_lake_test_attempt	lake test	superseded	1	590C822223E66B26E52C2862FDBADA9A671512E72FBFAE076B0A8CF2375D516A	05C738043A6D990B7E2BBBE9B200E2A4B54AB8B042AFE9A308A6ACD1FF71A5FA	operator-terminated after 6176/6253 while redundantly rebuilding unchanged dependencies; empty stderr; no gate result; the prior full lake test and exact 48-module final-byte bridge remain authoritative
evidence_replay	python -B docs/architecture/deliveries/R07/auditors/generate_evidence.py --control-root <control>	passed	0	32DCF47D1DB9DBE82234F64333693594A6AE6E4FE5ABC00366298E5254F8A783	7F61CD102B331FF2E9F643CF668D35C01F08CC827B571D58F68A08B9DEFC9481	byte-exact replay of copied controls, retention, correction request, and closed 166-path manifest
scope_delivery	python -B docs/architecture/deliveries/R07/CHECK_SCOPE.py <control>	passed	0	6D7FD784E11DD7285425B261651BAF30D202B469AC6F0E307D4459CDF30EA208	7F61CD102B331FF2E9F643CF668D35C01F08CC827B571D58F68A08B9DEFC9481	exact 166 paths: 13 modified, 153 added, 43 production, 102 tests, 21 evidence, zero shared overlap
git_diff_check	git diff --check	passed	0	E3B0C44298FC1C149AFBF4C8996FB92427AE41E4649B934CA495991B7852B855	7F61CD102B331FF2E9F643CF668D35C01F08CC827B571D58F68A08B9DEFC9481	final precommit whitespace check; empty stdout and stderr
