declaration	owner	visibility	in_union_closure	in_signature_closure	in_body_closure
NumStability.Polynomial.negOnePow_card_roots_lt_mul_abs_eval	NumStability.Algorithms.TestMatrices.Higham28GinibreSignedRank	public	True	False	True
NumStability.abs_ginibreHypergeometricTerm_succ_le	NumStability.Algorithms.TestMatrices.Higham28Ginibre	public	True	False	True
NumStability.abs_ginibreHypergeometricTerm_succ_le_half	NumStability.Algorithms.TestMatrices.Higham28Ginibre	public	True	False	True
NumStability.abs_realGinibre_hypergeometric_sub_one_le	NumStability.Algorithms.TestMatrices.Higham28Ginibre	public	True	False	True
NumStability.ae_ginibreRegularFiberMultiplicity_eq_realEigenvalueCount	NumStability.Algorithms.TestMatrices.Higham28GinibreIntegral	public	True	False	True
NumStability.ae_linearIndependent_standardGaussianColumns	NumStability.Algorithms.TestMatrices.Higham28GaussianQRHaar	public	True	False	True
NumStability.ae_linearIndependent_standardGaussianColumns_aux	NumStability.Algorithms.TestMatrices.Higham28GaussianQRHaar	public	True	False	True
NumStability.card_filter_lt_card_filter_of_mem	NumStability.Algorithms.TestMatrices.Higham28GinibreRoots	public	True	False	True
NumStability.ch28gf_expectedRealEigenvalueCount_eq_closedForm	NumStability.Algorithms.TestMatrices.Higham28GinibreFiniteFormula	public	True	False	True
NumStability.ch28gf_integrable_detSq_matrix	NumStability.Algorithms.TestMatrices.Higham28GinibreFiniteFormula	public	True	False	True
NumStability.ch28gf_integrable_det_shift_matrix	NumStability.Algorithms.TestMatrices.Higham28GinibreFiniteFormula	public	True	False	True
NumStability.ch28gf_integrable_oneRootIntegrand	NumStability.Algorithms.TestMatrices.Higham28GinibreFiniteFormula	public	True	False	True
NumStability.ch28gf_integrable_sliceIntegrand	NumStability.Algorithms.TestMatrices.Higham28GinibreFiniteFormula	public	True	False	True
NumStability.ch28gf_integrable_wgt_detSq	NumStability.Algorithms.TestMatrices.Higham28GinibreFiniteFormula	public	True	False	True
NumStability.ch28gf_integral_detShift_prod_eq_kernel	NumStability.Algorithms.TestMatrices.Higham28GinibreFiniteFormula	public	True	False	True
NumStability.ch28gf_integral_detSq_eq	NumStability.Algorithms.TestMatrices.Higham28GinibreFiniteFormula	public	True	False	True
NumStability.ch28gf_integral_slice_eq_kernelMoment	NumStability.Algorithms.TestMatrices.Higham28GinibreFiniteFormula	public	True	False	True
NumStability.ch28gf_kernelTransfer	NumStability.Algorithms.TestMatrices.Higham28GinibreFiniteFormula	public	True	False	True
NumStability.ch28gf_oneRootMoment_eq_factor_mul_integral_slice	NumStability.Algorithms.TestMatrices.Higham28GinibreFiniteFormula	public	True	False	True
NumStability.ch28gf_oneRootMoment_eq_factor_mul_kernelMoment	NumStability.Algorithms.TestMatrices.Higham28GinibreFiniteFormula	public	True	False	True
NumStability.ch28gf_realGinibreExpectedCountLimit	NumStability.Algorithms.TestMatrices.Higham28GinibreFiniteFormula	public	True	False	True
NumStability.ch28gf_realGinibreExpectedProportionLimit	NumStability.Algorithms.TestMatrices.Higham28GinibreFiniteFormula	public	True	False	True
NumStability.ch28gf_realGinibreFiniteExpectationFormula	NumStability.Algorithms.TestMatrices.Higham28GinibreFiniteFormula	public	True	False	True
NumStability.ch28gf_slice_eq	NumStability.Algorithms.TestMatrices.Higham28GinibreFiniteFormula	public	True	False	True
NumStability.companionCharacteristicFormula_aeval_transpose	NumStability.Algorithms.TestMatrices.Higham28Companion	public	True	False	True
NumStability.companionExceptionalSquaredSingularValueMinus_le_one	NumStability.Algorithms.TestMatrices.Higham28CompanionSpectral	public	True	False	True
NumStability.companionExceptionalSquaredSingularValueMinus_occurs	NumStability.Algorithms.TestMatrices.Higham28CompanionSpectral	public	True	False	True
NumStability.companionExceptionalSquaredSingularValuePlus_occurs	NumStability.Algorithms.TestMatrices.Higham28CompanionSpectral	public	True	False	True
NumStability.companionGram_eigenvalue_eq_one_or_exceptional	NumStability.Algorithms.TestMatrices.Higham28CompanionSpectral	public	True	False	True
NumStability.companionMatrix_charpoly	NumStability.Algorithms.TestMatrices.Higham28Companion	public	True	False	True
NumStability.companionMatrix_sub_scalar_rank_ge	NumStability.Algorithms.TestMatrices.Higham28Contracts	public	True	False	True
NumStability.companionOfMatrix_charpoly	NumStability.Algorithms.TestMatrices.Higham28Companion	public	True	False	True
NumStability.companionSingularValues_eq_one_or_eq_exceptional	NumStability.Algorithms.TestMatrices.Higham28CompanionSpectral	public	True	False	True
NumStability.companionSingularValues_multiset_eq	NumStability.Algorithms.TestMatrices.Higham28CompanionSpectral	public	True	False	True
NumStability.companionSquaredSingularValues_count_one	NumStability.Algorithms.TestMatrices.Higham28CompanionSpectral	public	True	False	True
NumStability.companionSquaredSingularValues_count_one_eq_sub_two	NumStability.Algorithms.TestMatrices.Higham28CompanionSpectral	public	True	False	True
NumStability.companionSquaredSingularValues_eq_one_or_eq_plus_or_eq_minus	NumStability.Algorithms.TestMatrices.Higham28CompanionSpectral	public	True	False	True
NumStability.companionSquaredSingularValues_eq_one_or_exceptional	NumStability.Algorithms.TestMatrices.Higham28CompanionSpectral	public	True	False	True
NumStability.companionSquaredSingularValues_multiset_eq	NumStability.Algorithms.TestMatrices.Higham28CompanionSpectral	public	True	False	True
NumStability.companion_conjTranspose_mul_self_charpoly	NumStability.Algorithms.TestMatrices.Higham28CompanionSpectral	public	True	False	True
NumStability.companion_conjTranspose_mul_self_charpoly_linearFactors	NumStability.Algorithms.TestMatrices.Higham28CompanionSpectral	public	True	False	True
NumStability.companion_conjTranspose_mul_self_eigenvalue_eq_one_or_exceptional	NumStability.Algorithms.TestMatrices.Higham28CompanionSpectral	public	True	False	True
NumStability.companion_conjTranspose_mul_self_roots_charpoly	NumStability.Algorithms.TestMatrices.Higham28CompanionSpectral	public	True	False	True
NumStability.companion_conjTranspose_mul_self_sub_one_rank_le_two	NumStability.Algorithms.TestMatrices.Higham28CompanionSpectral	public	True	False	True
NumStability.companion_hasLeftCyclicVector	NumStability.Algorithms.TestMatrices.Higham28Contracts	public	True	False	True
NumStability.companion_orderAtLeastThree_isStarNormal_iff	NumStability.Algorithms.TestMatrices.Higham28CompanionSpectral	public	True	False	True
NumStability.companion_transpose_krylov_eq_reverseBasis	NumStability.Algorithms.TestMatrices.Higham28Contracts	public	True	False	True
NumStability.companion_transpose_krylov_linearIndependent	NumStability.Algorithms.TestMatrices.Higham28Contracts	public	True	False	True
NumStability.complexSymmetricToeplitz_sine_eigenpair	NumStability.Algorithms.TestMatrices.Higham28ToeplitzGeneral	public	True	False	True
NumStability.complexTridiagonalToeplitz_p522_unrestricted_charpoly	NumStability.Algorithms.TestMatrices.Higham28ToeplitzSpectrum	public	True	False	True
NumStability.complexUpperEigenvalueCount_eq	NumStability.Algorithms.TestMatrices.Higham28GinibreComplexPairs	public	True	False	True
NumStability.complexUpperEigenvalueCount_le	NumStability.Algorithms.TestMatrices.Higham28GinibreComplexPairs	public	True	False	True
NumStability.compoundMatrix_pascal_pos	NumStability.Algorithms.TestMatrices.Higham28PascalOscillation	public	True	False	True
NumStability.continuous_ginibrePlaneChart	NumStability.Algorithms.TestMatrices.Higham28GinibrePlaneChart	public	True	False	True
NumStability.differentiable_ginibrePlaneChart	NumStability.Algorithms.TestMatrices.Higham28GinibrePlaneChart	public	True	False	True
NumStability.expectedGinibreAlternatingCount_add_two	NumStability.Algorithms.TestMatrices.Higham28GinibreSignedExpectation	public	True	False	True
NumStability.expectedGinibreAlternatingCount_eq_dimension	NumStability.Algorithms.TestMatrices.Higham28GinibreSignedExpectation	public	True	False	True
NumStability.expectedGinibreAlternatingPairCount_one	NumStability.Algorithms.TestMatrices.Higham28GinibreSignedExpectation	public	True	False	True
NumStability.expectedGinibreAlternatingPairCount_succ_eq_factor_mul_oneRootMoment	NumStability.Algorithms.TestMatrices.Higham28GinibreSignedIncidence	public	True	False	True
NumStability.expectedRealEigenvalueCount_eq_alternating_sub_two_pairs	NumStability.Algorithms.TestMatrices.Higham28GinibreSignedExpectation	public	True	False	True
NumStability.expectedRealEigenvalueCount_eq_closedForm_one	NumStability.Algorithms.TestMatrices.Higham28GinibreRecurrence	public	True	False	True
NumStability.expectedRealEigenvalueCount_eq_closedForm_two	NumStability.Algorithms.TestMatrices.Higham28GinibreDimensionTwo	public	True	False	True
NumStability.expectedRealEigenvalueCount_shift_eq_neg_two_mul_pair_shift	NumStability.Algorithms.TestMatrices.Higham28GinibreSignedExpectation	public	True	False	True
NumStability.expectedRealEigenvalueCount_succ_eq_corollary31Factor_mul_moment	NumStability.Algorithms.TestMatrices.Higham28GinibreOrthogonalFiber	public	True	False	True
NumStability.fderiv_ginibrePlaneChart	NumStability.Algorithms.TestMatrices.Higham28GinibrePlaneChart	public	True	False	True
NumStability.gaussianColumnMatrixMeasureOfScale_det_ne_zero_ae	NumStability.Algorithms.TestMatrices.Higham28GaussianQRHaar	public	True	False	True
NumStability.gaussianColumnMatrixMeasure_det_ne_zero_ae	NumStability.Algorithms.TestMatrices.Higham28GaussianQRHaar	public	True	False	True
NumStability.gaussianQRQLawOfScale_eq_normalizedOrthogonalHaar	NumStability.Algorithms.TestMatrices.Higham28GaussianQRHaar	public	True	False	True
NumStability.gaussianQRQLawOfScale_isProbabilityMeasure	NumStability.Algorithms.TestMatrices.Higham28GaussianQRHaar	public	True	False	True
NumStability.gaussianQRQLaw_eq_normalizedOrthogonalHaar	NumStability.Algorithms.TestMatrices.Higham28GaussianQRHaar	public	True	False	True
NumStability.gaussianQRQLaw_isHaarMeasure	NumStability.Algorithms.TestMatrices.Higham28GaussianQRHaar	public	True	False	True
NumStability.gaussianQRQLaw_isMulLeftInvariant	NumStability.Algorithms.TestMatrices.Higham28GaussianQRHaar	public	True	False	True
NumStability.gaussianQRQLaw_isProbabilityMeasure	NumStability.Algorithms.TestMatrices.Higham28GaussianQRHaar	public	True	False	True
NumStability.gaussianQRQ_orthogonalLeftMul_ae	NumStability.Algorithms.TestMatrices.Higham28GaussianQRHaar	public	True	False	True
NumStability.gaussianZeroPow_mul_integral_ginibreProjectiveWeight	NumStability.Algorithms.TestMatrices.Higham28GinibreCorollary31Factor	public	True	False	True
NumStability.generalToeplitzSineVector_ne_zero	NumStability.Algorithms.TestMatrices.Higham28ToeplitzGeneral	public	True	False	True
NumStability.generalToeplitz_complex_sine_eigenpair_of_super_ne_zero	NumStability.Algorithms.TestMatrices.Higham28ToeplitzGeneral	public	True	False	True
NumStability.generalToeplitz_sine_eigenpair	NumStability.Algorithms.TestMatrices.Higham28ToeplitzGeneral	public	True	False	True
NumStability.generalToeplitz_unrestricted_complex_eigenpair	NumStability.Algorithms.TestMatrices.Higham28ToeplitzGeneral	public	True	False	True
NumStability.ginibreAlternatingEigenvalueCount_eq_dimension	NumStability.Algorithms.TestMatrices.Higham28GinibreSignedExpectation	public	True	False	True
NumStability.ginibreCorollary31Factor_mul_increment_eq_closedForm_shift	NumStability.Algorithms.TestMatrices.Higham28GinibreExpectationGlue	public	True	False	True
NumStability.ginibreHypergeometricTerm_two_eq_binomialTail	NumStability.Algorithms.TestMatrices.Higham28GinibreParity	public	True	False	True
NumStability.ginibreIncidenceLebesgueMeasure_eq_volume	NumStability.Algorithms.TestMatrices.Higham28GinibreOrthogonalFiber	public	True	True	True
NumStability.ginibreIncidenceLebesgueMeasure_isAddHaarMeasure	NumStability.Algorithms.TestMatrices.Higham28GinibreGaussianBridge	public	True	False	True
NumStability.ginibreIncidenceRootRank_lt_of_chart_eq	NumStability.Algorithms.TestMatrices.Higham28GinibreIncidence	public	True	False	True
NumStability.ginibreNuisanceReorder	NumStability.Algorithms.TestMatrices.Higham28GinibreSignedIncidence	public	True	True	True
NumStability.ginibreNuisanceReorder_apply	NumStability.Algorithms.TestMatrices.Higham28GinibreSignedIncidence	public	True	True	True
NumStability.ginibrePlaneChartDerivativeLinearMap	NumStability.Algorithms.TestMatrices.Higham28GinibrePlaneChart	public	True	False	True
NumStability.ginibrePlaneChartDerivativeLinearMap_det	NumStability.Algorithms.TestMatrices.Higham28GinibrePlaneChart	public	True	True	True
NumStability.ginibreRegularFiberMultiplicity_eq_realEigenvalueCount	NumStability.Algorithms.TestMatrices.Higham28GinibreMultiplicity	public	True	False	True
NumStability.hasFDerivAt_ginibrePlaneChart	NumStability.Algorithms.TestMatrices.Higham28GinibrePlaneChart	public	True	False	True
NumStability.hasFDerivAt_ginibrePlaneChartTopRight	NumStability.Algorithms.TestMatrices.Higham28GinibrePlaneChart	public	True	False	True
NumStability.higham28ReciprocalInvolution_lower_and_diag	NumStability.Algorithms.TestMatrices.Higham28ReciprocalSPD	public	True	False	True
NumStability.higham28ReciprocalSPD_lower_reverseCholeskyFactor	NumStability.Algorithms.TestMatrices.Higham28ReciprocalSPD	public	True	False	True
NumStability.hilbertCentralDelannoy_eq_sum_sq	NumStability.Algorithms.TestMatrices.Higham28HilbertCondition	public	True	False	True
NumStability.hilbertCentralDelannoy_log_rate	NumStability.Algorithms.TestMatrices.Higham28HilbertCondition	public	True	False	True
NumStability.hilbertCentralDelannoy_lower	NumStability.Algorithms.TestMatrices.Higham28HilbertCondition	public	True	False	True
NumStability.hilbertCentralDelannoy_upper	NumStability.Algorithms.TestMatrices.Higham28HilbertCondition	public	True	False	True
NumStability.hilbertConditionTwo_log_rate	NumStability.Algorithms.TestMatrices.Higham28HilbertCondition	public	True	False	True
NumStability.hilbertConditionTwo_log_rate_succ	NumStability.Algorithms.TestMatrices.Higham28HilbertCondition	public	True	False	True
NumStability.hilbertDetLeadingLogRate_proved	NumStability.Algorithms.TestMatrices.Higham28HilbertAsymptotic	public	True	False	True
NumStability.injOn_ginibreIncidenceChart_rankPiece	NumStability.Algorithms.TestMatrices.Higham28GinibreIncidence	public	True	False	True
NumStability.integrableOn_ginibreSignedIncidenceBelow	NumStability.Algorithms.TestMatrices.Higham28GinibreTruncatedIncidence	public	True	False	True
NumStability.integrable_complexUpperEigenvalueCount	NumStability.Algorithms.TestMatrices.Higham28GinibreComplexPairs	public	True	False	True
NumStability.integrable_ginibreAlternatingEigenvalueCount	NumStability.Algorithms.TestMatrices.Higham28GinibreSignedExpectation	public	True	False	True
NumStability.integrable_ginibreAlternatingPairEigenvalueCount	NumStability.Algorithms.TestMatrices.Higham28GinibreSignedExpectation	public	True	False	True
NumStability.integrable_ginibreComplexShiftedDeterminantPermutationTerm_mul	NumStability.Algorithms.TestMatrices.Higham28GinibreCharacteristicProduct	public	True	False	True
NumStability.integrable_ginibreComplexShiftedPermutationPairMonomial	NumStability.Algorithms.TestMatrices.Higham28GinibreCharacteristicProduct	public	True	False	True
NumStability.integrable_ginibreDeterminantPermutationTerm_mul	NumStability.Algorithms.TestMatrices.Higham28GinibreCharacteristicProduct	public	True	False	True
NumStability.integrable_ginibrePermutationPairMonomial	NumStability.Algorithms.TestMatrices.Higham28GinibreCharacteristicProduct	public	True	False	True
NumStability.integrable_ginibreProjectiveWeight	NumStability.Algorithms.TestMatrices.Higham28GinibreOrthogonalFiber	public	True	False	True
NumStability.integrable_ginibreShiftedDeterminantPermutationTerm_mul	NumStability.Algorithms.TestMatrices.Higham28GinibreCharacteristicProduct	public	True	False	True
NumStability.integrable_ginibreShiftedPermutationPairMonomial	NumStability.Algorithms.TestMatrices.Higham28GinibreCharacteristicProduct	public	True	False	True
NumStability.integrable_ginibreSignedIncidence	NumStability.Algorithms.TestMatrices.Higham28GinibreSignedIncidence	public	True	False	True
NumStability.integrable_realGinibre_characteristicProduct	NumStability.Algorithms.TestMatrices.Higham28GinibreCharacteristicProduct	public	True	False	True
NumStability.integrable_realGinibre_det_sub_smul_one_mul_det_sub_smul_one	NumStability.Algorithms.TestMatrices.Higham28GinibreCharacteristicProduct	public	True	False	True
NumStability.integral_ginibreAlternatingBelow_eq_signedIncidenceBelow	NumStability.Algorithms.TestMatrices.Higham28GinibreTruncatedIncidence	public	True	False	True
NumStability.integral_ginibreAlternatingPair_eq_signedIncidence	NumStability.Algorithms.TestMatrices.Higham28GinibreSignedIncidence	public	True	False	True
NumStability.integral_ginibreComplexShiftedDeterminantPermutationTerm_mul	NumStability.Algorithms.TestMatrices.Higham28GinibreCharacteristicProduct	public	True	False	True
NumStability.integral_ginibreComplexShiftedPermutationPairMonomial	NumStability.Algorithms.TestMatrices.Higham28GinibreCharacteristicProduct	public	True	False	True
NumStability.integral_ginibreDeterminantPermutationTerm_mul	NumStability.Algorithms.TestMatrices.Higham28GinibreCharacteristicProduct	public	True	False	True
NumStability.integral_ginibreIncidence_rankPieceBelow_eq_image	NumStability.Algorithms.TestMatrices.Higham28GinibreSignedRankTransfer	public	True	False	True
NumStability.integral_ginibreIncidence_rankPiece_eq_image	NumStability.Algorithms.TestMatrices.Higham28GinibreSignedRankTransfer	public	True	False	True
NumStability.integral_ginibrePermutationPairMonomial	NumStability.Algorithms.TestMatrices.Higham28GinibreCharacteristicProduct	public	True	False	True
NumStability.integral_ginibreProjectiveRadial	NumStability.Algorithms.TestMatrices.Higham28GinibreProjectiveIntegral	public	True	False	True
NumStability.integral_ginibreProjectiveWeight	NumStability.Algorithms.TestMatrices.Higham28GinibreProjectiveIntegral	public	True	False	True
NumStability.integral_ginibreProjectiveWeight_euclidean	NumStability.Algorithms.TestMatrices.Higham28GinibreProjectiveIntegral	public	True	False	True
NumStability.integral_ginibreShiftedDeterminantPermutationTerm_mul	NumStability.Algorithms.TestMatrices.Higham28GinibreCharacteristicProduct	public	True	False	True
NumStability.integral_ginibreShiftedPermutationPairMonomial	NumStability.Algorithms.TestMatrices.Higham28GinibreCharacteristicProduct	public	True	False	True
NumStability.integral_ginibreSignedFixedFiber_of_orthogonal	NumStability.Algorithms.TestMatrices.Higham28GinibreOrthogonalFiber	public	True	True	True
NumStability.integral_ginibreSignedNuisance_eq_oneRootMoment	NumStability.Algorithms.TestMatrices.Higham28GinibreSignedIncidence	public	True	False	True
NumStability.integral_ginibreSignedTwoRootNuisance_eq_slice	NumStability.Algorithms.TestMatrices.Higham28GinibreSignedIncidence	public	True	False	True
NumStability.integral_realGinibre_characteristicProduct	NumStability.Algorithms.TestMatrices.Higham28GinibreCharacteristicProduct	public	True	False	True
NumStability.integral_realGinibre_characteristicProduct_complex	NumStability.Algorithms.TestMatrices.Higham28GinibreCharacteristicProduct	public	True	False	True
NumStability.integral_realGinibre_characteristicProduct_complex_eq_sum_fixedPoints	NumStability.Algorithms.TestMatrices.Higham28GinibreCharacteristicProduct	public	True	False	True
NumStability.integral_realGinibre_characteristicProduct_conj	NumStability.Algorithms.TestMatrices.Higham28GinibreCharacteristicProduct	public	True	False	True
NumStability.integral_realGinibre_characteristicProduct_eq_kernel	NumStability.Algorithms.TestMatrices.Higham28GinibreSignedScalar	public	True	False	True
NumStability.integral_realGinibre_characteristicProduct_eq_sum_fixedPoints	NumStability.Algorithms.TestMatrices.Higham28GinibreCharacteristicProduct	public	True	False	True
NumStability.integral_realGinibre_coordinateProduct	NumStability.Algorithms.TestMatrices.Higham28GinibreCharacteristicProduct	public	True	False	True
NumStability.integral_realGinibre_coordinateProduct_complex	NumStability.Algorithms.TestMatrices.Higham28GinibreCharacteristicProduct	public	True	False	True
NumStability.integral_realGinibre_det_mul_alternatingBelow_eq_factor_mul_slice	NumStability.Algorithms.TestMatrices.Higham28GinibreSignedIncidence	public	True	False	True
NumStability.integral_realGinibre_det_sq	NumStability.Algorithms.TestMatrices.Higham28GinibreCharacteristicProduct	public	True	False	True
NumStability.integral_realGinibre_det_sub_smul_one_mul_det_sub_smul_one	NumStability.Algorithms.TestMatrices.Higham28GinibreCharacteristicProduct	public	True	False	True
NumStability.integral_realGinibre_ginibrePlaneSylvesterOperator_det	NumStability.Algorithms.TestMatrices.Higham28GinibrePlaneSylvester	public	True	False	True
NumStability.integral_realGinibre_prod_gaussian_eq_jointDensity	NumStability.Algorithms.TestMatrices.Higham28GinibreJointDensity	public	True	False	True
NumStability.isSimilar_companion_rank_sub_scalar_ge	NumStability.Algorithms.TestMatrices.Higham28Companion	public	True	False	True
NumStability.lintegral_ginibreFixedFiber	NumStability.Algorithms.TestMatrices.Higham28GinibreOrthogonalFiber	public	True	True	True
NumStability.lintegral_ginibreFixedFiber_of_orthogonal	NumStability.Algorithms.TestMatrices.Higham28GinibreOrthogonalFiber	public	True	True	True
NumStability.lintegral_ginibreIncidence_gaussian_eq_corollary31Factor_mul_momentLIntegral	NumStability.Algorithms.TestMatrices.Higham28GinibreOrthogonalFiber	public	True	False	True
NumStability.lintegral_ginibreIncidence_gaussian_eq_expected	NumStability.Algorithms.TestMatrices.Higham28GinibreGaussianBridge	public	True	False	True
NumStability.lintegral_ginibreIncidence_gaussian_eq_rootCount	NumStability.Algorithms.TestMatrices.Higham28GinibreDeterminantIntegral	public	True	False	True
NumStability.lintegral_ginibreIncidence_rankPiece_eq_image	NumStability.Algorithms.TestMatrices.Higham28GinibreSignedRank	public	True	False	True
NumStability.lintegral_ginibreIncidence_regular_eq_rootCount	NumStability.Algorithms.TestMatrices.Higham28GinibreIntegral	public	True	False	True
NumStability.lintegral_ginibreIncidence_regular_eq_sum_rank_images	NumStability.Algorithms.TestMatrices.Higham28GinibreIncidence	public	True	False	True
NumStability.lintegral_ginibreOrthogonalBlockDensity	NumStability.Algorithms.TestMatrices.Higham28GinibreOrthogonalFiber	public	True	True	True
NumStability.log_hilbert_det_eq_sum	NumStability.Algorithms.TestMatrices.Higham28HilbertAsymptotic	public	True	False	True
NumStability.measurableSet_ginibreIncidenceRankImage	NumStability.Algorithms.TestMatrices.Higham28GinibreIntegral	public	True	False	True
NumStability.measurableSet_ginibreIncidenceRankPieceBelow_image	NumStability.Algorithms.TestMatrices.Higham28GinibreTruncatedIncidence	public	True	False	True
NumStability.measurable_abs_det_ginibreShift	NumStability.Algorithms.TestMatrices.Higham28GinibreTraceDensity	public	True	True	True
NumStability.measurable_abs_det_ginibreShiftReal	NumStability.Algorithms.TestMatrices.Higham28GinibreTraceDensity	public	True	True	True
NumStability.measurable_abs_det_matrix	NumStability.Algorithms.TestMatrices.Higham28GinibreTraceDensity	public	True	True	True
NumStability.measurable_abs_det_matrixReal	NumStability.Algorithms.TestMatrices.Higham28GinibreTraceDensity	public	True	True	True
NumStability.measurable_complexUpperEigenvalueCount	NumStability.Algorithms.TestMatrices.Higham28GinibreComplexPairs	public	True	False	True
NumStability.measurable_complexUpperEigenvalueCount_real	NumStability.Algorithms.TestMatrices.Higham28GinibreComplexPairs	public	True	False	True
NumStability.measurable_gaussianQRQ	NumStability.Algorithms.TestMatrices.Higham28GaussianQRHaar	public	True	False	True
NumStability.measurable_gaussianQRQMatrix	NumStability.Algorithms.TestMatrices.Higham28GaussianQRHaar	public	True	False	True
NumStability.measurable_ginibreAbsDetTwoEntryVector	NumStability.Algorithms.TestMatrices.Higham28GinibreAbsoluteDetRecurrence	public	True	True	True
NumStability.measurable_ginibreAlternatingEigenvalueCount	NumStability.Algorithms.TestMatrices.Higham28GinibreSignedExpectation	public	True	True	True
NumStability.measurable_ginibreAlternatingPairEigenvalueCount	NumStability.Algorithms.TestMatrices.Higham28GinibreSignedExpectation	public	True	True	True
NumStability.measurable_ginibrePlaneChart	NumStability.Algorithms.TestMatrices.Higham28GinibrePlaneChart	public	True	False	True
NumStability.measurable_ginibreShiftShear	NumStability.Algorithms.TestMatrices.Higham28GinibreTraceDensity	public	True	True	True
NumStability.measurable_ginibreTraceCorrelatedDensityReal	NumStability.Algorithms.TestMatrices.Higham28GinibreTraceDensity	public	True	True	True
NumStability.measurable_ginibreUnshiftShear	NumStability.Algorithms.TestMatrices.Higham28GinibreTraceDensity	public	True	True	True
NumStability.measurable_modifiedGramSchmidtQ	NumStability.Algorithms.TestMatrices.Higham28GaussianQRHaar	public	True	False	True
NumStability.measurePreserving_ginibreAbsDetTwoEntryVector	NumStability.Algorithms.TestMatrices.Higham28GinibreAbsoluteDetRecurrence	public	True	False	True
NumStability.measurePreserving_ginibreNuisanceReorder	NumStability.Algorithms.TestMatrices.Higham28GinibreSignedIncidence	public	True	True	True
NumStability.measurePreserving_ginibreShiftShear	NumStability.Algorithms.TestMatrices.Higham28GinibreTraceDensity	public	True	False	True
NumStability.mem_ginibreIncidenceRankImage_iff_lt_rootCount	NumStability.Algorithms.TestMatrices.Higham28GinibreSignedRank	public	True	False	True
NumStability.mem_ginibreIncidenceRankPieceBelow_image_iff_lt_belowCount	NumStability.Algorithms.TestMatrices.Higham28GinibreSignedRankTransfer	public	True	False	True
NumStability.natCast_eq_alternating_sub_two_pairs	NumStability.Algorithms.TestMatrices.Higham28GinibreSignedRank	public	True	False	True
NumStability.neg_one_pow_rootRank_mul_abs_det	NumStability.Algorithms.TestMatrices.Higham28GinibreSignedRank	public	True	False	True
NumStability.neg_two_mul_corollary31_product_mul_signedMoment_eq_closedForm_shift	NumStability.Algorithms.TestMatrices.Higham28GinibreSignedConclusion	public	True	False	True
NumStability.ofReal_expectedRealEigenvalueCount_succ_eq_corollary31Factor_mul_momentLIntegral	NumStability.Algorithms.TestMatrices.Higham28GinibreOrthogonalFiber	public	True	False	True
NumStability.one_le_companionExceptionalSquaredSingularValuePlus	NumStability.Algorithms.TestMatrices.Higham28CompanionSpectral	public	True	False	True
NumStability.opNorm2_hilbertInverseFormula_log_rate	NumStability.Algorithms.TestMatrices.Higham28HilbertCondition	public	True	False	True
NumStability.opNorm2_hilbertMatrix_log_rate_zero	NumStability.Algorithms.TestMatrices.Higham28HilbertCondition	public	True	False	True
NumStability.opNorm2_pascalInverseMatrix_eq_inv_smallestEigenvalue	NumStability.Algorithms.TestMatrices.Higham28PascalSpectral	public	True	False	True
NumStability.opNorm2_pascalOptimalSingularizingPerturbation	NumStability.Algorithms.TestMatrices.Higham28PascalSpectral	public	True	False	True
NumStability.opNorm2_secondDifferenceInverse_eq	NumStability.Algorithms.TestMatrices.Higham28ToeplitzCondition	public	True	False	True
NumStability.opNorm2_secondDifference_eq	NumStability.Algorithms.TestMatrices.Higham28ToeplitzCondition	public	True	False	True
NumStability.pascalIdentityCubeRootCandidate_cube	NumStability.Algorithms.TestMatrices.Higham28Pascal	public	True	False	True
NumStability.pascalLower_initial_minor_pos	NumStability.Algorithms.TestMatrices.Higham28PascalTotalPositivity	public	True	False	True
NumStability.pascalMatrix_eq_intervalMomentMatrix	NumStability.Algorithms.TestMatrices.Higham28Moments	public	True	False	True
NumStability.pascalMatrix_isStrictlyTotallyPositive	NumStability.Algorithms.TestMatrices.Higham28PascalTotalPositivity	public	True	False	True
NumStability.pascalMatrix_quadraticForm	NumStability.Algorithms.TestMatrices.Higham28Moments	public	True	False	True
NumStability.pascalMoment_integral	NumStability.Algorithms.TestMatrices.Higham28Moments	public	True	False	True
NumStability.pascalOptimalPerturbation_is_operator2_minimal	NumStability.Algorithms.TestMatrices.Higham28PascalSpectral	public	True	False	True
NumStability.pascalOptimalPerturbation_log_rate	NumStability.Algorithms.TestMatrices.Higham28PascalCondition	public	True	False	True
NumStability.pascalOscillation_pascalLeadingPlucker_same_sign	NumStability.Algorithms.TestMatrices.Higham28PascalOscillationCore	public	True	False	True
NumStability.pascalOscillation_pascalSortedEigenvalue_strictAdjacent	NumStability.Algorithms.TestMatrices.Higham28PascalOscillationCore	public	True	False	True
NumStability.pascalSortedEigenvalue_strictAnti	NumStability.Algorithms.TestMatrices.Higham28PascalOscillationCore	public	True	False	True
NumStability.pascalSortedEigenvector_hasExactlySignChanges	NumStability.Algorithms.TestMatrices.Higham28PascalOscillationExact	public	True	False	True
NumStability.pascalSortedEigenvector_signChangeCount_ge	NumStability.Algorithms.TestMatrices.Higham28PascalOscillationExact	public	True	False	True
NumStability.pascalSortedEigenvector_signChangeCount_le	NumStability.Algorithms.TestMatrices.Higham28PascalOscillationCore	public	True	False	True
NumStability.pascal_circleAverage	NumStability.Algorithms.TestMatrices.Higham28Moments	public	True	False	True
NumStability.pascal_circleMoment	NumStability.Algorithms.TestMatrices.Higham28Moments	public	True	False	True
NumStability.pascal_circleMoment_normalized	NumStability.Algorithms.TestMatrices.Higham28Moments	public	True	False	True
NumStability.pascal_singularizing_perturbation_norm_lower_bound	NumStability.Algorithms.TestMatrices.Higham28PascalSpectral	public	True	False	True
NumStability.realEigenvalueCount_add_two_mul_complexUpperEigenvalueCount	NumStability.Algorithms.TestMatrices.Higham28GinibreComplexPairs	public	True	False	True
NumStability.realEigenvalueCount_cast_eq_alternating_sub_two_pairs	NumStability.Algorithms.TestMatrices.Higham28GinibreSignedExpectation	public	True	False	True
NumStability.realGinibreAbsoluteCharacteristicMomentLIntegral_eq_jointDensity	NumStability.Algorithms.TestMatrices.Higham28GinibreTraceDensity	public	True	False	True
NumStability.realGinibreAbsoluteCharacteristicMomentLIntegral_eq_shiftedJointDensity	NumStability.Algorithms.TestMatrices.Higham28GinibreTraceDensity	public	True	False	True
NumStability.realGinibreAbsoluteCharacteristicMomentLIntegral_eq_traceDensity	NumStability.Algorithms.TestMatrices.Higham28GinibreTraceDensity	public	True	False	True
NumStability.realGinibreAbsoluteCharacteristicMoment_eq_toReal_lintegral	NumStability.Algorithms.TestMatrices.Higham28GinibreTraceDensity	public	True	False	True
NumStability.realGinibreAbsoluteCharacteristicMoment_eq_traceDensityIntegral	NumStability.Algorithms.TestMatrices.Higham28GinibreTraceDensity	public	True	False	True
NumStability.realGinibreAbsoluteCharacteristicMoment_two_eq_normalFormIntegral	NumStability.Algorithms.TestMatrices.Higham28GinibreAbsoluteDetRecurrence	public	True	False	True
NumStability.realGinibreExpectedCountClosedForm_even_finiteSum	NumStability.Algorithms.TestMatrices.Higham28GinibreParity	public	True	False	True
NumStability.realGinibreExpectedCountClosedForm_even_gammaSum	NumStability.Algorithms.TestMatrices.Higham28GinibreParity	public	True	False	True
NumStability.realGinibreExpectedCountClosedForm_limit	NumStability.Algorithms.TestMatrices.Higham28Ginibre	public	True	False	True
NumStability.realGinibreExpectedCountClosedForm_odd_finiteSum	NumStability.Algorithms.TestMatrices.Higham28GinibreParity	public	True	False	True
NumStability.realGinibreExpectedCountClosedForm_odd_gammaSum	NumStability.Algorithms.TestMatrices.Higham28GinibreParity	public	True	False	True
NumStability.realGinibreExpectedCountClosedForm_one	NumStability.Algorithms.TestMatrices.Higham28GinibreRecurrence	public	True	False	True
NumStability.realGinibreExpectedCountClosedForm_shift_two	NumStability.Algorithms.TestMatrices.Higham28GinibreRecurrence	public	True	False	True
NumStability.realGinibreExpectedCountClosedForm_two	NumStability.Algorithms.TestMatrices.Higham28GinibreParity	public	True	False	True
NumStability.realGinibreExpectedCountLimit_of_finiteExpectationFormula	NumStability.Algorithms.TestMatrices.Higham28Ginibre	public	True	False	True
NumStability.realGinibreExpectedCountLimit_of_shift	NumStability.Algorithms.TestMatrices.Higham28GinibreSignedConclusion	public	True	False	True
NumStability.realGinibreExpectedCountLimit_of_signedPairShift	NumStability.Algorithms.TestMatrices.Higham28GinibreSignedConclusion	public	True	False	True
NumStability.realGinibreFiniteExpectationFormula_of_shift	NumStability.Algorithms.TestMatrices.Higham28GinibreSignedConclusion	public	True	False	True
NumStability.realGinibreFiniteExpectationFormula_of_signedPairShift	NumStability.Algorithms.TestMatrices.Higham28GinibreSignedConclusion	public	True	False	True
NumStability.realGinibreParityIncrement_zero	NumStability.Algorithms.TestMatrices.Higham28GinibreParity	public	True	False	True
NumStability.realGinibre_hypergeometric_one	NumStability.Algorithms.TestMatrices.Higham28GinibreRecurrence	public	True	False	True
NumStability.realGinibre_hypergeometric_shift_two	NumStability.Algorithms.TestMatrices.Higham28GinibreRecurrence	public	True	False	True
NumStability.realGinibre_hypergeometric_tendsto_one	NumStability.Algorithms.TestMatrices.Higham28Ginibre	public	True	False	True
NumStability.realGinibre_hypergeometric_two	NumStability.Algorithms.TestMatrices.Higham28GinibreParity	public	True	False	True
NumStability.rotatedSignedPascal_cube	NumStability.Algorithms.TestMatrices.Higham28Pascal	public	True	False	True
NumStability.rotatedSignedPascal_square_apply	NumStability.Algorithms.TestMatrices.Higham28Pascal	public	True	False	True
NumStability.secondDifferenceConditionAsymptotic_proved	NumStability.Algorithms.TestMatrices.Higham28ToeplitzCondition	public	True	False	True
NumStability.secondDifferenceConditionTwo_eq_closedForm	NumStability.Algorithms.TestMatrices.Higham28ToeplitzCondition	public	True	False	True
NumStability.secondDifferenceInverse_scaled_sine_eigenpair	NumStability.Algorithms.TestMatrices.Higham28ToeplitzCondition	public	True	False	True
NumStability.signedPairShift_of_kernelTransfer	NumStability.Algorithms.TestMatrices.Higham28GinibreSignedConclusion	public	True	False	True
NumStability.singleHouseholder_randsvd_correction_rank_le_two	NumStability.Algorithms.TestMatrices.Higham28Stewart	public	True	False	True
NumStability.singleHouseholder_randsvd_eq_diagonal_add_rankTwo	NumStability.Algorithms.TestMatrices.Higham28Stewart	public	True	False	True
NumStability.sum_ginibreIncidenceRankImage_pairPrefix_eq_alternatingPairCount	NumStability.Algorithms.TestMatrices.Higham28GinibreSignedRankTransfer	public	True	False	True
NumStability.sum_ginibreIncidenceRankImage_sign_eq_alternatingCount	NumStability.Algorithms.TestMatrices.Higham28GinibreSignedRankTransfer	public	True	False	True
NumStability.sum_ginibreIncidenceRankPieceBelow_image_sign_eq_alternatingCount	NumStability.Algorithms.TestMatrices.Higham28GinibreSignedRankTransfer	public	True	False	True
NumStability.sum_lintegral_ginibreRankImages_eq_fiberMultiplicity	NumStability.Algorithms.TestMatrices.Higham28GinibreIntegral	public	True	False	True
NumStability.summable_ginibreHypergeometricTerm	NumStability.Algorithms.TestMatrices.Higham28GinibreRecurrence	public	True	False	True
NumStability.symmetricToeplitz_orthogonal_diagonalization	NumStability.Algorithms.TestMatrices.Higham28Contracts	public	True	False	True
NumStability.symmetricToeplitz_scaled_sine_eigenpair	NumStability.Algorithms.TestMatrices.Higham28Contracts	public	True	False	True
NumStability.symmetricToeplitz_sine_eigenpair	NumStability.Algorithms.TestMatrices.Higham28Contracts	public	True	False	True
NumStability.toeplitzSineVector_ne_zero	NumStability.Algorithms.TestMatrices.Higham28Contracts	public	True	False	True
NumStability.tridiagonalToeplitz_p522_charpoly_of_product_zero	NumStability.Algorithms.TestMatrices.Higham28ToeplitzSpectrum	public	True	False	True
NumStability.tridiagonalToeplitz_p522_roots_charpoly_of_product_zero	NumStability.Algorithms.TestMatrices.Higham28ToeplitzSpectrum	public	True	False	True
NumStability.tridiagonalToeplitz_p522_unrestricted_charpoly	NumStability.Algorithms.TestMatrices.Higham28ToeplitzSpectrum	public	True	False	True
NumStability.tridiagonalToeplitz_p522_unrestricted_eigenvalue	NumStability.Algorithms.TestMatrices.Higham28ToeplitzGeneral	public	True	False	True
NumStability.tridiagonalToeplitz_p522_unrestricted_roots_charpoly	NumStability.Algorithms.TestMatrices.Higham28ToeplitzSpectrum	public	True	False	True
NumStability.volume_preserving_ginibreCoordinateReorder	NumStability.Algorithms.TestMatrices.Higham28GinibreOrthogonalFiber	public	True	True	True
NumStability.volume_preserving_ginibreCoordinatesFinMatrix	NumStability.Algorithms.TestMatrices.Higham28GinibreOrthogonalFiber	public	True	True	True
_private.NumStability.Algorithms.TestMatrices.Higham28Companion.0.NumStability.companionCyclicSeed	NumStability.Algorithms.TestMatrices.Higham28Companion	private	True	True	True
_private.NumStability.Algorithms.TestMatrices.Higham28Companion.0.NumStability.companion_transpose_minpoly_natDegree_ge	NumStability.Algorithms.TestMatrices.Higham28Companion	private	True	True	True
_private.NumStability.Algorithms.TestMatrices.Higham28Companion.0.NumStability.companion_transpose_pow_seed_succ	NumStability.Algorithms.TestMatrices.Higham28Companion	private	True	True	True
_private.NumStability.Algorithms.TestMatrices.Higham28CompanionSpectral.0.NumStability.companionCoefficientMoment	NumStability.Algorithms.TestMatrices.Higham28CompanionSpectral	private	True	True	True
_private.NumStability.Algorithms.TestMatrices.Higham28CompanionSpectral.0.NumStability.companionCoefficientMoment_gram	NumStability.Algorithms.TestMatrices.Higham28CompanionSpectral	private	True	True	True
_private.NumStability.Algorithms.TestMatrices.Higham28CompanionSpectral.0.NumStability.companionCoefficientMoment_smul	NumStability.Algorithms.TestMatrices.Higham28CompanionSpectral	private	True	True	True
_private.NumStability.Algorithms.TestMatrices.Higham28CompanionSpectral.0.NumStability.companionCoefficientMoment_truncated	NumStability.Algorithms.TestMatrices.Higham28CompanionSpectral	private	True	True	True
_private.NumStability.Algorithms.TestMatrices.Higham28CompanionSpectral.0.NumStability.companionExceptionalCore	NumStability.Algorithms.TestMatrices.Higham28CompanionSpectral	private	True	True	True
_private.NumStability.Algorithms.TestMatrices.Higham28CompanionSpectral.0.NumStability.companionExceptionalCore_charpoly	NumStability.Algorithms.TestMatrices.Higham28CompanionSpectral	private	True	True	True
_private.NumStability.Algorithms.TestMatrices.Higham28CompanionSpectral.0.NumStability.companionGramFormula_mulVec_apply	NumStability.Algorithms.TestMatrices.Higham28CompanionSpectral	private	True	True	True
_private.NumStability.Algorithms.TestMatrices.Higham28CompanionSpectral.0.NumStability.companionGram_sub_one_eq_rankTwo	NumStability.Algorithms.TestMatrices.Higham28CompanionSpectral	private	True	True	True
_private.NumStability.Algorithms.TestMatrices.Higham28CompanionSpectral.0.NumStability.companionLastBasis	NumStability.Algorithms.TestMatrices.Higham28CompanionSpectral	private	True	True	True
_private.NumStability.Algorithms.TestMatrices.Higham28CompanionSpectral.0.NumStability.companionLastBasis_mul_sum	NumStability.Algorithms.TestMatrices.Higham28CompanionSpectral	private	True	True	True
_private.NumStability.Algorithms.TestMatrices.Higham28CompanionSpectral.0.NumStability.companionRankTwoLeft	NumStability.Algorithms.TestMatrices.Higham28CompanionSpectral	private	True	True	True
_private.NumStability.Algorithms.TestMatrices.Higham28CompanionSpectral.0.NumStability.companionRankTwoLeft_mul_right	NumStability.Algorithms.TestMatrices.Higham28CompanionSpectral	private	True	True	True
_private.NumStability.Algorithms.TestMatrices.Higham28CompanionSpectral.0.NumStability.companionRankTwoRight	NumStability.Algorithms.TestMatrices.Higham28CompanionSpectral	private	True	True	True
_private.NumStability.Algorithms.TestMatrices.Higham28CompanionSpectral.0.NumStability.companionReverseCoefficients	NumStability.Algorithms.TestMatrices.Higham28CompanionSpectral	private	True	True	True
_private.NumStability.Algorithms.TestMatrices.Higham28CompanionSpectral.0.NumStability.companionReverseCoefficients_last	NumStability.Algorithms.TestMatrices.Higham28CompanionSpectral	private	True	True	True
_private.NumStability.Algorithms.TestMatrices.Higham28CompanionSpectral.0.NumStability.companionReverseCoefficients_norm_sq_sum	NumStability.Algorithms.TestMatrices.Higham28CompanionSpectral	private	True	True	True
_private.NumStability.Algorithms.TestMatrices.Higham28CompanionSpectral.0.NumStability.companionReverseCoefficients_star_sum	NumStability.Algorithms.TestMatrices.Higham28CompanionSpectral	private	True	True	True
_private.NumStability.Algorithms.TestMatrices.Higham28CompanionSpectral.0.NumStability.companion_alpha_sub_two_le_exceptional_sqrt	NumStability.Algorithms.TestMatrices.Higham28CompanionSpectral	private	True	True	True
_private.NumStability.Algorithms.TestMatrices.Higham28CompanionSpectral.0.NumStability.companion_norm_sq_complex	NumStability.Algorithms.TestMatrices.Higham28CompanionSpectral	private	True	True	True
_private.NumStability.Algorithms.TestMatrices.Higham28CompanionSpectral.0.NumStability.companion_normal_higher_a0_unit	NumStability.Algorithms.TestMatrices.Higham28CompanionSpectral	private	True	True	True
_private.NumStability.Algorithms.TestMatrices.Higham28CompanionSpectral.0.NumStability.companion_normal_higher_coeff_vanish	NumStability.Algorithms.TestMatrices.Higham28CompanionSpectral	private	True	True	True
_private.NumStability.Algorithms.TestMatrices.Higham28CompanionSpectral.0.NumStability.companion_normal_higher_last_coeff_vanish	NumStability.Algorithms.TestMatrices.Higham28CompanionSpectral	private	True	True	True
_private.NumStability.Algorithms.TestMatrices.Higham28CompanionSpectral.0.NumStability.companion_two_sub_alpha_le_exceptional_sqrt	NumStability.Algorithms.TestMatrices.Higham28CompanionSpectral	private	True	True	True
_private.NumStability.Algorithms.TestMatrices.Higham28CompanionSpectral.0.NumStability.fin_add_one_lt_iff_ne_last	NumStability.Algorithms.TestMatrices.Higham28CompanionSpectral	private	True	True	True
_private.NumStability.Algorithms.TestMatrices.Higham28CompanionSpectral.0.NumStability.matrix_rank_add_le	NumStability.Algorithms.TestMatrices.Higham28CompanionSpectral	private	True	True	True
_private.NumStability.Algorithms.TestMatrices.Higham28CompanionSpectral.0.NumStability.matrix_sub_scalar_neg_one_eq_one_add	NumStability.Algorithms.TestMatrices.Higham28CompanionSpectral	private	True	True	True
_private.NumStability.Algorithms.TestMatrices.Higham28CompanionSpectral.0.NumStability.one_add_companionRankTwoRight_mul_left	NumStability.Algorithms.TestMatrices.Higham28CompanionSpectral	private	True	True	True
_private.NumStability.Algorithms.TestMatrices.Higham28CompanionSpectral.0.NumStability.sum_mul_companionLastBasis	NumStability.Algorithms.TestMatrices.Higham28CompanionSpectral	private	True	True	True
_private.NumStability.Algorithms.TestMatrices.Higham28Contracts.0.NumStability.companionMatrix_sub_scalar_rank_ge_succ	NumStability.Algorithms.TestMatrices.Higham28Contracts	private	True	True	True
_private.NumStability.Algorithms.TestMatrices.Higham28Contracts.0.NumStability.companion_transpose_pow_seed_nat	NumStability.Algorithms.TestMatrices.Higham28Contracts	private	True	True	True
_private.NumStability.Algorithms.TestMatrices.Higham28Contracts.0.NumStability.companion_transpose_reverseBasis_step	NumStability.Algorithms.TestMatrices.Higham28Contracts	private	True	True	True
_private.NumStability.Algorithms.TestMatrices.Higham28Contracts.0.NumStability.scaledSineColumn_eq	NumStability.Algorithms.TestMatrices.Higham28Contracts	private	True	True	True
_private.NumStability.Algorithms.TestMatrices.Higham28Contracts.0.NumStability.sin_neighbor_identity	NumStability.Algorithms.TestMatrices.Higham28Contracts	private	True	True	True
_private.NumStability.Algorithms.TestMatrices.Higham28Contracts.0.NumStability.toeplitzSineVector_angle	NumStability.Algorithms.TestMatrices.Higham28Contracts	private	True	True	True
_private.NumStability.Algorithms.TestMatrices.Higham28Contracts.0.NumStability.toeplitz_sine_boundary	NumStability.Algorithms.TestMatrices.Higham28Contracts	private	True	True	True
_private.NumStability.Algorithms.TestMatrices.Higham28GaussianQRHaar.0.NumStability.det_gsColumnsToMatrix_ne_zero_of_linearIndependent	NumStability.Algorithms.TestMatrices.Higham28GaussianQRHaar	private	True	True	True
_private.NumStability.Algorithms.TestMatrices.Higham28GaussianQRHaar.0.NumStability.measurableSet_linearIndependent_fin_cons	NumStability.Algorithms.TestMatrices.Higham28GaussianQRHaar	private	True	True	True
_private.NumStability.Algorithms.TestMatrices.Higham28GaussianQRHaar.0.NumStability.measurable_modifiedGramSchmidtVectors_apply	NumStability.Algorithms.TestMatrices.Higham28GaussianQRHaar	private	True	True	True
_private.NumStability.Algorithms.TestMatrices.Higham28GaussianQRHaar.0.NumStability.span_range_ne_top_of_linearIndependent_of_card_lt	NumStability.Algorithms.TestMatrices.Higham28GaussianQRHaar	private	True	True	True
_private.NumStability.Algorithms.TestMatrices.Higham28Ginibre.0.NumStability.ginibre_abs_sub_half_le_add	NumStability.Algorithms.TestMatrices.Higham28Ginibre	private	True	True	True
_private.NumStability.Algorithms.TestMatrices.Higham28GinibreAbsoluteDetRecurrence.0.NumStability.ginibreAbsoluteDetRecurrenceMeasurableSpace	NumStability.Algorithms.TestMatrices.Higham28GinibreAbsoluteDetRecurrence	private	True	True	True
_private.NumStability.Algorithms.TestMatrices.Higham28GinibreAbsoluteDetRecurrence.0.NumStability.ginibreAbsoluteDetRecurrenceSigmaFinite	NumStability.Algorithms.TestMatrices.Higham28GinibreAbsoluteDetRecurrence	private	True	True	True
_private.NumStability.Algorithms.TestMatrices.Higham28GinibreAbsoluteDetRecurrence.0.NumStability.ginibre_natRawCast_one	NumStability.Algorithms.TestMatrices.Higham28GinibreAbsoluteDetRecurrence	private	True	True	True
_private.NumStability.Algorithms.TestMatrices.Higham28GinibreAbsoluteDetRecurrence.0.NumStability.ginibre_natRawCast_six	NumStability.Algorithms.TestMatrices.Higham28GinibreAbsoluteDetRecurrence	private	True	True	True
_private.NumStability.Algorithms.TestMatrices.Higham28GinibreAbsoluteDetRecurrence.0.NumStability.ginibre_natRawCast_three	NumStability.Algorithms.TestMatrices.Higham28GinibreAbsoluteDetRecurrence	private	True	True	True
_private.NumStability.Algorithms.TestMatrices.Higham28GinibreAbsoluteDetRecurrence.0.NumStability.ginibre_natRawCast_twelve	NumStability.Algorithms.TestMatrices.Higham28GinibreAbsoluteDetRecurrence	private	True	True	True
_private.NumStability.Algorithms.TestMatrices.Higham28GinibreAbsoluteDetRecurrence.0.NumStability.ginibre_natRawCast_two	NumStability.Algorithms.TestMatrices.Higham28GinibreAbsoluteDetRecurrence	private	True	True	True
_private.NumStability.Algorithms.TestMatrices.Higham28GinibreAbsoluteDetRecurrence.0.NumStability.ginibre_natRawCast_zero	NumStability.Algorithms.TestMatrices.Higham28GinibreAbsoluteDetRecurrence	private	True	True	True
_private.NumStability.Algorithms.TestMatrices.Higham28GinibreCharacteristicProduct.0.NumStability.ginibreCharacteristicProductMeasurableSpace	NumStability.Algorithms.TestMatrices.Higham28GinibreCharacteristicProduct	private	True	True	True
_private.NumStability.Algorithms.TestMatrices.Higham28GinibreCharacteristicProduct.0.NumStability.ginibreCharacteristicProductSigmaFiniteRow	NumStability.Algorithms.TestMatrices.Higham28GinibreCharacteristicProduct	private	True	True	True
_private.NumStability.Algorithms.TestMatrices.Higham28GinibreComplexPairs.0.NumStability.card_filter_im_neg_eq_pos_of_map_conj	NumStability.Algorithms.TestMatrices.Higham28GinibreComplexPairs	private	True	True	True
_private.NumStability.Algorithms.TestMatrices.Higham28GinibreComplexPairs.0.NumStability.card_partition_by_im	NumStability.Algorithms.TestMatrices.Higham28GinibreComplexPairs	private	True	True	True
_private.NumStability.Algorithms.TestMatrices.Higham28GinibreGaussianBridge.0.NumStability.ginibreGaussianBridgeMeasurableSpaceRSqMat	NumStability.Algorithms.TestMatrices.Higham28GinibreGaussianBridge	private	True	True	True
_private.NumStability.Algorithms.TestMatrices.Higham28GinibreGaussianBridge.0.NumStability.ginibreGaussianBridgeStandardBorelCoordinates	NumStability.Algorithms.TestMatrices.Higham28GinibreGaussianBridge	private	True	True	True
_private.NumStability.Algorithms.TestMatrices.Higham28GinibreGaussianBridge.0.NumStability.ginibreGaussianBridgeStandardBorelNuisance	NumStability.Algorithms.TestMatrices.Higham28GinibreGaussianBridge	private	True	True	True
_private.NumStability.Algorithms.TestMatrices.Higham28GinibreGaussianBridge.0.NumStability.matrixVolume_isAddHaarMeasure	NumStability.Algorithms.TestMatrices.Higham28GinibreGaussianBridge	private	True	True	True
_private.NumStability.Algorithms.TestMatrices.Higham28GinibreJointDensity.0.NumStability.ginibreJointDensityMeasurableSpaceRSqMat	NumStability.Algorithms.TestMatrices.Higham28GinibreJointDensity	private	True	True	True
_private.NumStability.Algorithms.TestMatrices.Higham28GinibreOrthogonalFiber.0.NumStability.ginibreOrthogonalFiberMatrixMeasurableAdd	NumStability.Algorithms.TestMatrices.Higham28GinibreOrthogonalFiber	private	True	True	True
_private.NumStability.Algorithms.TestMatrices.Higham28GinibreOrthogonalFiber.0.NumStability.ginibreOrthogonalFiberMatrixVolumeIsAddHaar	NumStability.Algorithms.TestMatrices.Higham28GinibreOrthogonalFiber	private	True	True	True
_private.NumStability.Algorithms.TestMatrices.Higham28GinibreOrthogonalFiber.0.NumStability.ginibreOrthogonalFiberMatrixVolumeSigmaFinite	NumStability.Algorithms.TestMatrices.Higham28GinibreOrthogonalFiber	private	True	True	True
_private.NumStability.Algorithms.TestMatrices.Higham28GinibreOrthogonalFiber.0.NumStability.ginibreOrthogonalFiberMeasurableSpaceRSqMat	NumStability.Algorithms.TestMatrices.Higham28GinibreOrthogonalFiber	private	True	True	True
_private.NumStability.Algorithms.TestMatrices.Higham28GinibreOrthogonalFiber.0.NumStability.ginibreOrthogonalFiberMeasureSpaceCoordinates	NumStability.Algorithms.TestMatrices.Higham28GinibreOrthogonalFiber	private	True	True	True
_private.NumStability.Algorithms.TestMatrices.Higham28GinibreOrthogonalFiber.0.NumStability.ginibreOrthogonalFiberMeasureSpaceNuisance	NumStability.Algorithms.TestMatrices.Higham28GinibreOrthogonalFiber	private	True	True	True
_private.NumStability.Algorithms.TestMatrices.Higham28GinibreOrthogonalFiber.0.NumStability.ginibreOrthogonalFiberMeasureSpaceNuisanceCore	NumStability.Algorithms.TestMatrices.Higham28GinibreOrthogonalFiber	private	True	True	True
_private.NumStability.Algorithms.TestMatrices.Higham28GinibreOrthogonalFiber.0.NumStability.ginibreOrthogonalFiberMeasureSpaceRSqMat	NumStability.Algorithms.TestMatrices.Higham28GinibreOrthogonalFiber	private	True	True	True
_private.NumStability.Algorithms.TestMatrices.Higham28GinibreOrthogonalFiber.0.NumStability.ginibreOrthogonalFiberNuisanceCoreMeasurableAdd	NumStability.Algorithms.TestMatrices.Higham28GinibreOrthogonalFiber	private	True	True	True
_private.NumStability.Algorithms.TestMatrices.Higham28GinibreOrthogonalFiber.0.NumStability.ginibreOrthogonalFiberNuisanceCoreVolumeIsAddHaar	NumStability.Algorithms.TestMatrices.Higham28GinibreOrthogonalFiber	private	True	True	True
_private.NumStability.Algorithms.TestMatrices.Higham28GinibreOrthogonalFiber.0.NumStability.ginibreOrthogonalFiberNuisanceCoreVolumeSigmaFinite	NumStability.Algorithms.TestMatrices.Higham28GinibreOrthogonalFiber	private	True	True	True
_private.NumStability.Algorithms.TestMatrices.Higham28GinibreOrthogonalFiber.0.NumStability.ginibreOrthogonalFiberNuisanceVolumeIsAddHaar	NumStability.Algorithms.TestMatrices.Higham28GinibreOrthogonalFiber	private	True	True	True
_private.NumStability.Algorithms.TestMatrices.Higham28GinibreOrthogonalFiber.0.NumStability.ginibreOrthogonalFiberStandardBorelCoordinates	NumStability.Algorithms.TestMatrices.Higham28GinibreOrthogonalFiber	private	True	True	True
_private.NumStability.Algorithms.TestMatrices.Higham28GinibreOrthogonalFiber.0.NumStability.ginibreOrthogonalFiberStandardBorelNuisance	NumStability.Algorithms.TestMatrices.Higham28GinibreOrthogonalFiber	private	True	True	True
_private.NumStability.Algorithms.TestMatrices.Higham28GinibreParity.0.NumStability.hasSum_real_binomialSeries	NumStability.Algorithms.TestMatrices.Higham28GinibreParity	private	True	True	True
_private.NumStability.Algorithms.TestMatrices.Higham28GinibreParity.0.NumStability.one_half_rpow_three_halves	NumStability.Algorithms.TestMatrices.Higham28GinibreParity	private	True	True	True
_private.NumStability.Algorithms.TestMatrices.Higham28GinibreParity.0.NumStability.realGamma_five_halves_div_two	NumStability.Algorithms.TestMatrices.Higham28GinibreParity	private	True	True	True
_private.NumStability.Algorithms.TestMatrices.Higham28GinibreParity.0.NumStability.realGinibreExpectedCountClosedForm_add_increment	NumStability.Algorithms.TestMatrices.Higham28GinibreParity	private	True	True	True
_private.NumStability.Algorithms.TestMatrices.Higham28GinibreParity.0.NumStability.ringChoose_succ_mul	NumStability.Algorithms.TestMatrices.Higham28GinibreParity	private	True	True	True
_private.NumStability.Algorithms.TestMatrices.Higham28GinibreParity.0.NumStability.sqrt_two_div_pi_mul_sqrt_pi	NumStability.Algorithms.TestMatrices.Higham28GinibreParity	private	True	True	True
_private.NumStability.Algorithms.TestMatrices.Higham28GinibreParity.0.NumStability.sqrt_two_mul_one_half_rpow_three_halves	NumStability.Algorithms.TestMatrices.Higham28GinibreParity	private	True	True	True
_private.NumStability.Algorithms.TestMatrices.Higham28GinibreParity.0.NumStability.sqrt_two_mul_sqrt_one_half	NumStability.Algorithms.TestMatrices.Higham28GinibreParity	private	True	True	True
_private.NumStability.Algorithms.TestMatrices.Higham28GinibrePlaneChart.0.NumStability.ginibrePlaneRectangularModule	NumStability.Algorithms.TestMatrices.Higham28GinibrePlaneChart	private	True	True	True
_private.NumStability.Algorithms.TestMatrices.Higham28GinibrePlaneSylvester.0.NumStability.ginibrePlaneSylvesterMeasurableSpace	NumStability.Algorithms.TestMatrices.Higham28GinibrePlaneSylvester	private	True	True	True
_private.NumStability.Algorithms.TestMatrices.Higham28GinibreProjectiveIntegral.0.NumStability.euclideanVolume_unitBall_real	NumStability.Algorithms.TestMatrices.Higham28GinibreProjectiveIntegral	private	True	True	True
_private.NumStability.Algorithms.TestMatrices.Higham28GinibreProjectiveIntegral.0.NumStability.ginibreProjectiveConstant	NumStability.Algorithms.TestMatrices.Higham28GinibreProjectiveIntegral	private	True	True	True
_private.NumStability.Algorithms.TestMatrices.Higham28GinibreProjectiveIntegral.0.NumStability.integral_Ioi_betaKernel	NumStability.Algorithms.TestMatrices.Higham28GinibreProjectiveIntegral	private	True	True	True
_private.NumStability.Algorithms.TestMatrices.Higham28GinibreProjectiveIntegral.0.NumStability.integral_betaKernel	NumStability.Algorithms.TestMatrices.Higham28GinibreProjectiveIntegral	private	True	True	True
_private.NumStability.Algorithms.TestMatrices.Higham28GinibreProjectiveIntegral.0.NumStability.integral_ginibreProjectiveWeight_raw	NumStability.Algorithms.TestMatrices.Higham28GinibreProjectiveIntegral	private	True	True	True
_private.NumStability.Algorithms.TestMatrices.Higham28GinibreProjectiveIntegral.0.NumStability.mobius_betaKernel	NumStability.Algorithms.TestMatrices.Higham28GinibreProjectiveIntegral	private	True	True	True
_private.NumStability.Algorithms.TestMatrices.Higham28GinibreProjectiveIntegral.0.NumStability.mobius_hasDerivWithin	NumStability.Algorithms.TestMatrices.Higham28GinibreProjectiveIntegral	private	True	True	True
_private.NumStability.Algorithms.TestMatrices.Higham28GinibreProjectiveIntegral.0.NumStability.mobius_image_Ioo	NumStability.Algorithms.TestMatrices.Higham28GinibreProjectiveIntegral	private	True	True	True
_private.NumStability.Algorithms.TestMatrices.Higham28GinibreProjectiveIntegral.0.NumStability.mobius_injOn	NumStability.Algorithms.TestMatrices.Higham28GinibreProjectiveIntegral	private	True	True	True
_private.NumStability.Algorithms.TestMatrices.Higham28GinibreProjectiveIntegral.0.NumStability.sqrtPi_pow_succ	NumStability.Algorithms.TestMatrices.Higham28GinibreProjectiveIntegral	private	True	True	True
_private.NumStability.Algorithms.TestMatrices.Higham28GinibreRecurrence.0.NumStability.abs_ginibreHypergeometricTelescopeCoefficient_le_two	NumStability.Algorithms.TestMatrices.Higham28GinibreRecurrence	private	True	True	True
_private.NumStability.Algorithms.TestMatrices.Higham28GinibreRecurrence.0.NumStability.hasSum_ginibreHypergeometricTelescopeDifference	NumStability.Algorithms.TestMatrices.Higham28GinibreRecurrence	private	True	True	True
_private.NumStability.Algorithms.TestMatrices.Higham28GinibreRecurrence.0.NumStability.realGinibre_hypergeometric_one_rpow	NumStability.Algorithms.TestMatrices.Higham28GinibreRecurrence	private	True	True	True
_private.NumStability.Algorithms.TestMatrices.Higham28GinibreRecurrence.0.NumStability.summable_ginibreHypergeometricTelescopeTerm	NumStability.Algorithms.TestMatrices.Higham28GinibreRecurrence	private	True	True	True
_private.NumStability.Algorithms.TestMatrices.Higham28GinibreRoots.0.NumStability.card_filter_le_card_filter_of_imp	NumStability.Algorithms.TestMatrices.Higham28GinibreRoots	private	True	True	True
_private.NumStability.Algorithms.TestMatrices.Higham28GinibreSignedExpectation.0.NumStability.ginibreSignedExpectationMeasurableSpace	NumStability.Algorithms.TestMatrices.Higham28GinibreSignedExpectation	private	True	True	True
_private.NumStability.Algorithms.TestMatrices.Higham28GinibreSignedIncidence.0.NumStability.ginibreIncidenceLebesgueMeasure_eq_signedVolume	NumStability.Algorithms.TestMatrices.Higham28GinibreSignedIncidence	private	True	True	True
_private.NumStability.Algorithms.TestMatrices.Higham28GinibreSignedIncidence.0.NumStability.ginibreSignedIncidenceLebesgueHaar	NumStability.Algorithms.TestMatrices.Higham28GinibreSignedIncidence	private	True	True	True
_private.NumStability.Algorithms.TestMatrices.Higham28GinibreSignedIncidence.0.NumStability.ginibreSignedIncidenceMeasurableSpaceRSqMat	NumStability.Algorithms.TestMatrices.Higham28GinibreSignedIncidence	private	True	True	True
_private.NumStability.Algorithms.TestMatrices.Higham28GinibreSignedIncidence.0.NumStability.ginibreSignedIncidenceMeasureSpaceRSqMat	NumStability.Algorithms.TestMatrices.Higham28GinibreSignedIncidence	private	True	True	True
_private.NumStability.Algorithms.TestMatrices.Higham28GinibreSignedIncidence.0.NumStability.ginibreSignedIncidenceSigmaFiniteRSqMat	NumStability.Algorithms.TestMatrices.Higham28GinibreSignedIncidence	private	True	True	True
_private.NumStability.Algorithms.TestMatrices.Higham28GinibreSignedIncidence.0.NumStability.ginibreSignedIncidenceStandardBorelCoordinates	NumStability.Algorithms.TestMatrices.Higham28GinibreSignedIncidence	private	True	True	True
_private.NumStability.Algorithms.TestMatrices.Higham28GinibreSignedIncidence.0.NumStability.ginibreSignedIncidenceStandardBorelNuisance	NumStability.Algorithms.TestMatrices.Higham28GinibreSignedIncidence	private	True	True	True
_private.NumStability.Algorithms.TestMatrices.Higham28GinibreSignedRank.0.NumStability.Polynomial.eval_pos_of_monic_of_roots_eq_zero	NumStability.Algorithms.TestMatrices.Higham28GinibreSignedRank	private	True	True	True
_private.NumStability.Algorithms.TestMatrices.Higham28GinibreSignedRank.0.NumStability.Polynomial.exists_isRoot_of_monic_of_odd_natDegree	NumStability.Algorithms.TestMatrices.Higham28GinibreSignedRank	private	True	True	True
_private.NumStability.Algorithms.TestMatrices.Higham28GinibreSignedRank.0.NumStability.one_eq_rankSign_sub_pairPrefix	NumStability.Algorithms.TestMatrices.Higham28GinibreSignedRank	private	True	True	True
_private.NumStability.Algorithms.TestMatrices.Higham28GinibreSignedRank.0.NumStability.two_mul_alternating_range	NumStability.Algorithms.TestMatrices.Higham28GinibreSignedRank	private	True	True	True
_private.NumStability.Algorithms.TestMatrices.Higham28GinibreTraceDensity.0.NumStability.ginibreLebesgueIsAddRightInvariant	NumStability.Algorithms.TestMatrices.Higham28GinibreTraceDensity	private	True	True	True
_private.NumStability.Algorithms.TestMatrices.Higham28GinibreTraceDensity.0.NumStability.ginibreLebesgueSigmaFinite	NumStability.Algorithms.TestMatrices.Higham28GinibreTraceDensity	private	True	True	True
_private.NumStability.Algorithms.TestMatrices.Higham28GinibreTraceDensity.0.NumStability.instBorelSpaceRSqMat	NumStability.Algorithms.TestMatrices.Higham28GinibreTraceDensity	private	True	True	True
_private.NumStability.Algorithms.TestMatrices.Higham28GinibreTraceDensity.0.NumStability.instMeasurableSpaceRSqMat_4	NumStability.Algorithms.TestMatrices.Higham28GinibreTraceDensity	private	True	True	True
_private.NumStability.Algorithms.TestMatrices.Higham28GinibreTraceDensity.0.NumStability.instOpensMeasurableSpaceRSqMat	NumStability.Algorithms.TestMatrices.Higham28GinibreTraceDensity	private	True	True	True
_private.NumStability.Algorithms.TestMatrices.Higham28GinibreTruncatedIncidence.0.NumStability.ginibreTruncatedMeasurableSpaceRSqMat	NumStability.Algorithms.TestMatrices.Higham28GinibreTruncatedIncidence	private	True	True	True
_private.NumStability.Algorithms.TestMatrices.Higham28GinibreTruncatedIncidence.0.NumStability.ginibreTruncatedMeasureSpaceRSqMat	NumStability.Algorithms.TestMatrices.Higham28GinibreTruncatedIncidence	private	True	True	True
_private.NumStability.Algorithms.TestMatrices.Higham28GinibreTruncatedIncidence.0.NumStability.ginibreTruncatedStandardBorelCoordinates	NumStability.Algorithms.TestMatrices.Higham28GinibreTruncatedIncidence	private	True	True	True
_private.NumStability.Algorithms.TestMatrices.Higham28GinibreTruncatedIncidence.0.NumStability.ginibreTruncatedStandardBorelNuisance	NumStability.Algorithms.TestMatrices.Higham28GinibreTruncatedIncidence	private	True	True	True
_private.NumStability.Algorithms.TestMatrices.Higham28HilbertAsymptotic.0.NumStability.hilbert_det_eq_diag_sq_product	NumStability.Algorithms.TestMatrices.Higham28HilbertAsymptotic	private	True	True	True
_private.NumStability.Algorithms.TestMatrices.Higham28HilbertAsymptotic.0.NumStability.sum_log_hilbertRNat_diag_sq_div_sq_tendsto	NumStability.Algorithms.TestMatrices.Higham28HilbertAsymptotic	private	True	True	True
_private.NumStability.Algorithms.TestMatrices.Higham28HilbertAsymptotic.0.NumStability.sum_range_natCast_div_sq_tendsto_half	NumStability.Algorithms.TestMatrices.Higham28HilbertAsymptotic	private	True	True	True
_private.NumStability.Algorithms.TestMatrices.Higham28HilbertCondition.0.NumStability.hilbertCentralDelannoy_log_rate_succ_div_nat	NumStability.Algorithms.TestMatrices.Higham28HilbertCondition	private	True	True	True
_private.NumStability.Algorithms.TestMatrices.Higham28HilbertCondition.0.NumStability.log_nat_succ_div_nat_tendsto_zero	NumStability.Algorithms.TestMatrices.Higham28HilbertCondition	private	True	True	True
_private.NumStability.Algorithms.TestMatrices.Higham28HilbertCondition.0.NumStability.nat_div_succ_tendsto_one	NumStability.Algorithms.TestMatrices.Higham28HilbertCondition	private	True	True	True
_private.NumStability.Algorithms.TestMatrices.Higham28HilbertCondition.0.NumStability.nat_succ_div_nat_tendsto_one	NumStability.Algorithms.TestMatrices.Higham28HilbertCondition	private	True	True	True
_private.NumStability.Algorithms.TestMatrices.Higham28HilbertCondition.0.NumStability.sqrtTwo_pow_sq	NumStability.Algorithms.TestMatrices.Higham28HilbertCondition	private	True	True	True
_private.NumStability.Algorithms.TestMatrices.Higham28Moments.0.NumStability.circleMap_one_one	NumStability.Algorithms.TestMatrices.Higham28Moments	private	True	True	True
_private.NumStability.Algorithms.TestMatrices.Higham28Moments.0.NumStability.complex_real_innerProduct_smul_eq	NumStability.Algorithms.TestMatrices.Higham28Moments	private	True	True	True
_private.NumStability.Algorithms.TestMatrices.Higham28Moments.0.NumStability.integral_exp_int_mul_I	NumStability.Algorithms.TestMatrices.Higham28Moments	private	True	True	True
_private.NumStability.Algorithms.TestMatrices.Higham28Moments.0.NumStability.integral_exp_nat_sub_mul_I	NumStability.Algorithms.TestMatrices.Higham28Moments	private	True	True	True
_private.NumStability.Algorithms.TestMatrices.Higham28Moments.0.NumStability.pascalMoment_double_sum	NumStability.Algorithms.TestMatrices.Higham28Moments	private	True	True	True
_private.NumStability.Algorithms.TestMatrices.Higham28Moments.0.NumStability.pascalMoment_integral_double_sum	NumStability.Algorithms.TestMatrices.Higham28Moments	private	True	True	True
_private.NumStability.Algorithms.TestMatrices.Higham28Moments.0.NumStability.pascalMoment_integrand_expand	NumStability.Algorithms.TestMatrices.Higham28Moments	private	True	True	True
_private.NumStability.Algorithms.TestMatrices.Higham28Moments.0.NumStability.star_circleMap_one_one	NumStability.Algorithms.TestMatrices.Higham28Moments	private	True	True	True
_private.NumStability.Algorithms.TestMatrices.Higham28Pascal.0.NumStability.pascalAlternatingChooseSum	NumStability.Algorithms.TestMatrices.Higham28Pascal	private	True	True	True
_private.NumStability.Algorithms.TestMatrices.Higham28Pascal.0.NumStability.pascalAlternatingPolynomial	NumStability.Algorithms.TestMatrices.Higham28Pascal	private	True	True	True
_private.NumStability.Algorithms.TestMatrices.Higham28Pascal.0.NumStability.rotatedPascalChooseSum	NumStability.Algorithms.TestMatrices.Higham28Pascal	private	True	True	True
_private.NumStability.Algorithms.TestMatrices.Higham28PascalSpectral.0.NumStability.vecNorm2_module_neg	NumStability.Algorithms.TestMatrices.Higham28PascalSpectral	private	True	True	True
_private.NumStability.Algorithms.TestMatrices.Higham28PascalSpectral.0.NumStability.vecNorm2_module_smul	NumStability.Algorithms.TestMatrices.Higham28PascalSpectral	private	True	True	True
_private.NumStability.Algorithms.TestMatrices.Higham28PascalTotalPositivity.0.NumStability.det_choose_initial_columns_pos	NumStability.Algorithms.TestMatrices.Higham28PascalTotalPositivity	private	True	True	True
_private.NumStability.Algorithms.TestMatrices.Higham28PascalTotalPositivity.0.NumStability.det_eval_descPochhammer_eq_factorial_mul_choose	NumStability.Algorithms.TestMatrices.Higham28PascalTotalPositivity	private	True	True	True
_private.NumStability.Algorithms.TestMatrices.Higham28ReciprocalSPD.0.NumStability.higham28_lowerTriangular_mul_apply_diag	NumStability.Algorithms.TestMatrices.Higham28ReciprocalSPD	private	True	True	True
_private.NumStability.Algorithms.TestMatrices.Higham28Stewart.0.NumStability.householder_mul_apply_rectangular	NumStability.Algorithms.TestMatrices.Higham28Stewart	private	True	True	True
_private.NumStability.Algorithms.TestMatrices.Higham28Stewart.0.NumStability.rectangular_mul_householder_apply	NumStability.Algorithms.TestMatrices.Higham28Stewart	private	True	True	True
_private.NumStability.Algorithms.TestMatrices.Higham28Stewart.0.NumStability.singleHouseholder_product_factorization	NumStability.Algorithms.TestMatrices.Higham28Stewart	private	True	True	True
_private.NumStability.Algorithms.TestMatrices.Higham28ToeplitzSpectrum.0.NumStability.complexSymmetricToeplitz_charpoly	NumStability.Algorithms.TestMatrices.Higham28ToeplitzSpectrum	private	True	True	True
_private.NumStability.Algorithms.TestMatrices.Higham28ToeplitzSpectrum.0.NumStability.complexSymmetricToeplitz_diagonalization	NumStability.Algorithms.TestMatrices.Higham28ToeplitzSpectrum	private	True	True	True
_private.NumStability.Algorithms.TestMatrices.Higham28ToeplitzSpectrum.0.NumStability.complexSymmetricToeplitz_mul_sineMatrix	NumStability.Algorithms.TestMatrices.Higham28ToeplitzSpectrum	private	True	True	True
_private.NumStability.Algorithms.TestMatrices.Higham28ToeplitzSpectrum.0.NumStability.complexSymmetricToeplitz_scaled_sine_eigenpair	NumStability.Algorithms.TestMatrices.Higham28ToeplitzSpectrum	private	True	True	True
_private.NumStability.Algorithms.TestMatrices.Higham28ToeplitzSpectrum.0.NumStability.complexToeplitzScaling	NumStability.Algorithms.TestMatrices.Higham28ToeplitzSpectrum	private	True	True	True
_private.NumStability.Algorithms.TestMatrices.Higham28ToeplitzSpectrum.0.NumStability.complexToeplitzScalingInv	NumStability.Algorithms.TestMatrices.Higham28ToeplitzSpectrum	private	True	True	True
_private.NumStability.Algorithms.TestMatrices.Higham28ToeplitzSpectrum.0.NumStability.complexToeplitzScalingInv_mul	NumStability.Algorithms.TestMatrices.Higham28ToeplitzSpectrum	private	True	True	True
_private.NumStability.Algorithms.TestMatrices.Higham28ToeplitzSpectrum.0.NumStability.complexToeplitzScaling_mul_inv	NumStability.Algorithms.TestMatrices.Higham28ToeplitzSpectrum	private	True	True	True
_private.NumStability.Algorithms.TestMatrices.Higham28ToeplitzSpectrum.0.NumStability.complexToeplitzSineMatrix	NumStability.Algorithms.TestMatrices.Higham28ToeplitzSpectrum	private	True	True	True
_private.NumStability.Algorithms.TestMatrices.Higham28ToeplitzSpectrum.0.NumStability.complexToeplitzSineMatrix_column	NumStability.Algorithms.TestMatrices.Higham28ToeplitzSpectrum	private	True	True	True
_private.NumStability.Algorithms.TestMatrices.Higham28ToeplitzSpectrum.0.NumStability.complexToeplitzSineMatrix_mul_transpose	NumStability.Algorithms.TestMatrices.Higham28ToeplitzSpectrum	private	True	True	True
_private.NumStability.Algorithms.TestMatrices.Higham28ToeplitzSpectrum.0.NumStability.complexToeplitzSineMatrix_transpose_mul	NumStability.Algorithms.TestMatrices.Higham28ToeplitzSpectrum	private	True	True	True
_private.NumStability.Algorithms.TestMatrices.Higham28ToeplitzSpectrum.0.NumStability.complexTridiagonalToeplitz_charpoly_eq_symmetric_of_ne	NumStability.Algorithms.TestMatrices.Higham28ToeplitzSpectrum	private	True	True	True
_private.NumStability.Algorithms.TestMatrices.Higham28ToeplitzSpectrum.0.NumStability.complexTridiagonalToeplitz_charpoly_of_sub_zero	NumStability.Algorithms.TestMatrices.Higham28ToeplitzSpectrum	private	True	True	True
_private.NumStability.Algorithms.TestMatrices.Higham28ToeplitzSpectrum.0.NumStability.complexTridiagonalToeplitz_charpoly_of_super_zero	NumStability.Algorithms.TestMatrices.Higham28ToeplitzSpectrum	private	True	True	True
_private.NumStability.Algorithms.TestMatrices.Higham28ToeplitzSpectrum.0.NumStability.complexTridiagonalToeplitz_mul_scaling	NumStability.Algorithms.TestMatrices.Higham28ToeplitzSpectrum	private	True	True	True
_private.NumStability.Algorithms.TestMatrices.Higham28ToeplitzSpectrum.0.NumStability.complexTridiagonalToeplitz_transpose_upperTriangular_of_super_zero	NumStability.Algorithms.TestMatrices.Higham28ToeplitzSpectrum	private	True	True	True
_private.NumStability.Algorithms.TestMatrices.Higham28ToeplitzSpectrum.0.NumStability.complexTridiagonalToeplitz_upperTriangular_of_sub_zero	NumStability.Algorithms.TestMatrices.Higham28ToeplitzSpectrum	private	True	True	True
